ISO-10303-21;
HEADER;
FILE_DESCRIPTION(('FreeCAD Model'),'2;1');
FILE_NAME('Open CASCADE Shape Model','2025-12-30T10:42:41',('Author'),(
    ''),'Open CASCADE STEP processor 7.8','FreeCAD','Unknown');
FILE_SCHEMA(('AUTOMOTIVE_DESIGN { 1 0 10303 214 1 1 1 1 }'));
ENDSEC;
DATA;
#1 = APPLICATION_PROTOCOL_DEFINITION('international standard',
  'automotive_design',2000,#2);
#2 = APPLICATION_CONTEXT(
  'core data for automotive mechanical design processes');
#3 = SHAPE_DEFINITION_REPRESENTATION(#4,#10);
#4 = PRODUCT_DEFINITION_SHAPE('','',#5);
#5 = PRODUCT_DEFINITION('design','',#6,#9);
#6 = PRODUCT_DEFINITION_FORMATION('','',#7);
#7 = PRODUCT('Fusion','Fusion','',(#8));
#8 = PRODUCT_CONTEXT('',#2,'mechanical');
#9 = PRODUCT_DEFINITION_CONTEXT('part definition',#2,'design');
#10 = ADVANCED_BREP_SHAPE_REPRESENTATION('',(#11,#15),#2265);
#11 = AXIS2_PLACEMENT_3D('',#12,#13,#14);
#12 = CARTESIAN_POINT('',(0.,0.,0.));
#13 = DIRECTION('',(0.,0.,1.));
#14 = DIRECTION('',(1.,0.,-0.));
#15 = MANIFOLD_SOLID_BREP('',#16);
#16 = CLOSED_SHELL('',(#17,#57,#88,#119,#150,#181,#230,#254,#287,#334,
    #351,#382,#406,#437,#461,#478,#509,#533,#550,#882,#906,#937,#961,
    #985,#1016,#1033,#1057,#1074,#1100,#1124,#1157,#1182,#1207,#1232,
    #1257,#1282,#1307,#1332,#1357,#1382,#1407,#1432,#1457,#1482,#1507,
    #1532,#1557,#1582,#1607,#1632,#1657,#1682,#1707,#1732,#1757,#1782,
    #1807,#1832,#1857,#1881,#1921,#1933,#1950,#1967,#1984,#2001,#2010,
    #2019,#2028,#2037,#2046,#2055,#2064,#2073,#2082,#2091,#2100,#2109,
    #2118,#2127,#2136,#2145,#2154,#2163,#2172,#2181,#2190,#2199,#2208,
    #2217,#2226,#2235,#2244,#2253));
#17 = ADVANCED_FACE('',(#18),#52,.F.);
#18 = FACE_BOUND('',#19,.F.);
#19 = EDGE_LOOP('',(#20,#30,#38,#46));
#20 = ORIENTED_EDGE('',*,*,#21,.F.);
#21 = EDGE_CURVE('',#22,#24,#26,.T.);
#22 = VERTEX_POINT('',#23);
#23 = CARTESIAN_POINT('',(-4.63,15.48,0.));
#24 = VERTEX_POINT('',#25);
#25 = CARTESIAN_POINT('',(-4.63,5.3,0.));
#26 = LINE('',#27,#28);
#27 = CARTESIAN_POINT('',(-4.63,15.48,0.));
#28 = VECTOR('',#29,1.);
#29 = DIRECTION('',(0.,-1.,0.));
#30 = ORIENTED_EDGE('',*,*,#31,.T.);
#31 = EDGE_CURVE('',#22,#32,#34,.T.);
#32 = VERTEX_POINT('',#33);
#33 = CARTESIAN_POINT('',(-4.63,15.48,0.3));
#34 = LINE('',#35,#36);
#35 = CARTESIAN_POINT('',(-4.63,15.48,0.));
#36 = VECTOR('',#37,1.);
#37 = DIRECTION('',(0.,0.,1.));
#38 = ORIENTED_EDGE('',*,*,#39,.F.);
#39 = EDGE_CURVE('',#40,#32,#42,.T.);
#40 = VERTEX_POINT('',#41);
#41 = CARTESIAN_POINT('',(-4.63,5.3,0.3));
#42 = LINE('',#43,#44);
#43 = CARTESIAN_POINT('',(-4.63,5.3,0.3));
#44 = VECTOR('',#45,1.);
#45 = DIRECTION('',(0.,1.,0.));
#46 = ORIENTED_EDGE('',*,*,#47,.F.);
#47 = EDGE_CURVE('',#24,#40,#48,.T.);
#48 = LINE('',#49,#50);
#49 = CARTESIAN_POINT('',(-4.63,5.3,0.));
#50 = VECTOR('',#51,1.);
#51 = DIRECTION('',(0.,0.,1.));
#52 = PLANE('',#53);
#53 = AXIS2_PLACEMENT_3D('',#54,#55,#56);
#54 = CARTESIAN_POINT('',(-4.63,15.48,0.));
#55 = DIRECTION('',(1.,0.,0.));
#56 = DIRECTION('',(0.,-1.,0.));
#57 = ADVANCED_FACE('',(#58),#83,.F.);
#58 = FACE_BOUND('',#59,.F.);
#59 = EDGE_LOOP('',(#60,#61,#69,#77));
#60 = ORIENTED_EDGE('',*,*,#21,.T.);
#61 = ORIENTED_EDGE('',*,*,#62,.T.);
#62 = EDGE_CURVE('',#24,#63,#65,.T.);
#63 = VERTEX_POINT('',#64);
#64 = CARTESIAN_POINT('',(-4.63,5.3,-1.35));
#65 = LINE('',#66,#67);
#66 = CARTESIAN_POINT('',(-4.63,5.3,0.3));
#67 = VECTOR('',#68,1.);
#68 = DIRECTION('',(0.,0.,-1.));
#69 = ORIENTED_EDGE('',*,*,#70,.T.);
#70 = EDGE_CURVE('',#63,#71,#73,.T.);
#71 = VERTEX_POINT('',#72);
#72 = CARTESIAN_POINT('',(-4.63,15.48,-1.35));
#73 = LINE('',#74,#75);
#74 = CARTESIAN_POINT('',(-4.63,5.3,-1.35));
#75 = VECTOR('',#76,1.);
#76 = DIRECTION('',(0.,1.,0.));
#77 = ORIENTED_EDGE('',*,*,#78,.F.);
#78 = EDGE_CURVE('',#22,#71,#79,.T.);
#79 = LINE('',#80,#81);
#80 = CARTESIAN_POINT('',(-4.63,15.48,0.3));
#81 = VECTOR('',#82,1.);
#82 = DIRECTION('',(0.,0.,-1.));
#83 = PLANE('',#84);
#84 = AXIS2_PLACEMENT_3D('',#85,#86,#87);
#85 = CARTESIAN_POINT('',(-4.63,5.3,0.3));
#86 = DIRECTION('',(1.,0.,0.));
#87 = DIRECTION('',(0.,1.,0.));
#88 = ADVANCED_FACE('',(#89),#114,.F.);
#89 = FACE_BOUND('',#90,.F.);
#90 = EDGE_LOOP('',(#91,#99,#100,#108));
#91 = ORIENTED_EDGE('',*,*,#92,.F.);
#92 = EDGE_CURVE('',#24,#93,#95,.T.);
#93 = VERTEX_POINT('',#94);
#94 = CARTESIAN_POINT('',(-3.735,5.3,0.));
#95 = LINE('',#96,#97);
#96 = CARTESIAN_POINT('',(-4.63,5.3,0.));
#97 = VECTOR('',#98,1.);
#98 = DIRECTION('',(1.,0.,0.));
#99 = ORIENTED_EDGE('',*,*,#47,.T.);
#100 = ORIENTED_EDGE('',*,*,#101,.F.);
#101 = EDGE_CURVE('',#102,#40,#104,.T.);
#102 = VERTEX_POINT('',#103);
#103 = CARTESIAN_POINT('',(-3.735,5.3,0.3));
#104 = LINE('',#105,#106);
#105 = CARTESIAN_POINT('',(4.63,5.3,0.3));
#106 = VECTOR('',#107,1.);
#107 = DIRECTION('',(-1.,0.,0.));
#108 = ORIENTED_EDGE('',*,*,#109,.F.);
#109 = EDGE_CURVE('',#93,#102,#110,.T.);
#110 = LINE('',#111,#112);
#111 = CARTESIAN_POINT('',(-3.735,5.3,0.));
#112 = VECTOR('',#113,1.);
#113 = DIRECTION('',(0.,0.,1.));
#114 = PLANE('',#115);
#115 = AXIS2_PLACEMENT_3D('',#116,#117,#118);
#116 = CARTESIAN_POINT('',(-4.63,5.3,0.));
#117 = DIRECTION('',(0.,1.,0.));
#118 = DIRECTION('',(1.,0.,0.));
#119 = ADVANCED_FACE('',(#120),#145,.F.);
#120 = FACE_BOUND('',#121,.F.);
#121 = EDGE_LOOP('',(#122,#123,#131,#139));
#122 = ORIENTED_EDGE('',*,*,#39,.T.);
#123 = ORIENTED_EDGE('',*,*,#124,.T.);
#124 = EDGE_CURVE('',#32,#125,#127,.T.);
#125 = VERTEX_POINT('',#126);
#126 = CARTESIAN_POINT('',(-4.63,15.48,39.));
#127 = LINE('',#128,#129);
#128 = CARTESIAN_POINT('',(-4.63,15.48,0.));
#129 = VECTOR('',#130,1.);
#130 = DIRECTION('',(0.,0.,1.));
#131 = ORIENTED_EDGE('',*,*,#132,.T.);
#132 = EDGE_CURVE('',#125,#133,#135,.T.);
#133 = VERTEX_POINT('',#134);
#134 = CARTESIAN_POINT('',(-4.63,5.3,39.));
#135 = LINE('',#136,#137);
#136 = CARTESIAN_POINT('',(-4.63,15.48,39.));
#137 = VECTOR('',#138,1.);
#138 = DIRECTION('',(0.,-1.,0.));
#139 = ORIENTED_EDGE('',*,*,#140,.F.);
#140 = EDGE_CURVE('',#40,#133,#141,.T.);
#141 = LINE('',#142,#143);
#142 = CARTESIAN_POINT('',(-4.63,5.3,0.));
#143 = VECTOR('',#144,1.);
#144 = DIRECTION('',(0.,0.,1.));
#145 = PLANE('',#146);
#146 = AXIS2_PLACEMENT_3D('',#147,#148,#149);
#147 = CARTESIAN_POINT('',(-4.63,15.48,0.));
#148 = DIRECTION('',(1.,0.,0.));
#149 = DIRECTION('',(0.,-1.,0.));
#150 = ADVANCED_FACE('',(#151),#176,.T.);
#151 = FACE_BOUND('',#152,.T.);
#152 = EDGE_LOOP('',(#153,#161,#162,#170));
#153 = ORIENTED_EDGE('',*,*,#154,.F.);
#154 = EDGE_CURVE('',#22,#155,#157,.T.);
#155 = VERTEX_POINT('',#156);
#156 = CARTESIAN_POINT('',(-1.17,15.48,0.));
#157 = LINE('',#158,#159);
#158 = CARTESIAN_POINT('',(-4.63,15.48,0.));
#159 = VECTOR('',#160,1.);
#160 = DIRECTION('',(1.,0.,0.));
#161 = ORIENTED_EDGE('',*,*,#31,.T.);
#162 = ORIENTED_EDGE('',*,*,#163,.T.);
#163 = EDGE_CURVE('',#32,#164,#166,.T.);
#164 = VERTEX_POINT('',#165);
#165 = CARTESIAN_POINT('',(-1.17,15.48,0.3));
#166 = LINE('',#167,#168);
#167 = CARTESIAN_POINT('',(-4.63,15.48,0.3));
#168 = VECTOR('',#169,1.);
#169 = DIRECTION('',(1.,0.,0.));
#170 = ORIENTED_EDGE('',*,*,#171,.F.);
#171 = EDGE_CURVE('',#155,#164,#172,.T.);
#172 = LINE('',#173,#174);
#173 = CARTESIAN_POINT('',(-1.17,15.48,0.));
#174 = VECTOR('',#175,1.);
#175 = DIRECTION('',(0.,0.,1.));
#176 = PLANE('',#177);
#177 = AXIS2_PLACEMENT_3D('',#178,#179,#180);
#178 = CARTESIAN_POINT('',(-4.63,15.48,0.));
#179 = DIRECTION('',(0.,1.,0.));
#180 = DIRECTION('',(1.,0.,0.));
#181 = ADVANCED_FACE('',(#182),#225,.F.);
#182 = FACE_BOUND('',#183,.F.);
#183 = EDGE_LOOP('',(#184,#185,#186,#194,#202,#210,#218,#224));
#184 = ORIENTED_EDGE('',*,*,#154,.F.);
#185 = ORIENTED_EDGE('',*,*,#78,.T.);
#186 = ORIENTED_EDGE('',*,*,#187,.T.);
#187 = EDGE_CURVE('',#71,#188,#190,.T.);
#188 = VERTEX_POINT('',#189);
#189 = CARTESIAN_POINT('',(4.63,15.48,-1.35));
#190 = LINE('',#191,#192);
#191 = CARTESIAN_POINT('',(-4.63,15.48,-1.35));
#192 = VECTOR('',#193,1.);
#193 = DIRECTION('',(1.,0.,0.));
#194 = ORIENTED_EDGE('',*,*,#195,.F.);
#195 = EDGE_CURVE('',#196,#188,#198,.T.);
#196 = VERTEX_POINT('',#197);
#197 = CARTESIAN_POINT('',(4.63,15.48,0.));
#198 = LINE('',#199,#200);
#199 = CARTESIAN_POINT('',(4.63,15.48,0.3));
#200 = VECTOR('',#201,1.);
#201 = DIRECTION('',(0.,0.,-1.));
#202 = ORIENTED_EDGE('',*,*,#203,.T.);
#203 = EDGE_CURVE('',#196,#204,#206,.T.);
#204 = VERTEX_POINT('',#205);
#205 = CARTESIAN_POINT('',(1.17,15.48,0.));
#206 = LINE('',#207,#208);
#207 = CARTESIAN_POINT('',(4.63,15.48,0.));
#208 = VECTOR('',#209,1.);
#209 = DIRECTION('',(-1.,0.,0.));
#210 = ORIENTED_EDGE('',*,*,#211,.T.);
#211 = EDGE_CURVE('',#204,#212,#214,.T.);
#212 = VERTEX_POINT('',#213);
#213 = CARTESIAN_POINT('',(1.17,15.48,0.3));
#214 = LINE('',#215,#216);
#215 = CARTESIAN_POINT('',(1.17,15.48,0.));
#216 = VECTOR('',#217,1.);
#217 = DIRECTION('',(0.,0.,1.));
#218 = ORIENTED_EDGE('',*,*,#219,.F.);
#219 = EDGE_CURVE('',#164,#212,#220,.T.);
#220 = LINE('',#221,#222);
#221 = CARTESIAN_POINT('',(-4.63,15.48,0.3));
#222 = VECTOR('',#223,1.);
#223 = DIRECTION('',(1.,0.,0.));
#224 = ORIENTED_EDGE('',*,*,#171,.F.);
#225 = PLANE('',#226);
#226 = AXIS2_PLACEMENT_3D('',#227,#228,#229);
#227 = CARTESIAN_POINT('',(-4.63,15.48,0.3));
#228 = DIRECTION('',(0.,-1.,0.));
#229 = DIRECTION('',(1.,0.,0.));
#230 = ADVANCED_FACE('',(#231),#249,.F.);
#231 = FACE_BOUND('',#232,.T.);
#232 = EDGE_LOOP('',(#233,#234,#235,#243));
#233 = ORIENTED_EDGE('',*,*,#70,.T.);
#234 = ORIENTED_EDGE('',*,*,#187,.T.);
#235 = ORIENTED_EDGE('',*,*,#236,.T.);
#236 = EDGE_CURVE('',#188,#237,#239,.T.);
#237 = VERTEX_POINT('',#238);
#238 = CARTESIAN_POINT('',(4.63,5.3,-1.35));
#239 = LINE('',#240,#241);
#240 = CARTESIAN_POINT('',(4.63,15.48,-1.35));
#241 = VECTOR('',#242,1.);
#242 = DIRECTION('',(0.,-1.,0.));
#243 = ORIENTED_EDGE('',*,*,#244,.T.);
#244 = EDGE_CURVE('',#237,#63,#245,.T.);
#245 = LINE('',#246,#247);
#246 = CARTESIAN_POINT('',(4.63,5.3,-1.35));
#247 = VECTOR('',#248,1.);
#248 = DIRECTION('',(-1.,0.,0.));
#249 = PLANE('',#250);
#250 = AXIS2_PLACEMENT_3D('',#251,#252,#253);
#251 = CARTESIAN_POINT('',(0.,10.39,-1.35));
#252 = DIRECTION('',(0.,0.,1.));
#253 = DIRECTION('',(1.,0.,0.));
#254 = ADVANCED_FACE('',(#255),#282,.F.);
#255 = FACE_BOUND('',#256,.F.);
#256 = EDGE_LOOP('',(#257,#267,#273,#274,#275,#276));
#257 = ORIENTED_EDGE('',*,*,#258,.F.);
#258 = EDGE_CURVE('',#259,#261,#263,.T.);
#259 = VERTEX_POINT('',#260);
#260 = CARTESIAN_POINT('',(4.63,5.3,0.));
#261 = VERTEX_POINT('',#262);
#262 = CARTESIAN_POINT('',(3.735,5.3,0.));
#263 = LINE('',#264,#265);
#264 = CARTESIAN_POINT('',(4.63,5.3,0.));
#265 = VECTOR('',#266,1.);
#266 = DIRECTION('',(-1.,0.,0.));
#267 = ORIENTED_EDGE('',*,*,#268,.T.);
#268 = EDGE_CURVE('',#259,#237,#269,.T.);
#269 = LINE('',#270,#271);
#270 = CARTESIAN_POINT('',(4.63,5.3,0.3));
#271 = VECTOR('',#272,1.);
#272 = DIRECTION('',(0.,0.,-1.));
#273 = ORIENTED_EDGE('',*,*,#244,.T.);
#274 = ORIENTED_EDGE('',*,*,#62,.F.);
#275 = ORIENTED_EDGE('',*,*,#92,.T.);
#276 = ORIENTED_EDGE('',*,*,#277,.F.);
#277 = EDGE_CURVE('',#261,#93,#278,.T.);
#278 = LINE('',#279,#280);
#279 = CARTESIAN_POINT('',(2.315,5.3,0.));
#280 = VECTOR('',#281,1.);
#281 = DIRECTION('',(-1.,0.,0.));
#282 = PLANE('',#283);
#283 = AXIS2_PLACEMENT_3D('',#284,#285,#286);
#284 = CARTESIAN_POINT('',(4.63,5.3,0.3));
#285 = DIRECTION('',(0.,1.,0.));
#286 = DIRECTION('',(-1.,0.,0.));
#287 = ADVANCED_FACE('',(#288),#329,.F.);
#288 = FACE_BOUND('',#289,.F.);
#289 = EDGE_LOOP('',(#290,#291,#299,#307,#315,#323));
#290 = ORIENTED_EDGE('',*,*,#109,.T.);
#291 = ORIENTED_EDGE('',*,*,#292,.T.);
#292 = EDGE_CURVE('',#102,#293,#295,.T.);
#293 = VERTEX_POINT('',#294);
#294 = CARTESIAN_POINT('',(-3.735,5.3,39.));
#295 = LINE('',#296,#297);
#296 = CARTESIAN_POINT('',(-3.735,5.3,0.));
#297 = VECTOR('',#298,1.);
#298 = DIRECTION('',(0.,0.,1.));
#299 = ORIENTED_EDGE('',*,*,#300,.T.);
#300 = EDGE_CURVE('',#293,#301,#303,.T.);
#301 = VERTEX_POINT('',#302);
#302 = CARTESIAN_POINT('',(-3.735,5.3,39.3));
#303 = LINE('',#304,#305);
#304 = CARTESIAN_POINT('',(-3.735,5.3,0.));
#305 = VECTOR('',#306,1.);
#306 = DIRECTION('',(0.,0.,1.));
#307 = ORIENTED_EDGE('',*,*,#308,.T.);
#308 = EDGE_CURVE('',#301,#309,#311,.T.);
#309 = VERTEX_POINT('',#310);
#310 = CARTESIAN_POINT('',(-3.735,0.,39.3));
#311 = LINE('',#312,#313);
#312 = CARTESIAN_POINT('',(-3.735,5.3,39.3));
#313 = VECTOR('',#314,1.);
#314 = DIRECTION('',(0.,-1.,0.));
#315 = ORIENTED_EDGE('',*,*,#316,.F.);
#316 = EDGE_CURVE('',#317,#309,#319,.T.);
#317 = VERTEX_POINT('',#318);
#318 = CARTESIAN_POINT('',(-3.735,0.,0.));
#319 = LINE('',#320,#321);
#320 = CARTESIAN_POINT('',(-3.735,0.,0.));
#321 = VECTOR('',#322,1.);
#322 = DIRECTION('',(0.,0.,1.));
#323 = ORIENTED_EDGE('',*,*,#324,.F.);
#324 = EDGE_CURVE('',#93,#317,#325,.T.);
#325 = LINE('',#326,#327);
#326 = CARTESIAN_POINT('',(-3.735,5.3,0.));
#327 = VECTOR('',#328,1.);
#328 = DIRECTION('',(0.,-1.,0.));
#329 = PLANE('',#330);
#330 = AXIS2_PLACEMENT_3D('',#331,#332,#333);
#331 = CARTESIAN_POINT('',(-3.735,5.3,0.));
#332 = DIRECTION('',(1.,0.,0.));
#333 = DIRECTION('',(0.,-1.,0.));
#334 = ADVANCED_FACE('',(#335),#346,.F.);
#335 = FACE_BOUND('',#336,.F.);
#336 = EDGE_LOOP('',(#337,#338,#339,#345));
#337 = ORIENTED_EDGE('',*,*,#101,.T.);
#338 = ORIENTED_EDGE('',*,*,#140,.T.);
#339 = ORIENTED_EDGE('',*,*,#340,.T.);
#340 = EDGE_CURVE('',#133,#293,#341,.T.);
#341 = LINE('',#342,#343);
#342 = CARTESIAN_POINT('',(-4.63,5.3,39.));
#343 = VECTOR('',#344,1.);
#344 = DIRECTION('',(1.,0.,0.));
#345 = ORIENTED_EDGE('',*,*,#292,.F.);
#346 = PLANE('',#347);
#347 = AXIS2_PLACEMENT_3D('',#348,#349,#350);
#348 = CARTESIAN_POINT('',(-4.63,5.3,0.));
#349 = DIRECTION('',(0.,1.,0.));
#350 = DIRECTION('',(1.,0.,0.));
#351 = ADVANCED_FACE('',(#352),#377,.F.);
#352 = FACE_BOUND('',#353,.F.);
#353 = EDGE_LOOP('',(#354,#355,#363,#371));
#354 = ORIENTED_EDGE('',*,*,#132,.F.);
#355 = ORIENTED_EDGE('',*,*,#356,.T.);
#356 = EDGE_CURVE('',#125,#357,#359,.T.);
#357 = VERTEX_POINT('',#358);
#358 = CARTESIAN_POINT('',(-4.63,15.48,39.3));
#359 = LINE('',#360,#361);
#360 = CARTESIAN_POINT('',(-4.63,15.48,0.));
#361 = VECTOR('',#362,1.);
#362 = DIRECTION('',(0.,0.,1.));
#363 = ORIENTED_EDGE('',*,*,#364,.T.);
#364 = EDGE_CURVE('',#357,#365,#367,.T.);
#365 = VERTEX_POINT('',#366);
#366 = CARTESIAN_POINT('',(-4.63,5.3,39.3));
#367 = LINE('',#368,#369);
#368 = CARTESIAN_POINT('',(-4.63,15.48,39.3));
#369 = VECTOR('',#370,1.);
#370 = DIRECTION('',(0.,-1.,0.));
#371 = ORIENTED_EDGE('',*,*,#372,.F.);
#372 = EDGE_CURVE('',#133,#365,#373,.T.);
#373 = LINE('',#374,#375);
#374 = CARTESIAN_POINT('',(-4.63,5.3,0.));
#375 = VECTOR('',#376,1.);
#376 = DIRECTION('',(0.,0.,1.));
#377 = PLANE('',#378);
#378 = AXIS2_PLACEMENT_3D('',#379,#380,#381);
#379 = CARTESIAN_POINT('',(-4.63,15.48,0.));
#380 = DIRECTION('',(1.,0.,0.));
#381 = DIRECTION('',(0.,-1.,0.));
#382 = ADVANCED_FACE('',(#383),#401,.T.);
#383 = FACE_BOUND('',#384,.T.);
#384 = EDGE_LOOP('',(#385,#386,#387,#395));
#385 = ORIENTED_EDGE('',*,*,#163,.F.);
#386 = ORIENTED_EDGE('',*,*,#124,.T.);
#387 = ORIENTED_EDGE('',*,*,#388,.F.);
#388 = EDGE_CURVE('',#389,#125,#391,.T.);
#389 = VERTEX_POINT('',#390);
#390 = CARTESIAN_POINT('',(-1.17,15.48,39.));
#391 = LINE('',#392,#393);
#392 = CARTESIAN_POINT('',(4.63,15.48,39.));
#393 = VECTOR('',#394,1.);
#394 = DIRECTION('',(-1.,0.,0.));
#395 = ORIENTED_EDGE('',*,*,#396,.F.);
#396 = EDGE_CURVE('',#164,#389,#397,.T.);
#397 = LINE('',#398,#399);
#398 = CARTESIAN_POINT('',(-1.17,15.48,0.));
#399 = VECTOR('',#400,1.);
#400 = DIRECTION('',(0.,0.,1.));
#401 = PLANE('',#402);
#402 = AXIS2_PLACEMENT_3D('',#403,#404,#405);
#403 = CARTESIAN_POINT('',(-4.63,15.48,0.));
#404 = DIRECTION('',(0.,1.,0.));
#405 = DIRECTION('',(1.,0.,0.));
#406 = ADVANCED_FACE('',(#407),#432,.T.);
#407 = FACE_BOUND('',#408,.T.);
#408 = EDGE_LOOP('',(#409,#410,#418,#426));
#409 = ORIENTED_EDGE('',*,*,#219,.F.);
#410 = ORIENTED_EDGE('',*,*,#411,.T.);
#411 = EDGE_CURVE('',#164,#412,#414,.T.);
#412 = VERTEX_POINT('',#413);
#413 = CARTESIAN_POINT('',(-1.17,8.6,0.3));
#414 = LINE('',#415,#416);
#415 = CARTESIAN_POINT('',(-1.17,12.935,0.3));
#416 = VECTOR('',#417,1.);
#417 = DIRECTION('',(0.,-1.,0.));
#418 = ORIENTED_EDGE('',*,*,#419,.T.);
#419 = EDGE_CURVE('',#412,#420,#422,.T.);
#420 = VERTEX_POINT('',#421);
#421 = CARTESIAN_POINT('',(1.17,8.6,0.3));
#422 = LINE('',#423,#424);
#423 = CARTESIAN_POINT('',(-0.585,8.6,0.3));
#424 = VECTOR('',#425,1.);
#425 = DIRECTION('',(1.,0.,0.));
#426 = ORIENTED_EDGE('',*,*,#427,.F.);
#427 = EDGE_CURVE('',#212,#420,#428,.T.);
#428 = LINE('',#429,#430);
#429 = CARTESIAN_POINT('',(1.17,12.935,0.3));
#430 = VECTOR('',#431,1.);
#431 = DIRECTION('',(0.,-1.,0.));
#432 = PLANE('',#433);
#433 = AXIS2_PLACEMENT_3D('',#434,#435,#436);
#434 = CARTESIAN_POINT('',(0.,10.39,0.3));
#435 = DIRECTION('',(0.,0.,1.));
#436 = DIRECTION('',(1.,0.,0.));
#437 = ADVANCED_FACE('',(#438),#456,.F.);
#438 = FACE_BOUND('',#439,.F.);
#439 = EDGE_LOOP('',(#440,#441,#449,#455));
#440 = ORIENTED_EDGE('',*,*,#203,.F.);
#441 = ORIENTED_EDGE('',*,*,#442,.T.);
#442 = EDGE_CURVE('',#196,#443,#445,.T.);
#443 = VERTEX_POINT('',#444);
#444 = CARTESIAN_POINT('',(4.63,15.48,0.3));
#445 = LINE('',#446,#447);
#446 = CARTESIAN_POINT('',(4.63,15.48,0.));
#447 = VECTOR('',#448,1.);
#448 = DIRECTION('',(0.,0.,1.));
#449 = ORIENTED_EDGE('',*,*,#450,.F.);
#450 = EDGE_CURVE('',#212,#443,#451,.T.);
#451 = LINE('',#452,#453);
#452 = CARTESIAN_POINT('',(-4.63,15.48,0.3));
#453 = VECTOR('',#454,1.);
#454 = DIRECTION('',(1.,0.,0.));
#455 = ORIENTED_EDGE('',*,*,#211,.F.);
#456 = PLANE('',#457);
#457 = AXIS2_PLACEMENT_3D('',#458,#459,#460);
#458 = CARTESIAN_POINT('',(4.63,15.48,0.));
#459 = DIRECTION('',(0.,-1.,0.));
#460 = DIRECTION('',(-1.,0.,0.));
#461 = ADVANCED_FACE('',(#462),#473,.F.);
#462 = FACE_BOUND('',#463,.F.);
#463 = EDGE_LOOP('',(#464,#470,#471,#472));
#464 = ORIENTED_EDGE('',*,*,#465,.T.);
#465 = EDGE_CURVE('',#259,#196,#466,.T.);
#466 = LINE('',#467,#468);
#467 = CARTESIAN_POINT('',(4.63,5.3,0.));
#468 = VECTOR('',#469,1.);
#469 = DIRECTION('',(0.,1.,0.));
#470 = ORIENTED_EDGE('',*,*,#195,.T.);
#471 = ORIENTED_EDGE('',*,*,#236,.T.);
#472 = ORIENTED_EDGE('',*,*,#268,.F.);
#473 = PLANE('',#474);
#474 = AXIS2_PLACEMENT_3D('',#475,#476,#477);
#475 = CARTESIAN_POINT('',(4.63,15.48,0.3));
#476 = DIRECTION('',(-1.,-0.,-0.));
#477 = DIRECTION('',(0.,-1.,0.));
#478 = ADVANCED_FACE('',(#479),#504,.T.);
#479 = FACE_BOUND('',#480,.T.);
#480 = EDGE_LOOP('',(#481,#482,#490,#498));
#481 = ORIENTED_EDGE('',*,*,#258,.F.);
#482 = ORIENTED_EDGE('',*,*,#483,.T.);
#483 = EDGE_CURVE('',#259,#484,#486,.T.);
#484 = VERTEX_POINT('',#485);
#485 = CARTESIAN_POINT('',(4.63,5.3,0.3));
#486 = LINE('',#487,#488);
#487 = CARTESIAN_POINT('',(4.63,5.3,0.));
#488 = VECTOR('',#489,1.);
#489 = DIRECTION('',(0.,0.,1.));
#490 = ORIENTED_EDGE('',*,*,#491,.T.);
#491 = EDGE_CURVE('',#484,#492,#494,.T.);
#492 = VERTEX_POINT('',#493);
#493 = CARTESIAN_POINT('',(3.735,5.3,0.3));
#494 = LINE('',#495,#496);
#495 = CARTESIAN_POINT('',(4.63,5.3,0.3));
#496 = VECTOR('',#497,1.);
#497 = DIRECTION('',(-1.,0.,0.));
#498 = ORIENTED_EDGE('',*,*,#499,.F.);
#499 = EDGE_CURVE('',#261,#492,#500,.T.);
#500 = LINE('',#501,#502);
#501 = CARTESIAN_POINT('',(3.735,5.3,0.));
#502 = VECTOR('',#503,1.);
#503 = DIRECTION('',(0.,0.,1.));
#504 = PLANE('',#505);
#505 = AXIS2_PLACEMENT_3D('',#506,#507,#508);
#506 = CARTESIAN_POINT('',(4.63,5.3,0.));
#507 = DIRECTION('',(0.,-1.,0.));
#508 = DIRECTION('',(-1.,0.,0.));
#509 = ADVANCED_FACE('',(#510),#528,.F.);
#510 = FACE_BOUND('',#511,.F.);
#511 = EDGE_LOOP('',(#512,#513,#514,#522));
#512 = ORIENTED_EDGE('',*,*,#277,.T.);
#513 = ORIENTED_EDGE('',*,*,#324,.T.);
#514 = ORIENTED_EDGE('',*,*,#515,.T.);
#515 = EDGE_CURVE('',#317,#516,#518,.T.);
#516 = VERTEX_POINT('',#517);
#517 = CARTESIAN_POINT('',(3.735,0.,0.));
#518 = LINE('',#519,#520);
#519 = CARTESIAN_POINT('',(-3.735,0.,0.));
#520 = VECTOR('',#521,1.);
#521 = DIRECTION('',(1.,0.,0.));
#522 = ORIENTED_EDGE('',*,*,#523,.T.);
#523 = EDGE_CURVE('',#516,#261,#524,.T.);
#524 = LINE('',#525,#526);
#525 = CARTESIAN_POINT('',(3.735,0.,0.));
#526 = VECTOR('',#527,1.);
#527 = DIRECTION('',(0.,1.,0.));
#528 = PLANE('',#529);
#529 = AXIS2_PLACEMENT_3D('',#530,#531,#532);
#530 = CARTESIAN_POINT('',(9.831196929002E-17,8.57105313093,0.));
#531 = DIRECTION('',(0.,0.,1.));
#532 = DIRECTION('',(1.,0.,0.));
#533 = ADVANCED_FACE('',(#534),#545,.F.);
#534 = FACE_BOUND('',#535,.F.);
#535 = EDGE_LOOP('',(#536,#537,#538,#544));
#536 = ORIENTED_EDGE('',*,*,#340,.F.);
#537 = ORIENTED_EDGE('',*,*,#372,.T.);
#538 = ORIENTED_EDGE('',*,*,#539,.T.);
#539 = EDGE_CURVE('',#365,#301,#540,.T.);
#540 = LINE('',#541,#542);
#541 = CARTESIAN_POINT('',(-4.63,5.3,39.3));
#542 = VECTOR('',#543,1.);
#543 = DIRECTION('',(1.,0.,0.));
#544 = ORIENTED_EDGE('',*,*,#300,.F.);
#545 = PLANE('',#546);
#546 = AXIS2_PLACEMENT_3D('',#547,#548,#549);
#547 = CARTESIAN_POINT('',(-4.63,5.3,0.));
#548 = DIRECTION('',(0.,1.,0.));
#549 = DIRECTION('',(1.,0.,0.));
#550 = ADVANCED_FACE('',(#551,#569,#580,#591,#602,#613,#624,#635,#646,
    #657,#668,#679,#690,#701,#712,#723,#734,#745,#756,#767,#778,#789,
    #800,#811,#822,#833,#844,#855,#866),#877,.F.);
#551 = FACE_BOUND('',#552,.F.);
#552 = EDGE_LOOP('',(#553,#554,#562,#568));
#553 = ORIENTED_EDGE('',*,*,#316,.T.);
#554 = ORIENTED_EDGE('',*,*,#555,.T.);
#555 = EDGE_CURVE('',#309,#556,#558,.T.);
#556 = VERTEX_POINT('',#557);
#557 = CARTESIAN_POINT('',(3.735,0.,39.3));
#558 = LINE('',#559,#560);
#559 = CARTESIAN_POINT('',(-3.735,0.,39.3));
#560 = VECTOR('',#561,1.);
#561 = DIRECTION('',(1.,0.,0.));
#562 = ORIENTED_EDGE('',*,*,#563,.F.);
#563 = EDGE_CURVE('',#516,#556,#564,.T.);
#564 = LINE('',#565,#566);
#565 = CARTESIAN_POINT('',(3.735,0.,0.));
#566 = VECTOR('',#567,1.);
#567 = DIRECTION('',(0.,0.,1.));
#568 = ORIENTED_EDGE('',*,*,#515,.F.);
#569 = FACE_BOUND('',#570,.F.);
#570 = EDGE_LOOP('',(#571));
#571 = ORIENTED_EDGE('',*,*,#572,.T.);
#572 = EDGE_CURVE('',#573,#573,#575,.T.);
#573 = VERTEX_POINT('',#574);
#574 = CARTESIAN_POINT('',(-2.24,8.029132914108E-15,36.160000000086));
#575 = CIRCLE('',#576,0.3);
#576 = AXIS2_PLACEMENT_3D('',#577,#578,#579);
#577 = CARTESIAN_POINT('',(-2.54,8.029132914108E-15,36.160000000086));
#578 = DIRECTION('',(0.,-1.,2.22044604925E-16));
#579 = DIRECTION('',(1.,0.,0.));
#580 = FACE_BOUND('',#581,.F.);
#581 = EDGE_LOOP('',(#582));
#582 = ORIENTED_EDGE('',*,*,#583,.T.);
#583 = EDGE_CURVE('',#584,#584,#586,.T.);
#584 = VERTEX_POINT('',#585);
#585 = CARTESIAN_POINT('',(-2.24,7.465139617599E-15,33.620000000086));
#586 = CIRCLE('',#587,0.3);
#587 = AXIS2_PLACEMENT_3D('',#588,#589,#590);
#588 = CARTESIAN_POINT('',(-2.54,7.465139617599E-15,33.620000000086));
#589 = DIRECTION('',(0.,-1.,2.22044604925E-16));
#590 = DIRECTION('',(1.,0.,0.));
#591 = FACE_BOUND('',#592,.F.);
#592 = EDGE_LOOP('',(#593));
#593 = ORIENTED_EDGE('',*,*,#594,.T.);
#594 = EDGE_CURVE('',#595,#595,#597,.T.);
#595 = VERTEX_POINT('',#596);
#596 = CARTESIAN_POINT('',(-2.24,6.901146321083E-15,31.080000000061));
#597 = CIRCLE('',#598,0.3);
#598 = AXIS2_PLACEMENT_3D('',#599,#600,#601);
#599 = CARTESIAN_POINT('',(-2.54,6.901146321083E-15,31.080000000061));
#600 = DIRECTION('',(0.,-1.,2.22044604925E-16));
#601 = DIRECTION('',(1.,0.,0.));
#602 = FACE_BOUND('',#603,.F.);
#603 = EDGE_LOOP('',(#604));
#604 = ORIENTED_EDGE('',*,*,#605,.T.);
#605 = EDGE_CURVE('',#606,#606,#608,.T.);
#606 = VERTEX_POINT('',#607);
#607 = CARTESIAN_POINT('',(-2.24,6.337153024568E-15,28.540000000034));
#608 = CIRCLE('',#609,0.3);
#609 = AXIS2_PLACEMENT_3D('',#610,#611,#612);
#610 = CARTESIAN_POINT('',(-2.54,6.337153024568E-15,28.540000000034));
#611 = DIRECTION('',(0.,-1.,2.22044604925E-16));
#612 = DIRECTION('',(1.,0.,0.));
#613 = FACE_BOUND('',#614,.F.);
#614 = EDGE_LOOP('',(#615));
#615 = ORIENTED_EDGE('',*,*,#616,.T.);
#616 = EDGE_CURVE('',#617,#617,#619,.T.);
#617 = VERTEX_POINT('',#618);
#618 = CARTESIAN_POINT('',(-2.24,5.773159728052E-15,26.000000000007));
#619 = CIRCLE('',#620,0.3);
#620 = AXIS2_PLACEMENT_3D('',#621,#622,#623);
#621 = CARTESIAN_POINT('',(-2.54,5.773159728052E-15,26.000000000007));
#622 = DIRECTION('',(0.,-1.,2.22044604925E-16));
#623 = DIRECTION('',(1.,0.,0.));
#624 = FACE_BOUND('',#625,.F.);
#625 = EDGE_LOOP('',(#626));
#626 = ORIENTED_EDGE('',*,*,#627,.T.);
#627 = EDGE_CURVE('',#628,#628,#630,.T.);
#628 = VERTEX_POINT('',#629);
#629 = CARTESIAN_POINT('',(-2.24,5.209166431537E-15,23.459999999979));
#630 = CIRCLE('',#631,0.3);
#631 = AXIS2_PLACEMENT_3D('',#632,#633,#634);
#632 = CARTESIAN_POINT('',(-2.54,5.209166431537E-15,23.459999999979));
#633 = DIRECTION('',(0.,-1.,2.22044604925E-16));
#634 = DIRECTION('',(1.,0.,0.));
#635 = FACE_BOUND('',#636,.F.);
#636 = EDGE_LOOP('',(#637));
#637 = ORIENTED_EDGE('',*,*,#638,.T.);
#638 = EDGE_CURVE('',#639,#639,#641,.T.);
#639 = VERTEX_POINT('',#640);
#640 = CARTESIAN_POINT('',(-2.24,4.645173135021E-15,20.91999999995));
#641 = CIRCLE('',#642,0.3);
#642 = AXIS2_PLACEMENT_3D('',#643,#644,#645);
#643 = CARTESIAN_POINT('',(-2.54,4.645173135021E-15,20.91999999995));
#644 = DIRECTION('',(0.,-1.,2.22044604925E-16));
#645 = DIRECTION('',(1.,0.,0.));
#646 = FACE_BOUND('',#647,.F.);
#647 = EDGE_LOOP('',(#648));
#648 = ORIENTED_EDGE('',*,*,#649,.T.);
#649 = EDGE_CURVE('',#650,#650,#652,.T.);
#650 = VERTEX_POINT('',#651);
#651 = CARTESIAN_POINT('',(2.840000000012,8.029132914108E-15,
    36.160000000086));
#652 = CIRCLE('',#653,0.3);
#653 = AXIS2_PLACEMENT_3D('',#654,#655,#656);
#654 = CARTESIAN_POINT('',(2.540000000012,8.029132914108E-15,
    36.160000000086));
#655 = DIRECTION('',(0.,-1.,2.22044604925E-16));
#656 = DIRECTION('',(1.,0.,0.));
#657 = FACE_BOUND('',#658,.F.);
#658 = EDGE_LOOP('',(#659));
#659 = ORIENTED_EDGE('',*,*,#660,.T.);
#660 = EDGE_CURVE('',#661,#661,#663,.T.);
#661 = VERTEX_POINT('',#662);
#662 = CARTESIAN_POINT('',(2.840000000012,7.465139617596E-15,
    33.620000000073));
#663 = CIRCLE('',#664,0.3);
#664 = AXIS2_PLACEMENT_3D('',#665,#666,#667);
#665 = CARTESIAN_POINT('',(2.540000000012,7.465139617596E-15,
    33.620000000073));
#666 = DIRECTION('',(0.,-1.,2.22044604925E-16));
#667 = DIRECTION('',(1.,0.,0.));
#668 = FACE_BOUND('',#669,.F.);
#669 = EDGE_LOOP('',(#670));
#670 = ORIENTED_EDGE('',*,*,#671,.T.);
#671 = EDGE_CURVE('',#672,#672,#674,.T.);
#672 = VERTEX_POINT('',#673);
#673 = CARTESIAN_POINT('',(2.840000000012,6.901146321083E-15,
    31.08000000006));
#674 = CIRCLE('',#675,0.3);
#675 = AXIS2_PLACEMENT_3D('',#676,#677,#678);
#676 = CARTESIAN_POINT('',(2.540000000012,6.901146321083E-15,
    31.08000000006));
#677 = DIRECTION('',(0.,-1.,2.22044604925E-16));
#678 = DIRECTION('',(1.,0.,0.));
#679 = FACE_BOUND('',#680,.F.);
#680 = EDGE_LOOP('',(#681));
#681 = ORIENTED_EDGE('',*,*,#682,.T.);
#682 = EDGE_CURVE('',#683,#683,#685,.T.);
#683 = VERTEX_POINT('',#684);
#684 = CARTESIAN_POINT('',(2.840000000012,6.337153024571E-15,
    28.540000000047));
#685 = CIRCLE('',#686,0.3);
#686 = AXIS2_PLACEMENT_3D('',#687,#688,#689);
#687 = CARTESIAN_POINT('',(2.540000000012,6.337153024571E-15,
    28.540000000047));
#688 = DIRECTION('',(0.,-1.,2.22044604925E-16));
#689 = DIRECTION('',(1.,0.,0.));
#690 = FACE_BOUND('',#691,.F.);
#691 = EDGE_LOOP('',(#692));
#692 = ORIENTED_EDGE('',*,*,#693,.T.);
#693 = EDGE_CURVE('',#694,#694,#696,.T.);
#694 = VERTEX_POINT('',#695);
#695 = CARTESIAN_POINT('',(2.840000000012,5.773159728058E-15,
    26.000000000034));
#696 = CIRCLE('',#697,0.3);
#697 = AXIS2_PLACEMENT_3D('',#698,#699,#700);
#698 = CARTESIAN_POINT('',(2.540000000012,5.773159728058E-15,
    26.000000000034));
#699 = DIRECTION('',(0.,-1.,2.22044604925E-16));
#700 = DIRECTION('',(1.,0.,0.));
#701 = FACE_BOUND('',#702,.F.);
#702 = EDGE_LOOP('',(#703));
#703 = ORIENTED_EDGE('',*,*,#704,.T.);
#704 = EDGE_CURVE('',#705,#705,#707,.T.);
#705 = VERTEX_POINT('',#706);
#706 = CARTESIAN_POINT('',(2.840000000012,5.209166431546E-15,
    23.46000000002));
#707 = CIRCLE('',#708,0.3);
#708 = AXIS2_PLACEMENT_3D('',#709,#710,#711);
#709 = CARTESIAN_POINT('',(2.540000000012,5.209166431546E-15,
    23.46000000002));
#710 = DIRECTION('',(0.,-1.,2.22044604925E-16));
#711 = DIRECTION('',(1.,0.,0.));
#712 = FACE_BOUND('',#713,.F.);
#713 = EDGE_LOOP('',(#714));
#714 = ORIENTED_EDGE('',*,*,#715,.T.);
#715 = EDGE_CURVE('',#716,#716,#718,.T.);
#716 = VERTEX_POINT('',#717);
#717 = CARTESIAN_POINT('',(2.840000000012,4.645173135033E-15,
    20.920000000007));
#718 = CIRCLE('',#719,0.3);
#719 = AXIS2_PLACEMENT_3D('',#720,#721,#722);
#720 = CARTESIAN_POINT('',(2.540000000012,4.645173135033E-15,
    20.920000000007));
#721 = DIRECTION('',(0.,-1.,2.22044604925E-16));
#722 = DIRECTION('',(1.,0.,0.));
#723 = FACE_BOUND('',#724,.F.);
#724 = EDGE_LOOP('',(#725));
#725 = ORIENTED_EDGE('',*,*,#726,.T.);
#726 = EDGE_CURVE('',#727,#727,#729,.T.);
#727 = VERTEX_POINT('',#728);
#728 = CARTESIAN_POINT('',(-2.24,4.081179838505E-15,18.379999999921));
#729 = CIRCLE('',#730,0.3);
#730 = AXIS2_PLACEMENT_3D('',#731,#732,#733);
#731 = CARTESIAN_POINT('',(-2.54,4.081179838505E-15,18.379999999921));
#732 = DIRECTION('',(0.,-1.,2.22044604925E-16));
#733 = DIRECTION('',(1.,0.,0.));
#734 = FACE_BOUND('',#735,.F.);
#735 = EDGE_LOOP('',(#736));
#736 = ORIENTED_EDGE('',*,*,#737,.T.);
#737 = EDGE_CURVE('',#738,#738,#740,.T.);
#738 = VERTEX_POINT('',#739);
#739 = CARTESIAN_POINT('',(-2.24,3.517186541995E-15,15.839999999922));
#740 = CIRCLE('',#741,0.3);
#741 = AXIS2_PLACEMENT_3D('',#742,#743,#744);
#742 = CARTESIAN_POINT('',(-2.54,3.517186541995E-15,15.839999999922));
#743 = DIRECTION('',(0.,-1.,2.22044604925E-16));
#744 = DIRECTION('',(1.,0.,0.));
#745 = FACE_BOUND('',#746,.F.);
#746 = EDGE_LOOP('',(#747));
#747 = ORIENTED_EDGE('',*,*,#748,.T.);
#748 = EDGE_CURVE('',#749,#749,#751,.T.);
#749 = VERTEX_POINT('',#750);
#750 = CARTESIAN_POINT('',(-2.24,2.953193245486E-15,13.299999999922));
#751 = CIRCLE('',#752,0.3);
#752 = AXIS2_PLACEMENT_3D('',#753,#754,#755);
#753 = CARTESIAN_POINT('',(-2.54,2.953193245486E-15,13.299999999922));
#754 = DIRECTION('',(0.,-1.,2.22044604925E-16));
#755 = DIRECTION('',(1.,0.,0.));
#756 = FACE_BOUND('',#757,.F.);
#757 = EDGE_LOOP('',(#758));
#758 = ORIENTED_EDGE('',*,*,#759,.T.);
#759 = EDGE_CURVE('',#760,#760,#762,.T.);
#760 = VERTEX_POINT('',#761);
#761 = CARTESIAN_POINT('',(-2.24,2.389199948976E-15,10.759999999921));
#762 = CIRCLE('',#763,0.3);
#763 = AXIS2_PLACEMENT_3D('',#764,#765,#766);
#764 = CARTESIAN_POINT('',(-2.54,2.389199948976E-15,10.759999999921));
#765 = DIRECTION('',(0.,-1.,2.22044604925E-16));
#766 = DIRECTION('',(1.,0.,0.));
#767 = FACE_BOUND('',#768,.F.);
#768 = EDGE_LOOP('',(#769));
#769 = ORIENTED_EDGE('',*,*,#770,.T.);
#770 = EDGE_CURVE('',#771,#771,#773,.T.);
#771 = VERTEX_POINT('',#772);
#772 = CARTESIAN_POINT('',(-2.24,1.825206652466E-15,8.219999999919));
#773 = CIRCLE('',#774,0.3);
#774 = AXIS2_PLACEMENT_3D('',#775,#776,#777);
#775 = CARTESIAN_POINT('',(-2.54,1.825206652466E-15,8.219999999919));
#776 = DIRECTION('',(0.,-1.,2.22044604925E-16));
#777 = DIRECTION('',(1.,0.,0.));
#778 = FACE_BOUND('',#779,.F.);
#779 = EDGE_LOOP('',(#780));
#780 = ORIENTED_EDGE('',*,*,#781,.T.);
#781 = EDGE_CURVE('',#782,#782,#784,.T.);
#782 = VERTEX_POINT('',#783);
#783 = CARTESIAN_POINT('',(-2.24,1.261213355956E-15,5.679999999917));
#784 = CIRCLE('',#785,0.3);
#785 = AXIS2_PLACEMENT_3D('',#786,#787,#788);
#786 = CARTESIAN_POINT('',(-2.54,1.261213355956E-15,5.679999999917));
#787 = DIRECTION('',(0.,-1.,2.22044604925E-16));
#788 = DIRECTION('',(1.,0.,0.));
#789 = FACE_BOUND('',#790,.F.);
#790 = EDGE_LOOP('',(#791));
#791 = ORIENTED_EDGE('',*,*,#792,.T.);
#792 = EDGE_CURVE('',#793,#793,#795,.T.);
#793 = VERTEX_POINT('',#794);
#794 = CARTESIAN_POINT('',(-2.24,6.972200594455E-16,3.139999999914));
#795 = CIRCLE('',#796,0.3);
#796 = AXIS2_PLACEMENT_3D('',#797,#798,#799);
#797 = CARTESIAN_POINT('',(-2.54,6.972200594455E-16,3.139999999914));
#798 = DIRECTION('',(0.,-1.,2.22044604925E-16));
#799 = DIRECTION('',(1.,0.,0.));
#800 = FACE_BOUND('',#801,.F.);
#801 = EDGE_LOOP('',(#802));
#802 = ORIENTED_EDGE('',*,*,#803,.T.);
#803 = EDGE_CURVE('',#804,#804,#806,.T.);
#804 = VERTEX_POINT('',#805);
#805 = CARTESIAN_POINT('',(2.840000000012,4.081179838521E-15,
    18.379999999994));
#806 = CIRCLE('',#807,0.3);
#807 = AXIS2_PLACEMENT_3D('',#808,#809,#810);
#808 = CARTESIAN_POINT('',(2.540000000012,4.081179838521E-15,
    18.379999999994));
#809 = DIRECTION('',(0.,-1.,2.22044604925E-16));
#810 = DIRECTION('',(1.,0.,0.));
#811 = FACE_BOUND('',#812,.F.);
#812 = EDGE_LOOP('',(#813));
#813 = ORIENTED_EDGE('',*,*,#814,.T.);
#814 = EDGE_CURVE('',#815,#815,#817,.T.);
#815 = VERTEX_POINT('',#816);
#816 = CARTESIAN_POINT('',(2.840000000012,3.517186542008E-15,
    15.839999999981));
#817 = CIRCLE('',#818,0.3);
#818 = AXIS2_PLACEMENT_3D('',#819,#820,#821);
#819 = CARTESIAN_POINT('',(2.540000000012,3.517186542008E-15,
    15.839999999981));
#820 = DIRECTION('',(0.,-1.,2.22044604925E-16));
#821 = DIRECTION('',(1.,0.,0.));
#822 = FACE_BOUND('',#823,.F.);
#823 = EDGE_LOOP('',(#824));
#824 = ORIENTED_EDGE('',*,*,#825,.T.);
#825 = EDGE_CURVE('',#826,#826,#828,.T.);
#826 = VERTEX_POINT('',#827);
#827 = CARTESIAN_POINT('',(2.840000000012,2.953193245496E-15,
    13.299999999967));
#828 = CIRCLE('',#829,0.3);
#829 = AXIS2_PLACEMENT_3D('',#830,#831,#832);
#830 = CARTESIAN_POINT('',(2.540000000012,2.953193245496E-15,
    13.299999999967));
#831 = DIRECTION('',(0.,-1.,2.22044604925E-16));
#832 = DIRECTION('',(1.,0.,0.));
#833 = FACE_BOUND('',#834,.F.);
#834 = EDGE_LOOP('',(#835));
#835 = ORIENTED_EDGE('',*,*,#836,.T.);
#836 = EDGE_CURVE('',#837,#837,#839,.T.);
#837 = VERTEX_POINT('',#838);
#838 = CARTESIAN_POINT('',(2.840000000012,2.389199948983E-15,
    10.759999999954));
#839 = CIRCLE('',#840,0.3);
#840 = AXIS2_PLACEMENT_3D('',#841,#842,#843);
#841 = CARTESIAN_POINT('',(2.540000000012,2.389199948983E-15,
    10.759999999954));
#842 = DIRECTION('',(0.,-1.,2.22044604925E-16));
#843 = DIRECTION('',(1.,0.,0.));
#844 = FACE_BOUND('',#845,.F.);
#845 = EDGE_LOOP('',(#846));
#846 = ORIENTED_EDGE('',*,*,#847,.T.);
#847 = EDGE_CURVE('',#848,#848,#850,.T.);
#848 = VERTEX_POINT('',#849);
#849 = CARTESIAN_POINT('',(2.840000000012,1.825206652471E-15,
    8.219999999941));
#850 = CIRCLE('',#851,0.3);
#851 = AXIS2_PLACEMENT_3D('',#852,#853,#854);
#852 = CARTESIAN_POINT('',(2.540000000012,1.825206652471E-15,
    8.219999999941));
#853 = DIRECTION('',(0.,-1.,2.22044604925E-16));
#854 = DIRECTION('',(1.,0.,0.));
#855 = FACE_BOUND('',#856,.F.);
#856 = EDGE_LOOP('',(#857));
#857 = ORIENTED_EDGE('',*,*,#858,.T.);
#858 = EDGE_CURVE('',#859,#859,#861,.T.);
#859 = VERTEX_POINT('',#860);
#860 = CARTESIAN_POINT('',(2.840000000012,1.261213355958E-15,
    5.679999999928));
#861 = CIRCLE('',#862,0.3);
#862 = AXIS2_PLACEMENT_3D('',#863,#864,#865);
#863 = CARTESIAN_POINT('',(2.540000000012,1.261213355958E-15,
    5.679999999928));
#864 = DIRECTION('',(0.,-1.,2.22044604925E-16));
#865 = DIRECTION('',(1.,0.,0.));
#866 = FACE_BOUND('',#867,.F.);
#867 = EDGE_LOOP('',(#868));
#868 = ORIENTED_EDGE('',*,*,#869,.T.);
#869 = EDGE_CURVE('',#870,#870,#872,.T.);
#870 = VERTEX_POINT('',#871);
#871 = CARTESIAN_POINT('',(2.840000000012,6.972200594456E-16,
    3.139999999915));
#872 = CIRCLE('',#873,0.3);
#873 = AXIS2_PLACEMENT_3D('',#874,#875,#876);
#874 = CARTESIAN_POINT('',(2.540000000012,6.972200594456E-16,
    3.139999999915));
#875 = DIRECTION('',(0.,-1.,2.22044604925E-16));
#876 = DIRECTION('',(1.,0.,0.));
#877 = PLANE('',#878);
#878 = AXIS2_PLACEMENT_3D('',#879,#880,#881);
#879 = CARTESIAN_POINT('',(-3.735,0.,0.));
#880 = DIRECTION('',(0.,1.,0.));
#881 = DIRECTION('',(1.,0.,0.));
#882 = ADVANCED_FACE('',(#883),#901,.T.);
#883 = FACE_BOUND('',#884,.T.);
#884 = EDGE_LOOP('',(#885,#893,#894,#895));
#885 = ORIENTED_EDGE('',*,*,#886,.T.);
#886 = EDGE_CURVE('',#887,#301,#889,.T.);
#887 = VERTEX_POINT('',#888);
#888 = CARTESIAN_POINT('',(3.735,5.3,39.3));
#889 = LINE('',#890,#891);
#890 = CARTESIAN_POINT('',(-2.315,5.3,39.3));
#891 = VECTOR('',#892,1.);
#892 = DIRECTION('',(-1.,0.,0.));
#893 = ORIENTED_EDGE('',*,*,#308,.T.);
#894 = ORIENTED_EDGE('',*,*,#555,.T.);
#895 = ORIENTED_EDGE('',*,*,#896,.T.);
#896 = EDGE_CURVE('',#556,#887,#897,.T.);
#897 = LINE('',#898,#899);
#898 = CARTESIAN_POINT('',(3.735,0.,39.3));
#899 = VECTOR('',#900,1.);
#900 = DIRECTION('',(0.,1.,0.));
#901 = PLANE('',#902);
#902 = AXIS2_PLACEMENT_3D('',#903,#904,#905);
#903 = CARTESIAN_POINT('',(9.831196929002E-17,8.57105313093,39.3));
#904 = DIRECTION('',(0.,0.,1.));
#905 = DIRECTION('',(1.,0.,0.));
#906 = ADVANCED_FACE('',(#907),#932,.F.);
#907 = FACE_BOUND('',#908,.F.);
#908 = EDGE_LOOP('',(#909,#910,#918,#926));
#909 = ORIENTED_EDGE('',*,*,#364,.F.);
#910 = ORIENTED_EDGE('',*,*,#911,.T.);
#911 = EDGE_CURVE('',#357,#912,#914,.T.);
#912 = VERTEX_POINT('',#913);
#913 = CARTESIAN_POINT('',(-4.63,15.48,40.655));
#914 = LINE('',#915,#916);
#915 = CARTESIAN_POINT('',(-4.63,15.48,39.));
#916 = VECTOR('',#917,1.);
#917 = DIRECTION('',(0.,0.,1.));
#918 = ORIENTED_EDGE('',*,*,#919,.T.);
#919 = EDGE_CURVE('',#912,#920,#922,.T.);
#920 = VERTEX_POINT('',#921);
#921 = CARTESIAN_POINT('',(-4.63,5.3,40.655));
#922 = LINE('',#923,#924);
#923 = CARTESIAN_POINT('',(-4.63,15.48,40.655));
#924 = VECTOR('',#925,1.);
#925 = DIRECTION('',(0.,-1.,0.));
#926 = ORIENTED_EDGE('',*,*,#927,.F.);
#927 = EDGE_CURVE('',#365,#920,#928,.T.);
#928 = LINE('',#929,#930);
#929 = CARTESIAN_POINT('',(-4.63,5.3,39.));
#930 = VECTOR('',#931,1.);
#931 = DIRECTION('',(0.,0.,1.));
#932 = PLANE('',#933);
#933 = AXIS2_PLACEMENT_3D('',#934,#935,#936);
#934 = CARTESIAN_POINT('',(-4.63,15.48,39.));
#935 = DIRECTION('',(1.,0.,0.));
#936 = DIRECTION('',(0.,-1.,0.));
#937 = ADVANCED_FACE('',(#938),#956,.T.);
#938 = FACE_BOUND('',#939,.T.);
#939 = EDGE_LOOP('',(#940,#941,#942,#950));
#940 = ORIENTED_EDGE('',*,*,#388,.T.);
#941 = ORIENTED_EDGE('',*,*,#356,.T.);
#942 = ORIENTED_EDGE('',*,*,#943,.T.);
#943 = EDGE_CURVE('',#357,#944,#946,.T.);
#944 = VERTEX_POINT('',#945);
#945 = CARTESIAN_POINT('',(-1.17,15.48,39.3));
#946 = LINE('',#947,#948);
#947 = CARTESIAN_POINT('',(-4.63,15.48,39.3));
#948 = VECTOR('',#949,1.);
#949 = DIRECTION('',(1.,0.,0.));
#950 = ORIENTED_EDGE('',*,*,#951,.F.);
#951 = EDGE_CURVE('',#389,#944,#952,.T.);
#952 = LINE('',#953,#954);
#953 = CARTESIAN_POINT('',(-1.17,15.48,0.));
#954 = VECTOR('',#955,1.);
#955 = DIRECTION('',(0.,0.,1.));
#956 = PLANE('',#957);
#957 = AXIS2_PLACEMENT_3D('',#958,#959,#960);
#958 = CARTESIAN_POINT('',(-4.63,15.48,0.));
#959 = DIRECTION('',(0.,1.,0.));
#960 = DIRECTION('',(1.,0.,0.));
#961 = ADVANCED_FACE('',(#962),#980,.T.);
#962 = FACE_BOUND('',#963,.T.);
#963 = EDGE_LOOP('',(#964,#965,#966,#974));
#964 = ORIENTED_EDGE('',*,*,#411,.F.);
#965 = ORIENTED_EDGE('',*,*,#396,.T.);
#966 = ORIENTED_EDGE('',*,*,#967,.T.);
#967 = EDGE_CURVE('',#389,#968,#970,.T.);
#968 = VERTEX_POINT('',#969);
#969 = CARTESIAN_POINT('',(-1.17,8.6,39.));
#970 = LINE('',#971,#972);
#971 = CARTESIAN_POINT('',(-1.17,12.935,39.));
#972 = VECTOR('',#973,1.);
#973 = DIRECTION('',(0.,-1.,0.));
#974 = ORIENTED_EDGE('',*,*,#975,.F.);
#975 = EDGE_CURVE('',#412,#968,#976,.T.);
#976 = LINE('',#977,#978);
#977 = CARTESIAN_POINT('',(-1.17,8.6,0.));
#978 = VECTOR('',#979,1.);
#979 = DIRECTION('',(0.,0.,1.));
#980 = PLANE('',#981);
#981 = AXIS2_PLACEMENT_3D('',#982,#983,#984);
#982 = CARTESIAN_POINT('',(-1.17,15.48,0.));
#983 = DIRECTION('',(1.,0.,0.));
#984 = DIRECTION('',(0.,-1.,0.));
#985 = ADVANCED_FACE('',(#986),#1011,.F.);
#986 = FACE_BOUND('',#987,.F.);
#987 = EDGE_LOOP('',(#988,#989,#997,#1005));
#988 = ORIENTED_EDGE('',*,*,#427,.F.);
#989 = ORIENTED_EDGE('',*,*,#990,.T.);
#990 = EDGE_CURVE('',#212,#991,#993,.T.);
#991 = VERTEX_POINT('',#992);
#992 = CARTESIAN_POINT('',(1.17,15.48,39.));
#993 = LINE('',#994,#995);
#994 = CARTESIAN_POINT('',(1.17,15.48,0.));
#995 = VECTOR('',#996,1.);
#996 = DIRECTION('',(0.,0.,1.));
#997 = ORIENTED_EDGE('',*,*,#998,.T.);
#998 = EDGE_CURVE('',#991,#999,#1001,.T.);
#999 = VERTEX_POINT('',#1000);
#1000 = CARTESIAN_POINT('',(1.17,8.6,39.));
#1001 = LINE('',#1002,#1003);
#1002 = CARTESIAN_POINT('',(1.17,12.935,39.));
#1003 = VECTOR('',#1004,1.);
#1004 = DIRECTION('',(0.,-1.,0.));
#1005 = ORIENTED_EDGE('',*,*,#1006,.F.);
#1006 = EDGE_CURVE('',#420,#999,#1007,.T.);
#1007 = LINE('',#1008,#1009);
#1008 = CARTESIAN_POINT('',(1.17,8.6,0.));
#1009 = VECTOR('',#1010,1.);
#1010 = DIRECTION('',(0.,0.,1.));
#1011 = PLANE('',#1012);
#1012 = AXIS2_PLACEMENT_3D('',#1013,#1014,#1015);
#1013 = CARTESIAN_POINT('',(1.17,15.48,0.));
#1014 = DIRECTION('',(1.,0.,0.));
#1015 = DIRECTION('',(0.,-1.,0.));
#1016 = ADVANCED_FACE('',(#1017),#1028,.T.);
#1017 = FACE_BOUND('',#1018,.T.);
#1018 = EDGE_LOOP('',(#1019,#1020,#1021,#1027));
#1019 = ORIENTED_EDGE('',*,*,#419,.F.);
#1020 = ORIENTED_EDGE('',*,*,#975,.T.);
#1021 = ORIENTED_EDGE('',*,*,#1022,.T.);
#1022 = EDGE_CURVE('',#968,#999,#1023,.T.);
#1023 = LINE('',#1024,#1025);
#1024 = CARTESIAN_POINT('',(-0.585,8.6,39.));
#1025 = VECTOR('',#1026,1.);
#1026 = DIRECTION('',(1.,0.,0.));
#1027 = ORIENTED_EDGE('',*,*,#1006,.F.);
#1028 = PLANE('',#1029);
#1029 = AXIS2_PLACEMENT_3D('',#1030,#1031,#1032);
#1030 = CARTESIAN_POINT('',(-1.17,8.6,0.));
#1031 = DIRECTION('',(0.,1.,0.));
#1032 = DIRECTION('',(1.,0.,0.));
#1033 = ADVANCED_FACE('',(#1034),#1052,.F.);
#1034 = FACE_BOUND('',#1035,.F.);
#1035 = EDGE_LOOP('',(#1036,#1037,#1045,#1051));
#1036 = ORIENTED_EDGE('',*,*,#450,.T.);
#1037 = ORIENTED_EDGE('',*,*,#1038,.T.);
#1038 = EDGE_CURVE('',#443,#1039,#1041,.T.);
#1039 = VERTEX_POINT('',#1040);
#1040 = CARTESIAN_POINT('',(4.63,15.48,39.));
#1041 = LINE('',#1042,#1043);
#1042 = CARTESIAN_POINT('',(4.63,15.48,0.));
#1043 = VECTOR('',#1044,1.);
#1044 = DIRECTION('',(0.,0.,1.));
#1045 = ORIENTED_EDGE('',*,*,#1046,.T.);
#1046 = EDGE_CURVE('',#1039,#991,#1047,.T.);
#1047 = LINE('',#1048,#1049);
#1048 = CARTESIAN_POINT('',(4.63,15.48,39.));
#1049 = VECTOR('',#1050,1.);
#1050 = DIRECTION('',(-1.,0.,0.));
#1051 = ORIENTED_EDGE('',*,*,#990,.F.);
#1052 = PLANE('',#1053);
#1053 = AXIS2_PLACEMENT_3D('',#1054,#1055,#1056);
#1054 = CARTESIAN_POINT('',(4.63,15.48,0.));
#1055 = DIRECTION('',(0.,-1.,0.));
#1056 = DIRECTION('',(-1.,0.,0.));
#1057 = ADVANCED_FACE('',(#1058),#1069,.F.);
#1058 = FACE_BOUND('',#1059,.F.);
#1059 = EDGE_LOOP('',(#1060,#1061,#1062,#1068));
#1060 = ORIENTED_EDGE('',*,*,#465,.F.);
#1061 = ORIENTED_EDGE('',*,*,#483,.T.);
#1062 = ORIENTED_EDGE('',*,*,#1063,.F.);
#1063 = EDGE_CURVE('',#443,#484,#1064,.T.);
#1064 = LINE('',#1065,#1066);
#1065 = CARTESIAN_POINT('',(4.63,15.48,0.3));
#1066 = VECTOR('',#1067,1.);
#1067 = DIRECTION('',(0.,-1.,0.));
#1068 = ORIENTED_EDGE('',*,*,#442,.F.);
#1069 = PLANE('',#1070);
#1070 = AXIS2_PLACEMENT_3D('',#1071,#1072,#1073);
#1071 = CARTESIAN_POINT('',(4.63,5.3,0.));
#1072 = DIRECTION('',(-1.,0.,0.));
#1073 = DIRECTION('',(0.,1.,0.));
#1074 = ADVANCED_FACE('',(#1075),#1095,.F.);
#1075 = FACE_BOUND('',#1076,.F.);
#1076 = EDGE_LOOP('',(#1077,#1078,#1079,#1087,#1093,#1094));
#1077 = ORIENTED_EDGE('',*,*,#563,.T.);
#1078 = ORIENTED_EDGE('',*,*,#896,.T.);
#1079 = ORIENTED_EDGE('',*,*,#1080,.F.);
#1080 = EDGE_CURVE('',#1081,#887,#1083,.T.);
#1081 = VERTEX_POINT('',#1082);
#1082 = CARTESIAN_POINT('',(3.735,5.3,39.));
#1083 = LINE('',#1084,#1085);
#1084 = CARTESIAN_POINT('',(3.735,5.3,0.));
#1085 = VECTOR('',#1086,1.);
#1086 = DIRECTION('',(0.,0.,1.));
#1087 = ORIENTED_EDGE('',*,*,#1088,.F.);
#1088 = EDGE_CURVE('',#492,#1081,#1089,.T.);
#1089 = LINE('',#1090,#1091);
#1090 = CARTESIAN_POINT('',(3.735,5.3,0.));
#1091 = VECTOR('',#1092,1.);
#1092 = DIRECTION('',(0.,0.,1.));
#1093 = ORIENTED_EDGE('',*,*,#499,.F.);
#1094 = ORIENTED_EDGE('',*,*,#523,.F.);
#1095 = PLANE('',#1096);
#1096 = AXIS2_PLACEMENT_3D('',#1097,#1098,#1099);
#1097 = CARTESIAN_POINT('',(3.735,0.,0.));
#1098 = DIRECTION('',(-1.,0.,0.));
#1099 = DIRECTION('',(0.,1.,0.));
#1100 = ADVANCED_FACE('',(#1101),#1119,.T.);
#1101 = FACE_BOUND('',#1102,.T.);
#1102 = EDGE_LOOP('',(#1103,#1104,#1112,#1118));
#1103 = ORIENTED_EDGE('',*,*,#491,.F.);
#1104 = ORIENTED_EDGE('',*,*,#1105,.T.);
#1105 = EDGE_CURVE('',#484,#1106,#1108,.T.);
#1106 = VERTEX_POINT('',#1107);
#1107 = CARTESIAN_POINT('',(4.63,5.3,39.));
#1108 = LINE('',#1109,#1110);
#1109 = CARTESIAN_POINT('',(4.63,5.3,0.));
#1110 = VECTOR('',#1111,1.);
#1111 = DIRECTION('',(0.,0.,1.));
#1112 = ORIENTED_EDGE('',*,*,#1113,.F.);
#1113 = EDGE_CURVE('',#1081,#1106,#1114,.T.);
#1114 = LINE('',#1115,#1116);
#1115 = CARTESIAN_POINT('',(-4.63,5.3,39.));
#1116 = VECTOR('',#1117,1.);
#1117 = DIRECTION('',(1.,0.,0.));
#1118 = ORIENTED_EDGE('',*,*,#1088,.F.);
#1119 = PLANE('',#1120);
#1120 = AXIS2_PLACEMENT_3D('',#1121,#1122,#1123);
#1121 = CARTESIAN_POINT('',(4.63,5.3,0.));
#1122 = DIRECTION('',(0.,-1.,0.));
#1123 = DIRECTION('',(-1.,0.,0.));
#1124 = ADVANCED_FACE('',(#1125),#1152,.F.);
#1125 = FACE_BOUND('',#1126,.F.);
#1126 = EDGE_LOOP('',(#1127,#1128,#1129,#1137,#1145,#1151));
#1127 = ORIENTED_EDGE('',*,*,#539,.F.);
#1128 = ORIENTED_EDGE('',*,*,#927,.T.);
#1129 = ORIENTED_EDGE('',*,*,#1130,.T.);
#1130 = EDGE_CURVE('',#920,#1131,#1133,.T.);
#1131 = VERTEX_POINT('',#1132);
#1132 = CARTESIAN_POINT('',(4.63,5.3,40.655));
#1133 = LINE('',#1134,#1135);
#1134 = CARTESIAN_POINT('',(-4.63,5.3,40.655));
#1135 = VECTOR('',#1136,1.);
#1136 = DIRECTION('',(1.,0.,0.));
#1137 = ORIENTED_EDGE('',*,*,#1138,.F.);
#1138 = EDGE_CURVE('',#1139,#1131,#1141,.T.);
#1139 = VERTEX_POINT('',#1140);
#1140 = CARTESIAN_POINT('',(4.63,5.3,39.3));
#1141 = LINE('',#1142,#1143);
#1142 = CARTESIAN_POINT('',(4.63,5.3,39.));
#1143 = VECTOR('',#1144,1.);
#1144 = DIRECTION('',(0.,0.,1.));
#1145 = ORIENTED_EDGE('',*,*,#1146,.T.);
#1146 = EDGE_CURVE('',#1139,#887,#1147,.T.);
#1147 = LINE('',#1148,#1149);
#1148 = CARTESIAN_POINT('',(4.63,5.3,39.3));
#1149 = VECTOR('',#1150,1.);
#1150 = DIRECTION('',(-1.,0.,0.));
#1151 = ORIENTED_EDGE('',*,*,#886,.T.);
#1152 = PLANE('',#1153);
#1153 = AXIS2_PLACEMENT_3D('',#1154,#1155,#1156);
#1154 = CARTESIAN_POINT('',(-4.63,5.3,39.));
#1155 = DIRECTION('',(0.,1.,0.));
#1156 = DIRECTION('',(1.,0.,0.));
#1157 = ADVANCED_FACE('',(#1158),#1177,.T.);
#1158 = FACE_BOUND('',#1159,.F.);
#1159 = EDGE_LOOP('',(#1160,#1168,#1175,#1176));
#1160 = ORIENTED_EDGE('',*,*,#1161,.T.);
#1161 = EDGE_CURVE('',#573,#1162,#1164,.T.);
#1162 = VERTEX_POINT('',#1163);
#1163 = CARTESIAN_POINT('',(-2.24,-4.,36.160000000086));
#1164 = LINE('',#1165,#1166);
#1165 = CARTESIAN_POINT('',(-2.24,8.029132914108E-15,36.160000000086));
#1166 = VECTOR('',#1167,1.);
#1167 = DIRECTION('',(0.,-1.,2.22044604925E-16));
#1168 = ORIENTED_EDGE('',*,*,#1169,.T.);
#1169 = EDGE_CURVE('',#1162,#1162,#1170,.T.);
#1170 = CIRCLE('',#1171,0.3);
#1171 = AXIS2_PLACEMENT_3D('',#1172,#1173,#1174);
#1172 = CARTESIAN_POINT('',(-2.54,-4.,36.160000000086));
#1173 = DIRECTION('',(0.,-1.,2.22044604925E-16));
#1174 = DIRECTION('',(1.,0.,0.));
#1175 = ORIENTED_EDGE('',*,*,#1161,.F.);
#1176 = ORIENTED_EDGE('',*,*,#572,.F.);
#1177 = CYLINDRICAL_SURFACE('',#1178,0.3);
#1178 = AXIS2_PLACEMENT_3D('',#1179,#1180,#1181);
#1179 = CARTESIAN_POINT('',(-2.54,8.029132914108E-15,36.160000000086));
#1180 = DIRECTION('',(0.,1.,-2.22044604925E-16));
#1181 = DIRECTION('',(1.,0.,0.));
#1182 = ADVANCED_FACE('',(#1183),#1202,.T.);
#1183 = FACE_BOUND('',#1184,.F.);
#1184 = EDGE_LOOP('',(#1185,#1193,#1200,#1201));
#1185 = ORIENTED_EDGE('',*,*,#1186,.T.);
#1186 = EDGE_CURVE('',#584,#1187,#1189,.T.);
#1187 = VERTEX_POINT('',#1188);
#1188 = CARTESIAN_POINT('',(-2.24,-4.,33.620000000086));
#1189 = LINE('',#1190,#1191);
#1190 = CARTESIAN_POINT('',(-2.24,7.465139617599E-15,33.620000000086));
#1191 = VECTOR('',#1192,1.);
#1192 = DIRECTION('',(0.,-1.,2.22044604925E-16));
#1193 = ORIENTED_EDGE('',*,*,#1194,.T.);
#1194 = EDGE_CURVE('',#1187,#1187,#1195,.T.);
#1195 = CIRCLE('',#1196,0.3);
#1196 = AXIS2_PLACEMENT_3D('',#1197,#1198,#1199);
#1197 = CARTESIAN_POINT('',(-2.54,-4.,33.620000000086));
#1198 = DIRECTION('',(0.,-1.,2.22044604925E-16));
#1199 = DIRECTION('',(1.,0.,0.));
#1200 = ORIENTED_EDGE('',*,*,#1186,.F.);
#1201 = ORIENTED_EDGE('',*,*,#583,.F.);
#1202 = CYLINDRICAL_SURFACE('',#1203,0.3);
#1203 = AXIS2_PLACEMENT_3D('',#1204,#1205,#1206);
#1204 = CARTESIAN_POINT('',(-2.54,7.465139617599E-15,33.620000000086));
#1205 = DIRECTION('',(0.,1.,-2.22044604925E-16));
#1206 = DIRECTION('',(1.,0.,0.));
#1207 = ADVANCED_FACE('',(#1208),#1227,.T.);
#1208 = FACE_BOUND('',#1209,.F.);
#1209 = EDGE_LOOP('',(#1210,#1218,#1225,#1226));
#1210 = ORIENTED_EDGE('',*,*,#1211,.T.);
#1211 = EDGE_CURVE('',#595,#1212,#1214,.T.);
#1212 = VERTEX_POINT('',#1213);
#1213 = CARTESIAN_POINT('',(-2.24,-4.,31.080000000061));
#1214 = LINE('',#1215,#1216);
#1215 = CARTESIAN_POINT('',(-2.24,6.901146321083E-15,31.080000000061));
#1216 = VECTOR('',#1217,1.);
#1217 = DIRECTION('',(0.,-1.,2.22044604925E-16));
#1218 = ORIENTED_EDGE('',*,*,#1219,.T.);
#1219 = EDGE_CURVE('',#1212,#1212,#1220,.T.);
#1220 = CIRCLE('',#1221,0.3);
#1221 = AXIS2_PLACEMENT_3D('',#1222,#1223,#1224);
#1222 = CARTESIAN_POINT('',(-2.54,-4.,31.080000000061));
#1223 = DIRECTION('',(0.,-1.,2.22044604925E-16));
#1224 = DIRECTION('',(1.,0.,0.));
#1225 = ORIENTED_EDGE('',*,*,#1211,.F.);
#1226 = ORIENTED_EDGE('',*,*,#594,.F.);
#1227 = CYLINDRICAL_SURFACE('',#1228,0.3);
#1228 = AXIS2_PLACEMENT_3D('',#1229,#1230,#1231);
#1229 = CARTESIAN_POINT('',(-2.54,6.901146321083E-15,31.080000000061));
#1230 = DIRECTION('',(0.,1.,-2.22044604925E-16));
#1231 = DIRECTION('',(1.,0.,0.));
#1232 = ADVANCED_FACE('',(#1233),#1252,.T.);
#1233 = FACE_BOUND('',#1234,.F.);
#1234 = EDGE_LOOP('',(#1235,#1243,#1250,#1251));
#1235 = ORIENTED_EDGE('',*,*,#1236,.T.);
#1236 = EDGE_CURVE('',#606,#1237,#1239,.T.);
#1237 = VERTEX_POINT('',#1238);
#1238 = CARTESIAN_POINT('',(-2.24,-4.,28.540000000034));
#1239 = LINE('',#1240,#1241);
#1240 = CARTESIAN_POINT('',(-2.24,6.337153024568E-15,28.540000000034));
#1241 = VECTOR('',#1242,1.);
#1242 = DIRECTION('',(0.,-1.,2.22044604925E-16));
#1243 = ORIENTED_EDGE('',*,*,#1244,.T.);
#1244 = EDGE_CURVE('',#1237,#1237,#1245,.T.);
#1245 = CIRCLE('',#1246,0.3);
#1246 = AXIS2_PLACEMENT_3D('',#1247,#1248,#1249);
#1247 = CARTESIAN_POINT('',(-2.54,-4.,28.540000000034));
#1248 = DIRECTION('',(0.,-1.,2.22044604925E-16));
#1249 = DIRECTION('',(1.,0.,0.));
#1250 = ORIENTED_EDGE('',*,*,#1236,.F.);
#1251 = ORIENTED_EDGE('',*,*,#605,.F.);
#1252 = CYLINDRICAL_SURFACE('',#1253,0.3);
#1253 = AXIS2_PLACEMENT_3D('',#1254,#1255,#1256);
#1254 = CARTESIAN_POINT('',(-2.54,6.337153024568E-15,28.540000000034));
#1255 = DIRECTION('',(0.,1.,-2.22044604925E-16));
#1256 = DIRECTION('',(1.,0.,0.));
#1257 = ADVANCED_FACE('',(#1258),#1277,.T.);
#1258 = FACE_BOUND('',#1259,.F.);
#1259 = EDGE_LOOP('',(#1260,#1268,#1275,#1276));
#1260 = ORIENTED_EDGE('',*,*,#1261,.T.);
#1261 = EDGE_CURVE('',#617,#1262,#1264,.T.);
#1262 = VERTEX_POINT('',#1263);
#1263 = CARTESIAN_POINT('',(-2.24,-4.,26.000000000007));
#1264 = LINE('',#1265,#1266);
#1265 = CARTESIAN_POINT('',(-2.24,5.773159728052E-15,26.000000000007));
#1266 = VECTOR('',#1267,1.);
#1267 = DIRECTION('',(0.,-1.,2.22044604925E-16));
#1268 = ORIENTED_EDGE('',*,*,#1269,.T.);
#1269 = EDGE_CURVE('',#1262,#1262,#1270,.T.);
#1270 = CIRCLE('',#1271,0.3);
#1271 = AXIS2_PLACEMENT_3D('',#1272,#1273,#1274);
#1272 = CARTESIAN_POINT('',(-2.54,-4.,26.000000000007));
#1273 = DIRECTION('',(0.,-1.,2.22044604925E-16));
#1274 = DIRECTION('',(1.,0.,0.));
#1275 = ORIENTED_EDGE('',*,*,#1261,.F.);
#1276 = ORIENTED_EDGE('',*,*,#616,.F.);
#1277 = CYLINDRICAL_SURFACE('',#1278,0.3);
#1278 = AXIS2_PLACEMENT_3D('',#1279,#1280,#1281);
#1279 = CARTESIAN_POINT('',(-2.54,5.773159728052E-15,26.000000000007));
#1280 = DIRECTION('',(0.,1.,-2.22044604925E-16));
#1281 = DIRECTION('',(1.,0.,0.));
#1282 = ADVANCED_FACE('',(#1283),#1302,.T.);
#1283 = FACE_BOUND('',#1284,.F.);
#1284 = EDGE_LOOP('',(#1285,#1293,#1300,#1301));
#1285 = ORIENTED_EDGE('',*,*,#1286,.T.);
#1286 = EDGE_CURVE('',#628,#1287,#1289,.T.);
#1287 = VERTEX_POINT('',#1288);
#1288 = CARTESIAN_POINT('',(-2.24,-4.,23.459999999979));
#1289 = LINE('',#1290,#1291);
#1290 = CARTESIAN_POINT('',(-2.24,5.209166431537E-15,23.459999999979));
#1291 = VECTOR('',#1292,1.);
#1292 = DIRECTION('',(0.,-1.,2.22044604925E-16));
#1293 = ORIENTED_EDGE('',*,*,#1294,.T.);
#1294 = EDGE_CURVE('',#1287,#1287,#1295,.T.);
#1295 = CIRCLE('',#1296,0.3);
#1296 = AXIS2_PLACEMENT_3D('',#1297,#1298,#1299);
#1297 = CARTESIAN_POINT('',(-2.54,-4.,23.459999999979));
#1298 = DIRECTION('',(0.,-1.,2.22044604925E-16));
#1299 = DIRECTION('',(1.,0.,0.));
#1300 = ORIENTED_EDGE('',*,*,#1286,.F.);
#1301 = ORIENTED_EDGE('',*,*,#627,.F.);
#1302 = CYLINDRICAL_SURFACE('',#1303,0.3);
#1303 = AXIS2_PLACEMENT_3D('',#1304,#1305,#1306);
#1304 = CARTESIAN_POINT('',(-2.54,5.209166431537E-15,23.459999999979));
#1305 = DIRECTION('',(0.,1.,-2.22044604925E-16));
#1306 = DIRECTION('',(1.,0.,0.));
#1307 = ADVANCED_FACE('',(#1308),#1327,.T.);
#1308 = FACE_BOUND('',#1309,.F.);
#1309 = EDGE_LOOP('',(#1310,#1318,#1325,#1326));
#1310 = ORIENTED_EDGE('',*,*,#1311,.T.);
#1311 = EDGE_CURVE('',#639,#1312,#1314,.T.);
#1312 = VERTEX_POINT('',#1313);
#1313 = CARTESIAN_POINT('',(-2.24,-4.,20.91999999995));
#1314 = LINE('',#1315,#1316);
#1315 = CARTESIAN_POINT('',(-2.24,4.645173135021E-15,20.91999999995));
#1316 = VECTOR('',#1317,1.);
#1317 = DIRECTION('',(0.,-1.,2.22044604925E-16));
#1318 = ORIENTED_EDGE('',*,*,#1319,.T.);
#1319 = EDGE_CURVE('',#1312,#1312,#1320,.T.);
#1320 = CIRCLE('',#1321,0.3);
#1321 = AXIS2_PLACEMENT_3D('',#1322,#1323,#1324);
#1322 = CARTESIAN_POINT('',(-2.54,-4.,20.91999999995));
#1323 = DIRECTION('',(0.,-1.,2.22044604925E-16));
#1324 = DIRECTION('',(1.,0.,0.));
#1325 = ORIENTED_EDGE('',*,*,#1311,.F.);
#1326 = ORIENTED_EDGE('',*,*,#638,.F.);
#1327 = CYLINDRICAL_SURFACE('',#1328,0.3);
#1328 = AXIS2_PLACEMENT_3D('',#1329,#1330,#1331);
#1329 = CARTESIAN_POINT('',(-2.54,4.645173135021E-15,20.91999999995));
#1330 = DIRECTION('',(0.,1.,-2.22044604925E-16));
#1331 = DIRECTION('',(1.,0.,0.));
#1332 = ADVANCED_FACE('',(#1333),#1352,.T.);
#1333 = FACE_BOUND('',#1334,.F.);
#1334 = EDGE_LOOP('',(#1335,#1343,#1350,#1351));
#1335 = ORIENTED_EDGE('',*,*,#1336,.T.);
#1336 = EDGE_CURVE('',#650,#1337,#1339,.T.);
#1337 = VERTEX_POINT('',#1338);
#1338 = CARTESIAN_POINT('',(2.840000000012,-4.,36.160000000086));
#1339 = LINE('',#1340,#1341);
#1340 = CARTESIAN_POINT('',(2.840000000012,8.029132914108E-15,
    36.160000000086));
#1341 = VECTOR('',#1342,1.);
#1342 = DIRECTION('',(0.,-1.,2.22044604925E-16));
#1343 = ORIENTED_EDGE('',*,*,#1344,.T.);
#1344 = EDGE_CURVE('',#1337,#1337,#1345,.T.);
#1345 = CIRCLE('',#1346,0.3);
#1346 = AXIS2_PLACEMENT_3D('',#1347,#1348,#1349);
#1347 = CARTESIAN_POINT('',(2.540000000012,-4.,36.160000000086));
#1348 = DIRECTION('',(0.,-1.,2.22044604925E-16));
#1349 = DIRECTION('',(1.,0.,0.));
#1350 = ORIENTED_EDGE('',*,*,#1336,.F.);
#1351 = ORIENTED_EDGE('',*,*,#649,.F.);
#1352 = CYLINDRICAL_SURFACE('',#1353,0.3);
#1353 = AXIS2_PLACEMENT_3D('',#1354,#1355,#1356);
#1354 = CARTESIAN_POINT('',(2.540000000012,8.029132914108E-15,
    36.160000000086));
#1355 = DIRECTION('',(0.,1.,-2.22044604925E-16));
#1356 = DIRECTION('',(1.,0.,0.));
#1357 = ADVANCED_FACE('',(#1358),#1377,.T.);
#1358 = FACE_BOUND('',#1359,.F.);
#1359 = EDGE_LOOP('',(#1360,#1368,#1375,#1376));
#1360 = ORIENTED_EDGE('',*,*,#1361,.T.);
#1361 = EDGE_CURVE('',#661,#1362,#1364,.T.);
#1362 = VERTEX_POINT('',#1363);
#1363 = CARTESIAN_POINT('',(2.840000000012,-4.,33.620000000073));
#1364 = LINE('',#1365,#1366);
#1365 = CARTESIAN_POINT('',(2.840000000012,7.465139617596E-15,
    33.620000000073));
#1366 = VECTOR('',#1367,1.);
#1367 = DIRECTION('',(0.,-1.,2.22044604925E-16));
#1368 = ORIENTED_EDGE('',*,*,#1369,.T.);
#1369 = EDGE_CURVE('',#1362,#1362,#1370,.T.);
#1370 = CIRCLE('',#1371,0.3);
#1371 = AXIS2_PLACEMENT_3D('',#1372,#1373,#1374);
#1372 = CARTESIAN_POINT('',(2.540000000012,-4.,33.620000000073));
#1373 = DIRECTION('',(0.,-1.,2.22044604925E-16));
#1374 = DIRECTION('',(1.,0.,0.));
#1375 = ORIENTED_EDGE('',*,*,#1361,.F.);
#1376 = ORIENTED_EDGE('',*,*,#660,.F.);
#1377 = CYLINDRICAL_SURFACE('',#1378,0.3);
#1378 = AXIS2_PLACEMENT_3D('',#1379,#1380,#1381);
#1379 = CARTESIAN_POINT('',(2.540000000012,7.465139617596E-15,
    33.620000000073));
#1380 = DIRECTION('',(0.,1.,-2.22044604925E-16));
#1381 = DIRECTION('',(1.,0.,0.));
#1382 = ADVANCED_FACE('',(#1383),#1402,.T.);
#1383 = FACE_BOUND('',#1384,.F.);
#1384 = EDGE_LOOP('',(#1385,#1393,#1400,#1401));
#1385 = ORIENTED_EDGE('',*,*,#1386,.T.);
#1386 = EDGE_CURVE('',#672,#1387,#1389,.T.);
#1387 = VERTEX_POINT('',#1388);
#1388 = CARTESIAN_POINT('',(2.840000000012,-4.,31.08000000006));
#1389 = LINE('',#1390,#1391);
#1390 = CARTESIAN_POINT('',(2.840000000012,6.901146321083E-15,
    31.08000000006));
#1391 = VECTOR('',#1392,1.);
#1392 = DIRECTION('',(0.,-1.,2.22044604925E-16));
#1393 = ORIENTED_EDGE('',*,*,#1394,.T.);
#1394 = EDGE_CURVE('',#1387,#1387,#1395,.T.);
#1395 = CIRCLE('',#1396,0.3);
#1396 = AXIS2_PLACEMENT_3D('',#1397,#1398,#1399);
#1397 = CARTESIAN_POINT('',(2.540000000012,-4.,31.08000000006));
#1398 = DIRECTION('',(0.,-1.,2.22044604925E-16));
#1399 = DIRECTION('',(1.,0.,0.));
#1400 = ORIENTED_EDGE('',*,*,#1386,.F.);
#1401 = ORIENTED_EDGE('',*,*,#671,.F.);
#1402 = CYLINDRICAL_SURFACE('',#1403,0.3);
#1403 = AXIS2_PLACEMENT_3D('',#1404,#1405,#1406);
#1404 = CARTESIAN_POINT('',(2.540000000012,6.901146321083E-15,
    31.08000000006));
#1405 = DIRECTION('',(0.,1.,-2.22044604925E-16));
#1406 = DIRECTION('',(1.,0.,0.));
#1407 = ADVANCED_FACE('',(#1408),#1427,.T.);
#1408 = FACE_BOUND('',#1409,.F.);
#1409 = EDGE_LOOP('',(#1410,#1418,#1425,#1426));
#1410 = ORIENTED_EDGE('',*,*,#1411,.T.);
#1411 = EDGE_CURVE('',#683,#1412,#1414,.T.);
#1412 = VERTEX_POINT('',#1413);
#1413 = CARTESIAN_POINT('',(2.840000000012,-4.,28.540000000047));
#1414 = LINE('',#1415,#1416);
#1415 = CARTESIAN_POINT('',(2.840000000012,6.337153024571E-15,
    28.540000000047));
#1416 = VECTOR('',#1417,1.);
#1417 = DIRECTION('',(0.,-1.,2.22044604925E-16));
#1418 = ORIENTED_EDGE('',*,*,#1419,.T.);
#1419 = EDGE_CURVE('',#1412,#1412,#1420,.T.);
#1420 = CIRCLE('',#1421,0.3);
#1421 = AXIS2_PLACEMENT_3D('',#1422,#1423,#1424);
#1422 = CARTESIAN_POINT('',(2.540000000012,-4.,28.540000000047));
#1423 = DIRECTION('',(0.,-1.,2.22044604925E-16));
#1424 = DIRECTION('',(1.,0.,0.));
#1425 = ORIENTED_EDGE('',*,*,#1411,.F.);
#1426 = ORIENTED_EDGE('',*,*,#682,.F.);
#1427 = CYLINDRICAL_SURFACE('',#1428,0.3);
#1428 = AXIS2_PLACEMENT_3D('',#1429,#1430,#1431);
#1429 = CARTESIAN_POINT('',(2.540000000012,6.337153024571E-15,
    28.540000000047));
#1430 = DIRECTION('',(0.,1.,-2.22044604925E-16));
#1431 = DIRECTION('',(1.,0.,0.));
#1432 = ADVANCED_FACE('',(#1433),#1452,.T.);
#1433 = FACE_BOUND('',#1434,.F.);
#1434 = EDGE_LOOP('',(#1435,#1443,#1450,#1451));
#1435 = ORIENTED_EDGE('',*,*,#1436,.T.);
#1436 = EDGE_CURVE('',#694,#1437,#1439,.T.);
#1437 = VERTEX_POINT('',#1438);
#1438 = CARTESIAN_POINT('',(2.840000000012,-4.,26.000000000034));
#1439 = LINE('',#1440,#1441);
#1440 = CARTESIAN_POINT('',(2.840000000012,5.773159728058E-15,
    26.000000000034));
#1441 = VECTOR('',#1442,1.);
#1442 = DIRECTION('',(0.,-1.,2.22044604925E-16));
#1443 = ORIENTED_EDGE('',*,*,#1444,.T.);
#1444 = EDGE_CURVE('',#1437,#1437,#1445,.T.);
#1445 = CIRCLE('',#1446,0.3);
#1446 = AXIS2_PLACEMENT_3D('',#1447,#1448,#1449);
#1447 = CARTESIAN_POINT('',(2.540000000012,-4.,26.000000000034));
#1448 = DIRECTION('',(0.,-1.,2.22044604925E-16));
#1449 = DIRECTION('',(1.,0.,0.));
#1450 = ORIENTED_EDGE('',*,*,#1436,.F.);
#1451 = ORIENTED_EDGE('',*,*,#693,.F.);
#1452 = CYLINDRICAL_SURFACE('',#1453,0.3);
#1453 = AXIS2_PLACEMENT_3D('',#1454,#1455,#1456);
#1454 = CARTESIAN_POINT('',(2.540000000012,5.773159728058E-15,
    26.000000000034));
#1455 = DIRECTION('',(0.,1.,-2.22044604925E-16));
#1456 = DIRECTION('',(1.,0.,0.));
#1457 = ADVANCED_FACE('',(#1458),#1477,.T.);
#1458 = FACE_BOUND('',#1459,.F.);
#1459 = EDGE_LOOP('',(#1460,#1468,#1475,#1476));
#1460 = ORIENTED_EDGE('',*,*,#1461,.T.);
#1461 = EDGE_CURVE('',#705,#1462,#1464,.T.);
#1462 = VERTEX_POINT('',#1463);
#1463 = CARTESIAN_POINT('',(2.840000000012,-4.,23.46000000002));
#1464 = LINE('',#1465,#1466);
#1465 = CARTESIAN_POINT('',(2.840000000012,5.209166431546E-15,
    23.46000000002));
#1466 = VECTOR('',#1467,1.);
#1467 = DIRECTION('',(0.,-1.,2.22044604925E-16));
#1468 = ORIENTED_EDGE('',*,*,#1469,.T.);
#1469 = EDGE_CURVE('',#1462,#1462,#1470,.T.);
#1470 = CIRCLE('',#1471,0.3);
#1471 = AXIS2_PLACEMENT_3D('',#1472,#1473,#1474);
#1472 = CARTESIAN_POINT('',(2.540000000012,-4.,23.46000000002));
#1473 = DIRECTION('',(0.,-1.,2.22044604925E-16));
#1474 = DIRECTION('',(1.,0.,0.));
#1475 = ORIENTED_EDGE('',*,*,#1461,.F.);
#1476 = ORIENTED_EDGE('',*,*,#704,.F.);
#1477 = CYLINDRICAL_SURFACE('',#1478,0.3);
#1478 = AXIS2_PLACEMENT_3D('',#1479,#1480,#1481);
#1479 = CARTESIAN_POINT('',(2.540000000012,5.209166431546E-15,
    23.46000000002));
#1480 = DIRECTION('',(0.,1.,-2.22044604925E-16));
#1481 = DIRECTION('',(1.,0.,0.));
#1482 = ADVANCED_FACE('',(#1483),#1502,.T.);
#1483 = FACE_BOUND('',#1484,.F.);
#1484 = EDGE_LOOP('',(#1485,#1493,#1500,#1501));
#1485 = ORIENTED_EDGE('',*,*,#1486,.T.);
#1486 = EDGE_CURVE('',#716,#1487,#1489,.T.);
#1487 = VERTEX_POINT('',#1488);
#1488 = CARTESIAN_POINT('',(2.840000000012,-4.,20.920000000007));
#1489 = LINE('',#1490,#1491);
#1490 = CARTESIAN_POINT('',(2.840000000012,4.645173135033E-15,
    20.920000000007));
#1491 = VECTOR('',#1492,1.);
#1492 = DIRECTION('',(0.,-1.,2.22044604925E-16));
#1493 = ORIENTED_EDGE('',*,*,#1494,.T.);
#1494 = EDGE_CURVE('',#1487,#1487,#1495,.T.);
#1495 = CIRCLE('',#1496,0.3);
#1496 = AXIS2_PLACEMENT_3D('',#1497,#1498,#1499);
#1497 = CARTESIAN_POINT('',(2.540000000012,-4.,20.920000000007));
#1498 = DIRECTION('',(0.,-1.,2.22044604925E-16));
#1499 = DIRECTION('',(1.,0.,0.));
#1500 = ORIENTED_EDGE('',*,*,#1486,.F.);
#1501 = ORIENTED_EDGE('',*,*,#715,.F.);
#1502 = CYLINDRICAL_SURFACE('',#1503,0.3);
#1503 = AXIS2_PLACEMENT_3D('',#1504,#1505,#1506);
#1504 = CARTESIAN_POINT('',(2.540000000012,4.645173135033E-15,
    20.920000000007));
#1505 = DIRECTION('',(0.,1.,-2.22044604925E-16));
#1506 = DIRECTION('',(1.,0.,0.));
#1507 = ADVANCED_FACE('',(#1508),#1527,.T.);
#1508 = FACE_BOUND('',#1509,.F.);
#1509 = EDGE_LOOP('',(#1510,#1518,#1525,#1526));
#1510 = ORIENTED_EDGE('',*,*,#1511,.T.);
#1511 = EDGE_CURVE('',#727,#1512,#1514,.T.);
#1512 = VERTEX_POINT('',#1513);
#1513 = CARTESIAN_POINT('',(-2.24,-4.,18.379999999921));
#1514 = LINE('',#1515,#1516);
#1515 = CARTESIAN_POINT('',(-2.24,4.081179838505E-15,18.379999999921));
#1516 = VECTOR('',#1517,1.);
#1517 = DIRECTION('',(0.,-1.,2.22044604925E-16));
#1518 = ORIENTED_EDGE('',*,*,#1519,.T.);
#1519 = EDGE_CURVE('',#1512,#1512,#1520,.T.);
#1520 = CIRCLE('',#1521,0.3);
#1521 = AXIS2_PLACEMENT_3D('',#1522,#1523,#1524);
#1522 = CARTESIAN_POINT('',(-2.54,-4.,18.379999999921));
#1523 = DIRECTION('',(0.,-1.,2.22044604925E-16));
#1524 = DIRECTION('',(1.,0.,0.));
#1525 = ORIENTED_EDGE('',*,*,#1511,.F.);
#1526 = ORIENTED_EDGE('',*,*,#726,.F.);
#1527 = CYLINDRICAL_SURFACE('',#1528,0.3);
#1528 = AXIS2_PLACEMENT_3D('',#1529,#1530,#1531);
#1529 = CARTESIAN_POINT('',(-2.54,4.081179838505E-15,18.379999999921));
#1530 = DIRECTION('',(0.,1.,-2.22044604925E-16));
#1531 = DIRECTION('',(1.,0.,0.));
#1532 = ADVANCED_FACE('',(#1533),#1552,.T.);
#1533 = FACE_BOUND('',#1534,.F.);
#1534 = EDGE_LOOP('',(#1535,#1543,#1550,#1551));
#1535 = ORIENTED_EDGE('',*,*,#1536,.T.);
#1536 = EDGE_CURVE('',#738,#1537,#1539,.T.);
#1537 = VERTEX_POINT('',#1538);
#1538 = CARTESIAN_POINT('',(-2.24,-4.,15.839999999922));
#1539 = LINE('',#1540,#1541);
#1540 = CARTESIAN_POINT('',(-2.24,3.517186541995E-15,15.839999999922));
#1541 = VECTOR('',#1542,1.);
#1542 = DIRECTION('',(0.,-1.,2.22044604925E-16));
#1543 = ORIENTED_EDGE('',*,*,#1544,.T.);
#1544 = EDGE_CURVE('',#1537,#1537,#1545,.T.);
#1545 = CIRCLE('',#1546,0.3);
#1546 = AXIS2_PLACEMENT_3D('',#1547,#1548,#1549);
#1547 = CARTESIAN_POINT('',(-2.54,-4.,15.839999999922));
#1548 = DIRECTION('',(0.,-1.,2.22044604925E-16));
#1549 = DIRECTION('',(1.,0.,0.));
#1550 = ORIENTED_EDGE('',*,*,#1536,.F.);
#1551 = ORIENTED_EDGE('',*,*,#737,.F.);
#1552 = CYLINDRICAL_SURFACE('',#1553,0.3);
#1553 = AXIS2_PLACEMENT_3D('',#1554,#1555,#1556);
#1554 = CARTESIAN_POINT('',(-2.54,3.517186541995E-15,15.839999999922));
#1555 = DIRECTION('',(0.,1.,-2.22044604925E-16));
#1556 = DIRECTION('',(1.,0.,0.));
#1557 = ADVANCED_FACE('',(#1558),#1577,.T.);
#1558 = FACE_BOUND('',#1559,.F.);
#1559 = EDGE_LOOP('',(#1560,#1568,#1575,#1576));
#1560 = ORIENTED_EDGE('',*,*,#1561,.T.);
#1561 = EDGE_CURVE('',#749,#1562,#1564,.T.);
#1562 = VERTEX_POINT('',#1563);
#1563 = CARTESIAN_POINT('',(-2.24,-4.,13.299999999922));
#1564 = LINE('',#1565,#1566);
#1565 = CARTESIAN_POINT('',(-2.24,2.953193245486E-15,13.299999999922));
#1566 = VECTOR('',#1567,1.);
#1567 = DIRECTION('',(0.,-1.,2.22044604925E-16));
#1568 = ORIENTED_EDGE('',*,*,#1569,.T.);
#1569 = EDGE_CURVE('',#1562,#1562,#1570,.T.);
#1570 = CIRCLE('',#1571,0.3);
#1571 = AXIS2_PLACEMENT_3D('',#1572,#1573,#1574);
#1572 = CARTESIAN_POINT('',(-2.54,-4.,13.299999999922));
#1573 = DIRECTION('',(0.,-1.,2.22044604925E-16));
#1574 = DIRECTION('',(1.,0.,0.));
#1575 = ORIENTED_EDGE('',*,*,#1561,.F.);
#1576 = ORIENTED_EDGE('',*,*,#748,.F.);
#1577 = CYLINDRICAL_SURFACE('',#1578,0.3);
#1578 = AXIS2_PLACEMENT_3D('',#1579,#1580,#1581);
#1579 = CARTESIAN_POINT('',(-2.54,2.953193245486E-15,13.299999999922));
#1580 = DIRECTION('',(0.,1.,-2.22044604925E-16));
#1581 = DIRECTION('',(1.,0.,0.));
#1582 = ADVANCED_FACE('',(#1583),#1602,.T.);
#1583 = FACE_BOUND('',#1584,.F.);
#1584 = EDGE_LOOP('',(#1585,#1593,#1600,#1601));
#1585 = ORIENTED_EDGE('',*,*,#1586,.T.);
#1586 = EDGE_CURVE('',#760,#1587,#1589,.T.);
#1587 = VERTEX_POINT('',#1588);
#1588 = CARTESIAN_POINT('',(-2.24,-4.,10.759999999921));
#1589 = LINE('',#1590,#1591);
#1590 = CARTESIAN_POINT('',(-2.24,2.389199948976E-15,10.759999999921));
#1591 = VECTOR('',#1592,1.);
#1592 = DIRECTION('',(0.,-1.,2.22044604925E-16));
#1593 = ORIENTED_EDGE('',*,*,#1594,.T.);
#1594 = EDGE_CURVE('',#1587,#1587,#1595,.T.);
#1595 = CIRCLE('',#1596,0.3);
#1596 = AXIS2_PLACEMENT_3D('',#1597,#1598,#1599);
#1597 = CARTESIAN_POINT('',(-2.54,-4.,10.759999999921));
#1598 = DIRECTION('',(0.,-1.,2.22044604925E-16));
#1599 = DIRECTION('',(1.,0.,0.));
#1600 = ORIENTED_EDGE('',*,*,#1586,.F.);
#1601 = ORIENTED_EDGE('',*,*,#759,.F.);
#1602 = CYLINDRICAL_SURFACE('',#1603,0.3);
#1603 = AXIS2_PLACEMENT_3D('',#1604,#1605,#1606);
#1604 = CARTESIAN_POINT('',(-2.54,2.389199948976E-15,10.759999999921));
#1605 = DIRECTION('',(0.,1.,-2.22044604925E-16));
#1606 = DIRECTION('',(1.,0.,0.));
#1607 = ADVANCED_FACE('',(#1608),#1627,.T.);
#1608 = FACE_BOUND('',#1609,.F.);
#1609 = EDGE_LOOP('',(#1610,#1618,#1625,#1626));
#1610 = ORIENTED_EDGE('',*,*,#1611,.T.);
#1611 = EDGE_CURVE('',#771,#1612,#1614,.T.);
#1612 = VERTEX_POINT('',#1613);
#1613 = CARTESIAN_POINT('',(-2.24,-4.,8.219999999919));
#1614 = LINE('',#1615,#1616);
#1615 = CARTESIAN_POINT('',(-2.24,1.825206652466E-15,8.219999999919));
#1616 = VECTOR('',#1617,1.);
#1617 = DIRECTION('',(0.,-1.,2.22044604925E-16));
#1618 = ORIENTED_EDGE('',*,*,#1619,.T.);
#1619 = EDGE_CURVE('',#1612,#1612,#1620,.T.);
#1620 = CIRCLE('',#1621,0.3);
#1621 = AXIS2_PLACEMENT_3D('',#1622,#1623,#1624);
#1622 = CARTESIAN_POINT('',(-2.54,-4.,8.219999999919));
#1623 = DIRECTION('',(0.,-1.,2.22044604925E-16));
#1624 = DIRECTION('',(1.,0.,0.));
#1625 = ORIENTED_EDGE('',*,*,#1611,.F.);
#1626 = ORIENTED_EDGE('',*,*,#770,.F.);
#1627 = CYLINDRICAL_SURFACE('',#1628,0.3);
#1628 = AXIS2_PLACEMENT_3D('',#1629,#1630,#1631);
#1629 = CARTESIAN_POINT('',(-2.54,1.825206652466E-15,8.219999999919));
#1630 = DIRECTION('',(0.,1.,-2.22044604925E-16));
#1631 = DIRECTION('',(1.,0.,0.));
#1632 = ADVANCED_FACE('',(#1633),#1652,.T.);
#1633 = FACE_BOUND('',#1634,.F.);
#1634 = EDGE_LOOP('',(#1635,#1643,#1650,#1651));
#1635 = ORIENTED_EDGE('',*,*,#1636,.T.);
#1636 = EDGE_CURVE('',#782,#1637,#1639,.T.);
#1637 = VERTEX_POINT('',#1638);
#1638 = CARTESIAN_POINT('',(-2.24,-4.,5.679999999917));
#1639 = LINE('',#1640,#1641);
#1640 = CARTESIAN_POINT('',(-2.24,1.261213355956E-15,5.679999999917));
#1641 = VECTOR('',#1642,1.);
#1642 = DIRECTION('',(0.,-1.,2.22044604925E-16));
#1643 = ORIENTED_EDGE('',*,*,#1644,.T.);
#1644 = EDGE_CURVE('',#1637,#1637,#1645,.T.);
#1645 = CIRCLE('',#1646,0.3);
#1646 = AXIS2_PLACEMENT_3D('',#1647,#1648,#1649);
#1647 = CARTESIAN_POINT('',(-2.54,-4.,5.679999999917));
#1648 = DIRECTION('',(0.,-1.,2.22044604925E-16));
#1649 = DIRECTION('',(1.,0.,0.));
#1650 = ORIENTED_EDGE('',*,*,#1636,.F.);
#1651 = ORIENTED_EDGE('',*,*,#781,.F.);
#1652 = CYLINDRICAL_SURFACE('',#1653,0.3);
#1653 = AXIS2_PLACEMENT_3D('',#1654,#1655,#1656);
#1654 = CARTESIAN_POINT('',(-2.54,1.261213355956E-15,5.679999999917));
#1655 = DIRECTION('',(0.,1.,-2.22044604925E-16));
#1656 = DIRECTION('',(1.,0.,0.));
#1657 = ADVANCED_FACE('',(#1658),#1677,.T.);
#1658 = FACE_BOUND('',#1659,.F.);
#1659 = EDGE_LOOP('',(#1660,#1668,#1675,#1676));
#1660 = ORIENTED_EDGE('',*,*,#1661,.T.);
#1661 = EDGE_CURVE('',#793,#1662,#1664,.T.);
#1662 = VERTEX_POINT('',#1663);
#1663 = CARTESIAN_POINT('',(-2.24,-4.,3.139999999914));
#1664 = LINE('',#1665,#1666);
#1665 = CARTESIAN_POINT('',(-2.24,6.972200594455E-16,3.139999999914));
#1666 = VECTOR('',#1667,1.);
#1667 = DIRECTION('',(0.,-1.,2.22044604925E-16));
#1668 = ORIENTED_EDGE('',*,*,#1669,.T.);
#1669 = EDGE_CURVE('',#1662,#1662,#1670,.T.);
#1670 = CIRCLE('',#1671,0.3);
#1671 = AXIS2_PLACEMENT_3D('',#1672,#1673,#1674);
#1672 = CARTESIAN_POINT('',(-2.54,-4.,3.139999999914));
#1673 = DIRECTION('',(0.,-1.,2.22044604925E-16));
#1674 = DIRECTION('',(1.,0.,0.));
#1675 = ORIENTED_EDGE('',*,*,#1661,.F.);
#1676 = ORIENTED_EDGE('',*,*,#792,.F.);
#1677 = CYLINDRICAL_SURFACE('',#1678,0.3);
#1678 = AXIS2_PLACEMENT_3D('',#1679,#1680,#1681);
#1679 = CARTESIAN_POINT('',(-2.54,6.972200594455E-16,3.139999999914));
#1680 = DIRECTION('',(0.,1.,-2.22044604925E-16));
#1681 = DIRECTION('',(1.,0.,0.));
#1682 = ADVANCED_FACE('',(#1683),#1702,.T.);
#1683 = FACE_BOUND('',#1684,.F.);
#1684 = EDGE_LOOP('',(#1685,#1693,#1700,#1701));
#1685 = ORIENTED_EDGE('',*,*,#1686,.T.);
#1686 = EDGE_CURVE('',#804,#1687,#1689,.T.);
#1687 = VERTEX_POINT('',#1688);
#1688 = CARTESIAN_POINT('',(2.840000000012,-4.,18.379999999994));
#1689 = LINE('',#1690,#1691);
#1690 = CARTESIAN_POINT('',(2.840000000012,4.081179838521E-15,
    18.379999999994));
#1691 = VECTOR('',#1692,1.);
#1692 = DIRECTION('',(0.,-1.,2.22044604925E-16));
#1693 = ORIENTED_EDGE('',*,*,#1694,.T.);
#1694 = EDGE_CURVE('',#1687,#1687,#1695,.T.);
#1695 = CIRCLE('',#1696,0.3);
#1696 = AXIS2_PLACEMENT_3D('',#1697,#1698,#1699);
#1697 = CARTESIAN_POINT('',(2.540000000012,-4.,18.379999999994));
#1698 = DIRECTION('',(0.,-1.,2.22044604925E-16));
#1699 = DIRECTION('',(1.,0.,0.));
#1700 = ORIENTED_EDGE('',*,*,#1686,.F.);
#1701 = ORIENTED_EDGE('',*,*,#803,.F.);
#1702 = CYLINDRICAL_SURFACE('',#1703,0.3);
#1703 = AXIS2_PLACEMENT_3D('',#1704,#1705,#1706);
#1704 = CARTESIAN_POINT('',(2.540000000012,4.081179838521E-15,
    18.379999999994));
#1705 = DIRECTION('',(0.,1.,-2.22044604925E-16));
#1706 = DIRECTION('',(1.,0.,0.));
#1707 = ADVANCED_FACE('',(#1708),#1727,.T.);
#1708 = FACE_BOUND('',#1709,.F.);
#1709 = EDGE_LOOP('',(#1710,#1718,#1725,#1726));
#1710 = ORIENTED_EDGE('',*,*,#1711,.T.);
#1711 = EDGE_CURVE('',#815,#1712,#1714,.T.);
#1712 = VERTEX_POINT('',#1713);
#1713 = CARTESIAN_POINT('',(2.840000000012,-4.,15.839999999981));
#1714 = LINE('',#1715,#1716);
#1715 = CARTESIAN_POINT('',(2.840000000012,3.517186542008E-15,
    15.839999999981));
#1716 = VECTOR('',#1717,1.);
#1717 = DIRECTION('',(0.,-1.,2.22044604925E-16));
#1718 = ORIENTED_EDGE('',*,*,#1719,.T.);
#1719 = EDGE_CURVE('',#1712,#1712,#1720,.T.);
#1720 = CIRCLE('',#1721,0.3);
#1721 = AXIS2_PLACEMENT_3D('',#1722,#1723,#1724);
#1722 = CARTESIAN_POINT('',(2.540000000012,-4.,15.839999999981));
#1723 = DIRECTION('',(0.,-1.,2.22044604925E-16));
#1724 = DIRECTION('',(1.,0.,0.));
#1725 = ORIENTED_EDGE('',*,*,#1711,.F.);
#1726 = ORIENTED_EDGE('',*,*,#814,.F.);
#1727 = CYLINDRICAL_SURFACE('',#1728,0.3);
#1728 = AXIS2_PLACEMENT_3D('',#1729,#1730,#1731);
#1729 = CARTESIAN_POINT('',(2.540000000012,3.517186542008E-15,
    15.839999999981));
#1730 = DIRECTION('',(0.,1.,-2.22044604925E-16));
#1731 = DIRECTION('',(1.,0.,0.));
#1732 = ADVANCED_FACE('',(#1733),#1752,.T.);
#1733 = FACE_BOUND('',#1734,.F.);
#1734 = EDGE_LOOP('',(#1735,#1743,#1750,#1751));
#1735 = ORIENTED_EDGE('',*,*,#1736,.T.);
#1736 = EDGE_CURVE('',#826,#1737,#1739,.T.);
#1737 = VERTEX_POINT('',#1738);
#1738 = CARTESIAN_POINT('',(2.840000000012,-4.,13.299999999967));
#1739 = LINE('',#1740,#1741);
#1740 = CARTESIAN_POINT('',(2.840000000012,2.953193245496E-15,
    13.299999999967));
#1741 = VECTOR('',#1742,1.);
#1742 = DIRECTION('',(0.,-1.,2.22044604925E-16));
#1743 = ORIENTED_EDGE('',*,*,#1744,.T.);
#1744 = EDGE_CURVE('',#1737,#1737,#1745,.T.);
#1745 = CIRCLE('',#1746,0.3);
#1746 = AXIS2_PLACEMENT_3D('',#1747,#1748,#1749);
#1747 = CARTESIAN_POINT('',(2.540000000012,-4.,13.299999999967));
#1748 = DIRECTION('',(0.,-1.,2.22044604925E-16));
#1749 = DIRECTION('',(1.,0.,0.));
#1750 = ORIENTED_EDGE('',*,*,#1736,.F.);
#1751 = ORIENTED_EDGE('',*,*,#825,.F.);
#1752 = CYLINDRICAL_SURFACE('',#1753,0.3);
#1753 = AXIS2_PLACEMENT_3D('',#1754,#1755,#1756);
#1754 = CARTESIAN_POINT('',(2.540000000012,2.953193245496E-15,
    13.299999999967));
#1755 = DIRECTION('',(0.,1.,-2.22044604925E-16));
#1756 = DIRECTION('',(1.,0.,0.));
#1757 = ADVANCED_FACE('',(#1758),#1777,.T.);
#1758 = FACE_BOUND('',#1759,.F.);
#1759 = EDGE_LOOP('',(#1760,#1768,#1775,#1776));
#1760 = ORIENTED_EDGE('',*,*,#1761,.T.);
#1761 = EDGE_CURVE('',#837,#1762,#1764,.T.);
#1762 = VERTEX_POINT('',#1763);
#1763 = CARTESIAN_POINT('',(2.840000000012,-4.,10.759999999954));
#1764 = LINE('',#1765,#1766);
#1765 = CARTESIAN_POINT('',(2.840000000012,2.389199948983E-15,
    10.759999999954));
#1766 = VECTOR('',#1767,1.);
#1767 = DIRECTION('',(0.,-1.,2.22044604925E-16));
#1768 = ORIENTED_EDGE('',*,*,#1769,.T.);
#1769 = EDGE_CURVE('',#1762,#1762,#1770,.T.);
#1770 = CIRCLE('',#1771,0.3);
#1771 = AXIS2_PLACEMENT_3D('',#1772,#1773,#1774);
#1772 = CARTESIAN_POINT('',(2.540000000012,-4.,10.759999999954));
#1773 = DIRECTION('',(0.,-1.,2.22044604925E-16));
#1774 = DIRECTION('',(1.,0.,0.));
#1775 = ORIENTED_EDGE('',*,*,#1761,.F.);
#1776 = ORIENTED_EDGE('',*,*,#836,.F.);
#1777 = CYLINDRICAL_SURFACE('',#1778,0.3);
#1778 = AXIS2_PLACEMENT_3D('',#1779,#1780,#1781);
#1779 = CARTESIAN_POINT('',(2.540000000012,2.389199948983E-15,
    10.759999999954));
#1780 = DIRECTION('',(0.,1.,-2.22044604925E-16));
#1781 = DIRECTION('',(1.,0.,0.));
#1782 = ADVANCED_FACE('',(#1783),#1802,.T.);
#1783 = FACE_BOUND('',#1784,.F.);
#1784 = EDGE_LOOP('',(#1785,#1793,#1800,#1801));
#1785 = ORIENTED_EDGE('',*,*,#1786,.T.);
#1786 = EDGE_CURVE('',#848,#1787,#1789,.T.);
#1787 = VERTEX_POINT('',#1788);
#1788 = CARTESIAN_POINT('',(2.840000000012,-4.,8.219999999941));
#1789 = LINE('',#1790,#1791);
#1790 = CARTESIAN_POINT('',(2.840000000012,1.825206652471E-15,
    8.219999999941));
#1791 = VECTOR('',#1792,1.);
#1792 = DIRECTION('',(0.,-1.,2.22044604925E-16));
#1793 = ORIENTED_EDGE('',*,*,#1794,.T.);
#1794 = EDGE_CURVE('',#1787,#1787,#1795,.T.);
#1795 = CIRCLE('',#1796,0.3);
#1796 = AXIS2_PLACEMENT_3D('',#1797,#1798,#1799);
#1797 = CARTESIAN_POINT('',(2.540000000012,-4.,8.219999999941));
#1798 = DIRECTION('',(0.,-1.,2.22044604925E-16));
#1799 = DIRECTION('',(1.,0.,0.));
#1800 = ORIENTED_EDGE('',*,*,#1786,.F.);
#1801 = ORIENTED_EDGE('',*,*,#847,.F.);
#1802 = CYLINDRICAL_SURFACE('',#1803,0.3);
#1803 = AXIS2_PLACEMENT_3D('',#1804,#1805,#1806);
#1804 = CARTESIAN_POINT('',(2.540000000012,1.825206652471E-15,
    8.219999999941));
#1805 = DIRECTION('',(0.,1.,-2.22044604925E-16));
#1806 = DIRECTION('',(1.,0.,0.));
#1807 = ADVANCED_FACE('',(#1808),#1827,.T.);
#1808 = FACE_BOUND('',#1809,.F.);
#1809 = EDGE_LOOP('',(#1810,#1818,#1825,#1826));
#1810 = ORIENTED_EDGE('',*,*,#1811,.T.);
#1811 = EDGE_CURVE('',#859,#1812,#1814,.T.);
#1812 = VERTEX_POINT('',#1813);
#1813 = CARTESIAN_POINT('',(2.840000000012,-4.,5.679999999928));
#1814 = LINE('',#1815,#1816);
#1815 = CARTESIAN_POINT('',(2.840000000012,1.261213355958E-15,
    5.679999999928));
#1816 = VECTOR('',#1817,1.);
#1817 = DIRECTION('',(0.,-1.,2.22044604925E-16));
#1818 = ORIENTED_EDGE('',*,*,#1819,.T.);
#1819 = EDGE_CURVE('',#1812,#1812,#1820,.T.);
#1820 = CIRCLE('',#1821,0.3);
#1821 = AXIS2_PLACEMENT_3D('',#1822,#1823,#1824);
#1822 = CARTESIAN_POINT('',(2.540000000012,-4.,5.679999999928));
#1823 = DIRECTION('',(0.,-1.,2.22044604925E-16));
#1824 = DIRECTION('',(1.,0.,0.));
#1825 = ORIENTED_EDGE('',*,*,#1811,.F.);
#1826 = ORIENTED_EDGE('',*,*,#858,.F.);
#1827 = CYLINDRICAL_SURFACE('',#1828,0.3);
#1828 = AXIS2_PLACEMENT_3D('',#1829,#1830,#1831);
#1829 = CARTESIAN_POINT('',(2.540000000012,1.261213355958E-15,
    5.679999999928));
#1830 = DIRECTION('',(0.,1.,-2.22044604925E-16));
#1831 = DIRECTION('',(1.,0.,0.));
#1832 = ADVANCED_FACE('',(#1833),#1852,.T.);
#1833 = FACE_BOUND('',#1834,.F.);
#1834 = EDGE_LOOP('',(#1835,#1843,#1850,#1851));
#1835 = ORIENTED_EDGE('',*,*,#1836,.T.);
#1836 = EDGE_CURVE('',#870,#1837,#1839,.T.);
#1837 = VERTEX_POINT('',#1838);
#1838 = CARTESIAN_POINT('',(2.840000000012,-4.,3.139999999915));
#1839 = LINE('',#1840,#1841);
#1840 = CARTESIAN_POINT('',(2.840000000012,6.972200594456E-16,
    3.139999999915));
#1841 = VECTOR('',#1842,1.);
#1842 = DIRECTION('',(0.,-1.,2.22044604925E-16));
#1843 = ORIENTED_EDGE('',*,*,#1844,.T.);
#1844 = EDGE_CURVE('',#1837,#1837,#1845,.T.);
#1845 = CIRCLE('',#1846,0.3);
#1846 = AXIS2_PLACEMENT_3D('',#1847,#1848,#1849);
#1847 = CARTESIAN_POINT('',(2.540000000012,-4.,3.139999999915));
#1848 = DIRECTION('',(0.,-1.,2.22044604925E-16));
#1849 = DIRECTION('',(1.,0.,0.));
#1850 = ORIENTED_EDGE('',*,*,#1836,.F.);
#1851 = ORIENTED_EDGE('',*,*,#869,.F.);
#1852 = CYLINDRICAL_SURFACE('',#1853,0.3);
#1853 = AXIS2_PLACEMENT_3D('',#1854,#1855,#1856);
#1854 = CARTESIAN_POINT('',(2.540000000012,6.972200594456E-16,
    3.139999999915));
#1855 = DIRECTION('',(0.,1.,-2.22044604925E-16));
#1856 = DIRECTION('',(1.,0.,0.));
#1857 = ADVANCED_FACE('',(#1858),#1876,.T.);
#1858 = FACE_BOUND('',#1859,.T.);
#1859 = EDGE_LOOP('',(#1860,#1861,#1862,#1870));
#1860 = ORIENTED_EDGE('',*,*,#919,.T.);
#1861 = ORIENTED_EDGE('',*,*,#1130,.T.);
#1862 = ORIENTED_EDGE('',*,*,#1863,.T.);
#1863 = EDGE_CURVE('',#1131,#1864,#1866,.T.);
#1864 = VERTEX_POINT('',#1865);
#1865 = CARTESIAN_POINT('',(4.63,15.48,40.655));
#1866 = LINE('',#1867,#1868);
#1867 = CARTESIAN_POINT('',(4.63,5.3,40.655));
#1868 = VECTOR('',#1869,1.);
#1869 = DIRECTION('',(0.,1.,0.));
#1870 = ORIENTED_EDGE('',*,*,#1871,.T.);
#1871 = EDGE_CURVE('',#1864,#912,#1872,.T.);
#1872 = LINE('',#1873,#1874);
#1873 = CARTESIAN_POINT('',(4.63,15.48,40.655));
#1874 = VECTOR('',#1875,1.);
#1875 = DIRECTION('',(-1.,0.,0.));
#1876 = PLANE('',#1877);
#1877 = AXIS2_PLACEMENT_3D('',#1878,#1879,#1880);
#1878 = CARTESIAN_POINT('',(0.,10.39,40.655));
#1879 = DIRECTION('',(0.,0.,1.));
#1880 = DIRECTION('',(1.,0.,0.));
#1881 = ADVANCED_FACE('',(#1882),#1916,.F.);
#1882 = FACE_BOUND('',#1883,.F.);
#1883 = EDGE_LOOP('',(#1884,#1894,#1900,#1901,#1902,#1903,#1904,#1910));
#1884 = ORIENTED_EDGE('',*,*,#1885,.F.);
#1885 = EDGE_CURVE('',#1886,#1888,#1890,.T.);
#1886 = VERTEX_POINT('',#1887);
#1887 = CARTESIAN_POINT('',(4.63,15.48,39.3));
#1888 = VERTEX_POINT('',#1889);
#1889 = CARTESIAN_POINT('',(1.17,15.48,39.3));
#1890 = LINE('',#1891,#1892);
#1891 = CARTESIAN_POINT('',(4.63,15.48,39.3));
#1892 = VECTOR('',#1893,1.);
#1893 = DIRECTION('',(-1.,0.,0.));
#1894 = ORIENTED_EDGE('',*,*,#1895,.T.);
#1895 = EDGE_CURVE('',#1886,#1864,#1896,.T.);
#1896 = LINE('',#1897,#1898);
#1897 = CARTESIAN_POINT('',(4.63,15.48,39.));
#1898 = VECTOR('',#1899,1.);
#1899 = DIRECTION('',(0.,0.,1.));
#1900 = ORIENTED_EDGE('',*,*,#1871,.T.);
#1901 = ORIENTED_EDGE('',*,*,#911,.F.);
#1902 = ORIENTED_EDGE('',*,*,#943,.T.);
#1903 = ORIENTED_EDGE('',*,*,#951,.F.);
#1904 = ORIENTED_EDGE('',*,*,#1905,.F.);
#1905 = EDGE_CURVE('',#991,#389,#1906,.T.);
#1906 = LINE('',#1907,#1908);
#1907 = CARTESIAN_POINT('',(4.63,15.48,39.));
#1908 = VECTOR('',#1909,1.);
#1909 = DIRECTION('',(-1.,0.,0.));
#1910 = ORIENTED_EDGE('',*,*,#1911,.T.);
#1911 = EDGE_CURVE('',#991,#1888,#1912,.T.);
#1912 = LINE('',#1913,#1914);
#1913 = CARTESIAN_POINT('',(1.17,15.48,0.));
#1914 = VECTOR('',#1915,1.);
#1915 = DIRECTION('',(0.,0.,1.));
#1916 = PLANE('',#1917);
#1917 = AXIS2_PLACEMENT_3D('',#1918,#1919,#1920);
#1918 = CARTESIAN_POINT('',(4.63,15.48,39.));
#1919 = DIRECTION('',(0.,-1.,0.));
#1920 = DIRECTION('',(-1.,0.,0.));
#1921 = ADVANCED_FACE('',(#1922),#1928,.F.);
#1922 = FACE_BOUND('',#1923,.F.);
#1923 = EDGE_LOOP('',(#1924,#1925,#1926,#1927));
#1924 = ORIENTED_EDGE('',*,*,#1905,.T.);
#1925 = ORIENTED_EDGE('',*,*,#967,.T.);
#1926 = ORIENTED_EDGE('',*,*,#1022,.T.);
#1927 = ORIENTED_EDGE('',*,*,#998,.F.);
#1928 = PLANE('',#1929);
#1929 = AXIS2_PLACEMENT_3D('',#1930,#1931,#1932);
#1930 = CARTESIAN_POINT('',(0.,10.39,39.));
#1931 = DIRECTION('',(0.,0.,1.));
#1932 = DIRECTION('',(1.,0.,0.));
#1933 = ADVANCED_FACE('',(#1934),#1945,.F.);
#1934 = FACE_BOUND('',#1935,.F.);
#1935 = EDGE_LOOP('',(#1936,#1937,#1943,#1944));
#1936 = ORIENTED_EDGE('',*,*,#1046,.F.);
#1937 = ORIENTED_EDGE('',*,*,#1938,.T.);
#1938 = EDGE_CURVE('',#1039,#1886,#1939,.T.);
#1939 = LINE('',#1940,#1941);
#1940 = CARTESIAN_POINT('',(4.63,15.48,0.));
#1941 = VECTOR('',#1942,1.);
#1942 = DIRECTION('',(0.,0.,1.));
#1943 = ORIENTED_EDGE('',*,*,#1885,.T.);
#1944 = ORIENTED_EDGE('',*,*,#1911,.F.);
#1945 = PLANE('',#1946);
#1946 = AXIS2_PLACEMENT_3D('',#1947,#1948,#1949);
#1947 = CARTESIAN_POINT('',(4.63,15.48,0.));
#1948 = DIRECTION('',(0.,-1.,0.));
#1949 = DIRECTION('',(-1.,0.,0.));
#1950 = ADVANCED_FACE('',(#1951),#1962,.F.);
#1951 = FACE_BOUND('',#1952,.F.);
#1952 = EDGE_LOOP('',(#1953,#1954,#1955,#1961));
#1953 = ORIENTED_EDGE('',*,*,#1063,.T.);
#1954 = ORIENTED_EDGE('',*,*,#1105,.T.);
#1955 = ORIENTED_EDGE('',*,*,#1956,.T.);
#1956 = EDGE_CURVE('',#1106,#1039,#1957,.T.);
#1957 = LINE('',#1958,#1959);
#1958 = CARTESIAN_POINT('',(4.63,5.3,39.));
#1959 = VECTOR('',#1960,1.);
#1960 = DIRECTION('',(0.,1.,0.));
#1961 = ORIENTED_EDGE('',*,*,#1038,.F.);
#1962 = PLANE('',#1963);
#1963 = AXIS2_PLACEMENT_3D('',#1964,#1965,#1966);
#1964 = CARTESIAN_POINT('',(4.63,5.3,0.));
#1965 = DIRECTION('',(-1.,0.,0.));
#1966 = DIRECTION('',(0.,1.,0.));
#1967 = ADVANCED_FACE('',(#1968),#1979,.T.);
#1968 = FACE_BOUND('',#1969,.T.);
#1969 = EDGE_LOOP('',(#1970,#1971,#1977,#1978));
#1970 = ORIENTED_EDGE('',*,*,#1113,.T.);
#1971 = ORIENTED_EDGE('',*,*,#1972,.T.);
#1972 = EDGE_CURVE('',#1106,#1139,#1973,.T.);
#1973 = LINE('',#1974,#1975);
#1974 = CARTESIAN_POINT('',(4.63,5.3,0.));
#1975 = VECTOR('',#1976,1.);
#1976 = DIRECTION('',(0.,0.,1.));
#1977 = ORIENTED_EDGE('',*,*,#1146,.T.);
#1978 = ORIENTED_EDGE('',*,*,#1080,.F.);
#1979 = PLANE('',#1980);
#1980 = AXIS2_PLACEMENT_3D('',#1981,#1982,#1983);
#1981 = CARTESIAN_POINT('',(4.63,5.3,0.));
#1982 = DIRECTION('',(0.,-1.,0.));
#1983 = DIRECTION('',(-1.,0.,0.));
#1984 = ADVANCED_FACE('',(#1985),#1996,.F.);
#1985 = FACE_BOUND('',#1986,.F.);
#1986 = EDGE_LOOP('',(#1987,#1993,#1994,#1995));
#1987 = ORIENTED_EDGE('',*,*,#1988,.F.);
#1988 = EDGE_CURVE('',#1139,#1886,#1989,.T.);
#1989 = LINE('',#1990,#1991);
#1990 = CARTESIAN_POINT('',(4.63,5.3,39.3));
#1991 = VECTOR('',#1992,1.);
#1992 = DIRECTION('',(0.,1.,0.));
#1993 = ORIENTED_EDGE('',*,*,#1138,.T.);
#1994 = ORIENTED_EDGE('',*,*,#1863,.T.);
#1995 = ORIENTED_EDGE('',*,*,#1895,.F.);
#1996 = PLANE('',#1997);
#1997 = AXIS2_PLACEMENT_3D('',#1998,#1999,#2000);
#1998 = CARTESIAN_POINT('',(4.63,5.3,39.));
#1999 = DIRECTION('',(-1.,0.,0.));
#2000 = DIRECTION('',(0.,1.,0.));
#2001 = ADVANCED_FACE('',(#2002),#2005,.F.);
#2002 = FACE_BOUND('',#2003,.T.);
#2003 = EDGE_LOOP('',(#2004));
#2004 = ORIENTED_EDGE('',*,*,#1169,.T.);
#2005 = PLANE('',#2006);
#2006 = AXIS2_PLACEMENT_3D('',#2007,#2008,#2009);
#2007 = CARTESIAN_POINT('',(6.221181092275E-12,-4.,19.649999999987));
#2008 = DIRECTION('',(0.,1.,0.));
#2009 = DIRECTION('',(0.,0.,1.));
#2010 = ADVANCED_FACE('',(#2011),#2014,.F.);
#2011 = FACE_BOUND('',#2012,.T.);
#2012 = EDGE_LOOP('',(#2013));
#2013 = ORIENTED_EDGE('',*,*,#1194,.T.);
#2014 = PLANE('',#2015);
#2015 = AXIS2_PLACEMENT_3D('',#2016,#2017,#2018);
#2016 = CARTESIAN_POINT('',(6.221181092275E-12,-4.,19.649999999987));
#2017 = DIRECTION('',(0.,1.,0.));
#2018 = DIRECTION('',(0.,0.,1.));
#2019 = ADVANCED_FACE('',(#2020),#2023,.F.);
#2020 = FACE_BOUND('',#2021,.T.);
#2021 = EDGE_LOOP('',(#2022));
#2022 = ORIENTED_EDGE('',*,*,#1219,.T.);
#2023 = PLANE('',#2024);
#2024 = AXIS2_PLACEMENT_3D('',#2025,#2026,#2027);
#2025 = CARTESIAN_POINT('',(6.221181092275E-12,-4.,19.649999999987));
#2026 = DIRECTION('',(0.,1.,0.));
#2027 = DIRECTION('',(0.,0.,1.));
#2028 = ADVANCED_FACE('',(#2029),#2032,.F.);
#2029 = FACE_BOUND('',#2030,.T.);
#2030 = EDGE_LOOP('',(#2031));
#2031 = ORIENTED_EDGE('',*,*,#1244,.T.);
#2032 = PLANE('',#2033);
#2033 = AXIS2_PLACEMENT_3D('',#2034,#2035,#2036);
#2034 = CARTESIAN_POINT('',(6.221181092275E-12,-4.,19.649999999987));
#2035 = DIRECTION('',(0.,1.,0.));
#2036 = DIRECTION('',(0.,0.,1.));
#2037 = ADVANCED_FACE('',(#2038),#2041,.F.);
#2038 = FACE_BOUND('',#2039,.T.);
#2039 = EDGE_LOOP('',(#2040));
#2040 = ORIENTED_EDGE('',*,*,#1269,.T.);
#2041 = PLANE('',#2042);
#2042 = AXIS2_PLACEMENT_3D('',#2043,#2044,#2045);
#2043 = CARTESIAN_POINT('',(6.221181092275E-12,-4.,19.649999999987));
#2044 = DIRECTION('',(0.,1.,0.));
#2045 = DIRECTION('',(0.,0.,1.));
#2046 = ADVANCED_FACE('',(#2047),#2050,.F.);
#2047 = FACE_BOUND('',#2048,.T.);
#2048 = EDGE_LOOP('',(#2049));
#2049 = ORIENTED_EDGE('',*,*,#1294,.T.);
#2050 = PLANE('',#2051);
#2051 = AXIS2_PLACEMENT_3D('',#2052,#2053,#2054);
#2052 = CARTESIAN_POINT('',(6.221181092275E-12,-4.,19.649999999987));
#2053 = DIRECTION('',(0.,1.,0.));
#2054 = DIRECTION('',(0.,0.,1.));
#2055 = ADVANCED_FACE('',(#2056),#2059,.F.);
#2056 = FACE_BOUND('',#2057,.T.);
#2057 = EDGE_LOOP('',(#2058));
#2058 = ORIENTED_EDGE('',*,*,#1319,.T.);
#2059 = PLANE('',#2060);
#2060 = AXIS2_PLACEMENT_3D('',#2061,#2062,#2063);
#2061 = CARTESIAN_POINT('',(6.221181092275E-12,-4.,19.649999999987));
#2062 = DIRECTION('',(0.,1.,0.));
#2063 = DIRECTION('',(0.,0.,1.));
#2064 = ADVANCED_FACE('',(#2065),#2068,.F.);
#2065 = FACE_BOUND('',#2066,.T.);
#2066 = EDGE_LOOP('',(#2067));
#2067 = ORIENTED_EDGE('',*,*,#1344,.T.);
#2068 = PLANE('',#2069);
#2069 = AXIS2_PLACEMENT_3D('',#2070,#2071,#2072);
#2070 = CARTESIAN_POINT('',(6.221181092275E-12,-4.,19.649999999987));
#2071 = DIRECTION('',(0.,1.,0.));
#2072 = DIRECTION('',(0.,0.,1.));
#2073 = ADVANCED_FACE('',(#2074),#2077,.F.);
#2074 = FACE_BOUND('',#2075,.T.);
#2075 = EDGE_LOOP('',(#2076));
#2076 = ORIENTED_EDGE('',*,*,#1369,.T.);
#2077 = PLANE('',#2078);
#2078 = AXIS2_PLACEMENT_3D('',#2079,#2080,#2081);
#2079 = CARTESIAN_POINT('',(6.221181092275E-12,-4.,19.649999999987));
#2080 = DIRECTION('',(0.,1.,0.));
#2081 = DIRECTION('',(0.,0.,1.));
#2082 = ADVANCED_FACE('',(#2083),#2086,.F.);
#2083 = FACE_BOUND('',#2084,.T.);
#2084 = EDGE_LOOP('',(#2085));
#2085 = ORIENTED_EDGE('',*,*,#1394,.T.);
#2086 = PLANE('',#2087);
#2087 = AXIS2_PLACEMENT_3D('',#2088,#2089,#2090);
#2088 = CARTESIAN_POINT('',(6.221181092275E-12,-4.,19.649999999987));
#2089 = DIRECTION('',(0.,1.,0.));
#2090 = DIRECTION('',(0.,0.,1.));
#2091 = ADVANCED_FACE('',(#2092),#2095,.F.);
#2092 = FACE_BOUND('',#2093,.T.);
#2093 = EDGE_LOOP('',(#2094));
#2094 = ORIENTED_EDGE('',*,*,#1419,.T.);
#2095 = PLANE('',#2096);
#2096 = AXIS2_PLACEMENT_3D('',#2097,#2098,#2099);
#2097 = CARTESIAN_POINT('',(6.221181092275E-12,-4.,19.649999999987));
#2098 = DIRECTION('',(0.,1.,0.));
#2099 = DIRECTION('',(0.,0.,1.));
#2100 = ADVANCED_FACE('',(#2101),#2104,.F.);
#2101 = FACE_BOUND('',#2102,.T.);
#2102 = EDGE_LOOP('',(#2103));
#2103 = ORIENTED_EDGE('',*,*,#1444,.T.);
#2104 = PLANE('',#2105);
#2105 = AXIS2_PLACEMENT_3D('',#2106,#2107,#2108);
#2106 = CARTESIAN_POINT('',(6.221181092275E-12,-4.,19.649999999987));
#2107 = DIRECTION('',(0.,1.,0.));
#2108 = DIRECTION('',(0.,0.,1.));
#2109 = ADVANCED_FACE('',(#2110),#2113,.F.);
#2110 = FACE_BOUND('',#2111,.T.);
#2111 = EDGE_LOOP('',(#2112));
#2112 = ORIENTED_EDGE('',*,*,#1469,.T.);
#2113 = PLANE('',#2114);
#2114 = AXIS2_PLACEMENT_3D('',#2115,#2116,#2117);
#2115 = CARTESIAN_POINT('',(6.221181092275E-12,-4.,19.649999999987));
#2116 = DIRECTION('',(0.,1.,0.));
#2117 = DIRECTION('',(0.,0.,1.));
#2118 = ADVANCED_FACE('',(#2119),#2122,.F.);
#2119 = FACE_BOUND('',#2120,.T.);
#2120 = EDGE_LOOP('',(#2121));
#2121 = ORIENTED_EDGE('',*,*,#1494,.T.);
#2122 = PLANE('',#2123);
#2123 = AXIS2_PLACEMENT_3D('',#2124,#2125,#2126);
#2124 = CARTESIAN_POINT('',(6.221181092275E-12,-4.,19.649999999987));
#2125 = DIRECTION('',(0.,1.,0.));
#2126 = DIRECTION('',(0.,0.,1.));
#2127 = ADVANCED_FACE('',(#2128),#2131,.F.);
#2128 = FACE_BOUND('',#2129,.T.);
#2129 = EDGE_LOOP('',(#2130));
#2130 = ORIENTED_EDGE('',*,*,#1519,.T.);
#2131 = PLANE('',#2132);
#2132 = AXIS2_PLACEMENT_3D('',#2133,#2134,#2135);
#2133 = CARTESIAN_POINT('',(6.221181092275E-12,-4.,19.649999999987));
#2134 = DIRECTION('',(0.,1.,0.));
#2135 = DIRECTION('',(0.,0.,1.));
#2136 = ADVANCED_FACE('',(#2137),#2140,.F.);
#2137 = FACE_BOUND('',#2138,.T.);
#2138 = EDGE_LOOP('',(#2139));
#2139 = ORIENTED_EDGE('',*,*,#1544,.T.);
#2140 = PLANE('',#2141);
#2141 = AXIS2_PLACEMENT_3D('',#2142,#2143,#2144);
#2142 = CARTESIAN_POINT('',(6.221181092275E-12,-4.,19.649999999987));
#2143 = DIRECTION('',(0.,1.,0.));
#2144 = DIRECTION('',(0.,0.,1.));
#2145 = ADVANCED_FACE('',(#2146),#2149,.F.);
#2146 = FACE_BOUND('',#2147,.T.);
#2147 = EDGE_LOOP('',(#2148));
#2148 = ORIENTED_EDGE('',*,*,#1569,.T.);
#2149 = PLANE('',#2150);
#2150 = AXIS2_PLACEMENT_3D('',#2151,#2152,#2153);
#2151 = CARTESIAN_POINT('',(6.221181092275E-12,-4.,19.649999999987));
#2152 = DIRECTION('',(0.,1.,0.));
#2153 = DIRECTION('',(0.,0.,1.));
#2154 = ADVANCED_FACE('',(#2155),#2158,.F.);
#2155 = FACE_BOUND('',#2156,.T.);
#2156 = EDGE_LOOP('',(#2157));
#2157 = ORIENTED_EDGE('',*,*,#1594,.T.);
#2158 = PLANE('',#2159);
#2159 = AXIS2_PLACEMENT_3D('',#2160,#2161,#2162);
#2160 = CARTESIAN_POINT('',(6.221181092275E-12,-4.,19.649999999987));
#2161 = DIRECTION('',(0.,1.,0.));
#2162 = DIRECTION('',(0.,0.,1.));
#2163 = ADVANCED_FACE('',(#2164),#2167,.F.);
#2164 = FACE_BOUND('',#2165,.T.);
#2165 = EDGE_LOOP('',(#2166));
#2166 = ORIENTED_EDGE('',*,*,#1619,.T.);
#2167 = PLANE('',#2168);
#2168 = AXIS2_PLACEMENT_3D('',#2169,#2170,#2171);
#2169 = CARTESIAN_POINT('',(6.221181092275E-12,-4.,19.649999999987));
#2170 = DIRECTION('',(0.,1.,0.));
#2171 = DIRECTION('',(0.,0.,1.));
#2172 = ADVANCED_FACE('',(#2173),#2176,.F.);
#2173 = FACE_BOUND('',#2174,.T.);
#2174 = EDGE_LOOP('',(#2175));
#2175 = ORIENTED_EDGE('',*,*,#1644,.T.);
#2176 = PLANE('',#2177);
#2177 = AXIS2_PLACEMENT_3D('',#2178,#2179,#2180);
#2178 = CARTESIAN_POINT('',(6.221181092275E-12,-4.,19.649999999987));
#2179 = DIRECTION('',(0.,1.,0.));
#2180 = DIRECTION('',(0.,0.,1.));
#2181 = ADVANCED_FACE('',(#2182),#2185,.F.);
#2182 = FACE_BOUND('',#2183,.T.);
#2183 = EDGE_LOOP('',(#2184));
#2184 = ORIENTED_EDGE('',*,*,#1669,.T.);
#2185 = PLANE('',#2186);
#2186 = AXIS2_PLACEMENT_3D('',#2187,#2188,#2189);
#2187 = CARTESIAN_POINT('',(6.221181092275E-12,-4.,19.649999999987));
#2188 = DIRECTION('',(0.,1.,0.));
#2189 = DIRECTION('',(0.,0.,1.));
#2190 = ADVANCED_FACE('',(#2191),#2194,.F.);
#2191 = FACE_BOUND('',#2192,.T.);
#2192 = EDGE_LOOP('',(#2193));
#2193 = ORIENTED_EDGE('',*,*,#1694,.T.);
#2194 = PLANE('',#2195);
#2195 = AXIS2_PLACEMENT_3D('',#2196,#2197,#2198);
#2196 = CARTESIAN_POINT('',(6.221181092275E-12,-4.,19.649999999987));
#2197 = DIRECTION('',(0.,1.,0.));
#2198 = DIRECTION('',(0.,0.,1.));
#2199 = ADVANCED_FACE('',(#2200),#2203,.F.);
#2200 = FACE_BOUND('',#2201,.T.);
#2201 = EDGE_LOOP('',(#2202));
#2202 = ORIENTED_EDGE('',*,*,#1719,.T.);
#2203 = PLANE('',#2204);
#2204 = AXIS2_PLACEMENT_3D('',#2205,#2206,#2207);
#2205 = CARTESIAN_POINT('',(6.221181092275E-12,-4.,19.649999999987));
#2206 = DIRECTION('',(0.,1.,0.));
#2207 = DIRECTION('',(0.,0.,1.));
#2208 = ADVANCED_FACE('',(#2209),#2212,.F.);
#2209 = FACE_BOUND('',#2210,.T.);
#2210 = EDGE_LOOP('',(#2211));
#2211 = ORIENTED_EDGE('',*,*,#1744,.T.);
#2212 = PLANE('',#2213);
#2213 = AXIS2_PLACEMENT_3D('',#2214,#2215,#2216);
#2214 = CARTESIAN_POINT('',(6.221181092275E-12,-4.,19.649999999987));
#2215 = DIRECTION('',(0.,1.,0.));
#2216 = DIRECTION('',(0.,0.,1.));
#2217 = ADVANCED_FACE('',(#2218),#2221,.F.);
#2218 = FACE_BOUND('',#2219,.T.);
#2219 = EDGE_LOOP('',(#2220));
#2220 = ORIENTED_EDGE('',*,*,#1769,.T.);
#2221 = PLANE('',#2222);
#2222 = AXIS2_PLACEMENT_3D('',#2223,#2224,#2225);
#2223 = CARTESIAN_POINT('',(6.221181092275E-12,-4.,19.649999999987));
#2224 = DIRECTION('',(0.,1.,0.));
#2225 = DIRECTION('',(0.,0.,1.));
#2226 = ADVANCED_FACE('',(#2227),#2230,.F.);
#2227 = FACE_BOUND('',#2228,.T.);
#2228 = EDGE_LOOP('',(#2229));
#2229 = ORIENTED_EDGE('',*,*,#1794,.T.);
#2230 = PLANE('',#2231);
#2231 = AXIS2_PLACEMENT_3D('',#2232,#2233,#2234);
#2232 = CARTESIAN_POINT('',(6.221181092275E-12,-4.,19.649999999987));
#2233 = DIRECTION('',(0.,1.,0.));
#2234 = DIRECTION('',(0.,0.,1.));
#2235 = ADVANCED_FACE('',(#2236),#2239,.F.);
#2236 = FACE_BOUND('',#2237,.T.);
#2237 = EDGE_LOOP('',(#2238));
#2238 = ORIENTED_EDGE('',*,*,#1819,.T.);
#2239 = PLANE('',#2240);
#2240 = AXIS2_PLACEMENT_3D('',#2241,#2242,#2243);
#2241 = CARTESIAN_POINT('',(6.221181092275E-12,-4.,19.649999999987));
#2242 = DIRECTION('',(0.,1.,0.));
#2243 = DIRECTION('',(0.,0.,1.));
#2244 = ADVANCED_FACE('',(#2245),#2248,.F.);
#2245 = FACE_BOUND('',#2246,.T.);
#2246 = EDGE_LOOP('',(#2247));
#2247 = ORIENTED_EDGE('',*,*,#1844,.T.);
#2248 = PLANE('',#2249);
#2249 = AXIS2_PLACEMENT_3D('',#2250,#2251,#2252);
#2250 = CARTESIAN_POINT('',(6.221181092275E-12,-4.,19.649999999987));
#2251 = DIRECTION('',(0.,1.,0.));
#2252 = DIRECTION('',(0.,0.,1.));
#2253 = ADVANCED_FACE('',(#2254),#2260,.F.);
#2254 = FACE_BOUND('',#2255,.F.);
#2255 = EDGE_LOOP('',(#2256,#2257,#2258,#2259));
#2256 = ORIENTED_EDGE('',*,*,#1956,.F.);
#2257 = ORIENTED_EDGE('',*,*,#1972,.T.);
#2258 = ORIENTED_EDGE('',*,*,#1988,.T.);
#2259 = ORIENTED_EDGE('',*,*,#1938,.F.);
#2260 = PLANE('',#2261);
#2261 = AXIS2_PLACEMENT_3D('',#2262,#2263,#2264);
#2262 = CARTESIAN_POINT('',(4.63,5.3,0.));
#2263 = DIRECTION('',(-1.,0.,0.));
#2264 = DIRECTION('',(0.,1.,0.));
#2265 = ( GEOMETRIC_REPRESENTATION_CONTEXT(3) 
GLOBAL_UNCERTAINTY_ASSIGNED_CONTEXT((#2269)) 
GLOBAL_UNIT_ASSIGNED_CONTEXT((#2266,#2267,#2268)) REPRESENTATION_CONTEXT
('Context #1','3D Context with UNIT and UNCERTAINTY') );
#2266 = ( LENGTH_UNIT() NAMED_UNIT(*) SI_UNIT(.MILLI.,.METRE.) );
#2267 = ( NAMED_UNIT(*) PLANE_ANGLE_UNIT() SI_UNIT($,.RADIAN.) );
#2268 = ( NAMED_UNIT(*) SI_UNIT($,.STERADIAN.) SOLID_ANGLE_UNIT() );
#2269 = UNCERTAINTY_MEASURE_WITH_UNIT(LENGTH_MEASURE(2.E-06),#2266,
  'distance_accuracy_value','confusion accuracy');
#2270 = PRODUCT_RELATED_PRODUCT_CATEGORY('part',$,(#7));
#2271 = MECHANICAL_DESIGN_GEOMETRIC_PRESENTATION_REPRESENTATION('',(
    #2272,#2283,#2291,#2298,#2305,#2312,#2319,#2326,#2333,#2340,#2347,
    #2354,#2361,#2368,#2375,#2382,#2389,#2396,#2403,#2410,#2417,#2424,
    #2431,#2438,#2445,#2452,#2459,#2466,#2473,#2480,#2487,#2494,#2501,
    #2508,#2515,#2522,#2529,#2536,#2543,#2550,#2557,#2564,#2571,#2578,
    #2585,#2592,#2599,#2606,#2613,#2620,#2627,#2634,#2641,#2648,#2655,
    #2662,#2669),#2265);
#2272 = STYLED_ITEM('color',(#2273),#15);
#2273 = PRESENTATION_STYLE_ASSIGNMENT((#2274,#2280));
#2274 = SURFACE_STYLE_USAGE(.BOTH.,#2275);
#2275 = SURFACE_SIDE_STYLE('',(#2276));
#2276 = SURFACE_STYLE_FILL_AREA(#2277);
#2277 = FILL_AREA_STYLE('',(#2278));
#2278 = FILL_AREA_STYLE_COLOUR('',#2279);
#2279 = COLOUR_RGB('',0.150000005922,0.1599999992,0.1599999992);
#2280 = CURVE_STYLE('',#2281,POSITIVE_LENGTH_MEASURE(0.1),#2282);
#2281 = DRAUGHTING_PRE_DEFINED_CURVE_FONT('continuous');
#2282 = COLOUR_RGB('',9.803921802644E-02,9.803921802644E-02,
  9.803921802644E-02);
#2283 = OVER_RIDING_STYLED_ITEM('overriding color',(#2284),#1157,#2272);
#2284 = PRESENTATION_STYLE_ASSIGNMENT((#2285));
#2285 = SURFACE_STYLE_USAGE(.BOTH.,#2286);
#2286 = SURFACE_SIDE_STYLE('',(#2287));
#2287 = SURFACE_STYLE_FILL_AREA(#2288);
#2288 = FILL_AREA_STYLE('',(#2289));
#2289 = FILL_AREA_STYLE_COLOUR('',#2290);
#2290 = COLOUR_RGB('',0.879999997771,0.879999997771,0.730000014984);
#2291 = OVER_RIDING_STYLED_ITEM('overriding color',(#2292),#1182,#2272);
#2292 = PRESENTATION_STYLE_ASSIGNMENT((#2293));
#2293 = SURFACE_STYLE_USAGE(.BOTH.,#2294);
#2294 = SURFACE_SIDE_STYLE('',(#2295));
#2295 = SURFACE_STYLE_FILL_AREA(#2296);
#2296 = FILL_AREA_STYLE('',(#2297));
#2297 = FILL_AREA_STYLE_COLOUR('',#2290);
#2298 = OVER_RIDING_STYLED_ITEM('overriding color',(#2299),#1207,#2272);
#2299 = PRESENTATION_STYLE_ASSIGNMENT((#2300));
#2300 = SURFACE_STYLE_USAGE(.BOTH.,#2301);
#2301 = SURFACE_SIDE_STYLE('',(#2302));
#2302 = SURFACE_STYLE_FILL_AREA(#2303);
#2303 = FILL_AREA_STYLE('',(#2304));
#2304 = FILL_AREA_STYLE_COLOUR('',#2290);
#2305 = OVER_RIDING_STYLED_ITEM('overriding color',(#2306),#1232,#2272);
#2306 = PRESENTATION_STYLE_ASSIGNMENT((#2307));
#2307 = SURFACE_STYLE_USAGE(.BOTH.,#2308);
#2308 = SURFACE_SIDE_STYLE('',(#2309));
#2309 = SURFACE_STYLE_FILL_AREA(#2310);
#2310 = FILL_AREA_STYLE('',(#2311));
#2311 = FILL_AREA_STYLE_COLOUR('',#2290);
#2312 = OVER_RIDING_STYLED_ITEM('overriding color',(#2313),#1257,#2272);
#2313 = PRESENTATION_STYLE_ASSIGNMENT((#2314));
#2314 = SURFACE_STYLE_USAGE(.BOTH.,#2315);
#2315 = SURFACE_SIDE_STYLE('',(#2316));
#2316 = SURFACE_STYLE_FILL_AREA(#2317);
#2317 = FILL_AREA_STYLE('',(#2318));
#2318 = FILL_AREA_STYLE_COLOUR('',#2290);
#2319 = OVER_RIDING_STYLED_ITEM('overriding color',(#2320),#1282,#2272);
#2320 = PRESENTATION_STYLE_ASSIGNMENT((#2321));
#2321 = SURFACE_STYLE_USAGE(.BOTH.,#2322);
#2322 = SURFACE_SIDE_STYLE('',(#2323));
#2323 = SURFACE_STYLE_FILL_AREA(#2324);
#2324 = FILL_AREA_STYLE('',(#2325));
#2325 = FILL_AREA_STYLE_COLOUR('',#2290);
#2326 = OVER_RIDING_STYLED_ITEM('overriding color',(#2327),#1307,#2272);
#2327 = PRESENTATION_STYLE_ASSIGNMENT((#2328));
#2328 = SURFACE_STYLE_USAGE(.BOTH.,#2329);
#2329 = SURFACE_SIDE_STYLE('',(#2330));
#2330 = SURFACE_STYLE_FILL_AREA(#2331);
#2331 = FILL_AREA_STYLE('',(#2332));
#2332 = FILL_AREA_STYLE_COLOUR('',#2290);
#2333 = OVER_RIDING_STYLED_ITEM('overriding color',(#2334),#1332,#2272);
#2334 = PRESENTATION_STYLE_ASSIGNMENT((#2335));
#2335 = SURFACE_STYLE_USAGE(.BOTH.,#2336);
#2336 = SURFACE_SIDE_STYLE('',(#2337));
#2337 = SURFACE_STYLE_FILL_AREA(#2338);
#2338 = FILL_AREA_STYLE('',(#2339));
#2339 = FILL_AREA_STYLE_COLOUR('',#2290);
#2340 = OVER_RIDING_STYLED_ITEM('overriding color',(#2341),#1357,#2272);
#2341 = PRESENTATION_STYLE_ASSIGNMENT((#2342));
#2342 = SURFACE_STYLE_USAGE(.BOTH.,#2343);
#2343 = SURFACE_SIDE_STYLE('',(#2344));
#2344 = SURFACE_STYLE_FILL_AREA(#2345);
#2345 = FILL_AREA_STYLE('',(#2346));
#2346 = FILL_AREA_STYLE_COLOUR('',#2290);
#2347 = OVER_RIDING_STYLED_ITEM('overriding color',(#2348),#1382,#2272);
#2348 = PRESENTATION_STYLE_ASSIGNMENT((#2349));
#2349 = SURFACE_STYLE_USAGE(.BOTH.,#2350);
#2350 = SURFACE_SIDE_STYLE('',(#2351));
#2351 = SURFACE_STYLE_FILL_AREA(#2352);
#2352 = FILL_AREA_STYLE('',(#2353));
#2353 = FILL_AREA_STYLE_COLOUR('',#2290);
#2354 = OVER_RIDING_STYLED_ITEM('overriding color',(#2355),#1407,#2272);
#2355 = PRESENTATION_STYLE_ASSIGNMENT((#2356));
#2356 = SURFACE_STYLE_USAGE(.BOTH.,#2357);
#2357 = SURFACE_SIDE_STYLE('',(#2358));
#2358 = SURFACE_STYLE_FILL_AREA(#2359);
#2359 = FILL_AREA_STYLE('',(#2360));
#2360 = FILL_AREA_STYLE_COLOUR('',#2290);
#2361 = OVER_RIDING_STYLED_ITEM('overriding color',(#2362),#1432,#2272);
#2362 = PRESENTATION_STYLE_ASSIGNMENT((#2363));
#2363 = SURFACE_STYLE_USAGE(.BOTH.,#2364);
#2364 = SURFACE_SIDE_STYLE('',(#2365));
#2365 = SURFACE_STYLE_FILL_AREA(#2366);
#2366 = FILL_AREA_STYLE('',(#2367));
#2367 = FILL_AREA_STYLE_COLOUR('',#2290);
#2368 = OVER_RIDING_STYLED_ITEM('overriding color',(#2369),#1457,#2272);
#2369 = PRESENTATION_STYLE_ASSIGNMENT((#2370));
#2370 = SURFACE_STYLE_USAGE(.BOTH.,#2371);
#2371 = SURFACE_SIDE_STYLE('',(#2372));
#2372 = SURFACE_STYLE_FILL_AREA(#2373);
#2373 = FILL_AREA_STYLE('',(#2374));
#2374 = FILL_AREA_STYLE_COLOUR('',#2290);
#2375 = OVER_RIDING_STYLED_ITEM('overriding color',(#2376),#1482,#2272);
#2376 = PRESENTATION_STYLE_ASSIGNMENT((#2377));
#2377 = SURFACE_STYLE_USAGE(.BOTH.,#2378);
#2378 = SURFACE_SIDE_STYLE('',(#2379));
#2379 = SURFACE_STYLE_FILL_AREA(#2380);
#2380 = FILL_AREA_STYLE('',(#2381));
#2381 = FILL_AREA_STYLE_COLOUR('',#2290);
#2382 = OVER_RIDING_STYLED_ITEM('overriding color',(#2383),#1507,#2272);
#2383 = PRESENTATION_STYLE_ASSIGNMENT((#2384));
#2384 = SURFACE_STYLE_USAGE(.BOTH.,#2385);
#2385 = SURFACE_SIDE_STYLE('',(#2386));
#2386 = SURFACE_STYLE_FILL_AREA(#2387);
#2387 = FILL_AREA_STYLE('',(#2388));
#2388 = FILL_AREA_STYLE_COLOUR('',#2290);
#2389 = OVER_RIDING_STYLED_ITEM('overriding color',(#2390),#1532,#2272);
#2390 = PRESENTATION_STYLE_ASSIGNMENT((#2391));
#2391 = SURFACE_STYLE_USAGE(.BOTH.,#2392);
#2392 = SURFACE_SIDE_STYLE('',(#2393));
#2393 = SURFACE_STYLE_FILL_AREA(#2394);
#2394 = FILL_AREA_STYLE('',(#2395));
#2395 = FILL_AREA_STYLE_COLOUR('',#2290);
#2396 = OVER_RIDING_STYLED_ITEM('overriding color',(#2397),#1557,#2272);
#2397 = PRESENTATION_STYLE_ASSIGNMENT((#2398));
#2398 = SURFACE_STYLE_USAGE(.BOTH.,#2399);
#2399 = SURFACE_SIDE_STYLE('',(#2400));
#2400 = SURFACE_STYLE_FILL_AREA(#2401);
#2401 = FILL_AREA_STYLE('',(#2402));
#2402 = FILL_AREA_STYLE_COLOUR('',#2290);
#2403 = OVER_RIDING_STYLED_ITEM('overriding color',(#2404),#1582,#2272);
#2404 = PRESENTATION_STYLE_ASSIGNMENT((#2405));
#2405 = SURFACE_STYLE_USAGE(.BOTH.,#2406);
#2406 = SURFACE_SIDE_STYLE('',(#2407));
#2407 = SURFACE_STYLE_FILL_AREA(#2408);
#2408 = FILL_AREA_STYLE('',(#2409));
#2409 = FILL_AREA_STYLE_COLOUR('',#2290);
#2410 = OVER_RIDING_STYLED_ITEM('overriding color',(#2411),#1607,#2272);
#2411 = PRESENTATION_STYLE_ASSIGNMENT((#2412));
#2412 = SURFACE_STYLE_USAGE(.BOTH.,#2413);
#2413 = SURFACE_SIDE_STYLE('',(#2414));
#2414 = SURFACE_STYLE_FILL_AREA(#2415);
#2415 = FILL_AREA_STYLE('',(#2416));
#2416 = FILL_AREA_STYLE_COLOUR('',#2290);
#2417 = OVER_RIDING_STYLED_ITEM('overriding color',(#2418),#1632,#2272);
#2418 = PRESENTATION_STYLE_ASSIGNMENT((#2419));
#2419 = SURFACE_STYLE_USAGE(.BOTH.,#2420);
#2420 = SURFACE_SIDE_STYLE('',(#2421));
#2421 = SURFACE_STYLE_FILL_AREA(#2422);
#2422 = FILL_AREA_STYLE('',(#2423));
#2423 = FILL_AREA_STYLE_COLOUR('',#2290);
#2424 = OVER_RIDING_STYLED_ITEM('overriding color',(#2425),#1657,#2272);
#2425 = PRESENTATION_STYLE_ASSIGNMENT((#2426));
#2426 = SURFACE_STYLE_USAGE(.BOTH.,#2427);
#2427 = SURFACE_SIDE_STYLE('',(#2428));
#2428 = SURFACE_STYLE_FILL_AREA(#2429);
#2429 = FILL_AREA_STYLE('',(#2430));
#2430 = FILL_AREA_STYLE_COLOUR('',#2290);
#2431 = OVER_RIDING_STYLED_ITEM('overriding color',(#2432),#1682,#2272);
#2432 = PRESENTATION_STYLE_ASSIGNMENT((#2433));
#2433 = SURFACE_STYLE_USAGE(.BOTH.,#2434);
#2434 = SURFACE_SIDE_STYLE('',(#2435));
#2435 = SURFACE_STYLE_FILL_AREA(#2436);
#2436 = FILL_AREA_STYLE('',(#2437));
#2437 = FILL_AREA_STYLE_COLOUR('',#2290);
#2438 = OVER_RIDING_STYLED_ITEM('overriding color',(#2439),#1707,#2272);
#2439 = PRESENTATION_STYLE_ASSIGNMENT((#2440));
#2440 = SURFACE_STYLE_USAGE(.BOTH.,#2441);
#2441 = SURFACE_SIDE_STYLE('',(#2442));
#2442 = SURFACE_STYLE_FILL_AREA(#2443);
#2443 = FILL_AREA_STYLE('',(#2444));
#2444 = FILL_AREA_STYLE_COLOUR('',#2290);
#2445 = OVER_RIDING_STYLED_ITEM('overriding color',(#2446),#1732,#2272);
#2446 = PRESENTATION_STYLE_ASSIGNMENT((#2447));
#2447 = SURFACE_STYLE_USAGE(.BOTH.,#2448);
#2448 = SURFACE_SIDE_STYLE('',(#2449));
#2449 = SURFACE_STYLE_FILL_AREA(#2450);
#2450 = FILL_AREA_STYLE('',(#2451));
#2451 = FILL_AREA_STYLE_COLOUR('',#2290);
#2452 = OVER_RIDING_STYLED_ITEM('overriding color',(#2453),#1757,#2272);
#2453 = PRESENTATION_STYLE_ASSIGNMENT((#2454));
#2454 = SURFACE_STYLE_USAGE(.BOTH.,#2455);
#2455 = SURFACE_SIDE_STYLE('',(#2456));
#2456 = SURFACE_STYLE_FILL_AREA(#2457);
#2457 = FILL_AREA_STYLE('',(#2458));
#2458 = FILL_AREA_STYLE_COLOUR('',#2290);
#2459 = OVER_RIDING_STYLED_ITEM('overriding color',(#2460),#1782,#2272);
#2460 = PRESENTATION_STYLE_ASSIGNMENT((#2461));
#2461 = SURFACE_STYLE_USAGE(.BOTH.,#2462);
#2462 = SURFACE_SIDE_STYLE('',(#2463));
#2463 = SURFACE_STYLE_FILL_AREA(#2464);
#2464 = FILL_AREA_STYLE('',(#2465));
#2465 = FILL_AREA_STYLE_COLOUR('',#2290);
#2466 = OVER_RIDING_STYLED_ITEM('overriding color',(#2467),#1807,#2272);
#2467 = PRESENTATION_STYLE_ASSIGNMENT((#2468));
#2468 = SURFACE_STYLE_USAGE(.BOTH.,#2469);
#2469 = SURFACE_SIDE_STYLE('',(#2470));
#2470 = SURFACE_STYLE_FILL_AREA(#2471);
#2471 = FILL_AREA_STYLE('',(#2472));
#2472 = FILL_AREA_STYLE_COLOUR('',#2290);
#2473 = OVER_RIDING_STYLED_ITEM('overriding color',(#2474),#1832,#2272);
#2474 = PRESENTATION_STYLE_ASSIGNMENT((#2475));
#2475 = SURFACE_STYLE_USAGE(.BOTH.,#2476);
#2476 = SURFACE_SIDE_STYLE('',(#2477));
#2477 = SURFACE_STYLE_FILL_AREA(#2478);
#2478 = FILL_AREA_STYLE('',(#2479));
#2479 = FILL_AREA_STYLE_COLOUR('',#2290);
#2480 = OVER_RIDING_STYLED_ITEM('overriding color',(#2481),#2001,#2272);
#2481 = PRESENTATION_STYLE_ASSIGNMENT((#2482));
#2482 = SURFACE_STYLE_USAGE(.BOTH.,#2483);
#2483 = SURFACE_SIDE_STYLE('',(#2484));
#2484 = SURFACE_STYLE_FILL_AREA(#2485);
#2485 = FILL_AREA_STYLE('',(#2486));
#2486 = FILL_AREA_STYLE_COLOUR('',#2290);
#2487 = OVER_RIDING_STYLED_ITEM('overriding color',(#2488),#2010,#2272);
#2488 = PRESENTATION_STYLE_ASSIGNMENT((#2489));
#2489 = SURFACE_STYLE_USAGE(.BOTH.,#2490);
#2490 = SURFACE_SIDE_STYLE('',(#2491));
#2491 = SURFACE_STYLE_FILL_AREA(#2492);
#2492 = FILL_AREA_STYLE('',(#2493));
#2493 = FILL_AREA_STYLE_COLOUR('',#2290);
#2494 = OVER_RIDING_STYLED_ITEM('overriding color',(#2495),#2019,#2272);
#2495 = PRESENTATION_STYLE_ASSIGNMENT((#2496));
#2496 = SURFACE_STYLE_USAGE(.BOTH.,#2497);
#2497 = SURFACE_SIDE_STYLE('',(#2498));
#2498 = SURFACE_STYLE_FILL_AREA(#2499);
#2499 = FILL_AREA_STYLE('',(#2500));
#2500 = FILL_AREA_STYLE_COLOUR('',#2290);
#2501 = OVER_RIDING_STYLED_ITEM('overriding color',(#2502),#2028,#2272);
#2502 = PRESENTATION_STYLE_ASSIGNMENT((#2503));
#2503 = SURFACE_STYLE_USAGE(.BOTH.,#2504);
#2504 = SURFACE_SIDE_STYLE('',(#2505));
#2505 = SURFACE_STYLE_FILL_AREA(#2506);
#2506 = FILL_AREA_STYLE('',(#2507));
#2507 = FILL_AREA_STYLE_COLOUR('',#2290);
#2508 = OVER_RIDING_STYLED_ITEM('overriding color',(#2509),#2037,#2272);
#2509 = PRESENTATION_STYLE_ASSIGNMENT((#2510));
#2510 = SURFACE_STYLE_USAGE(.BOTH.,#2511);
#2511 = SURFACE_SIDE_STYLE('',(#2512));
#2512 = SURFACE_STYLE_FILL_AREA(#2513);
#2513 = FILL_AREA_STYLE('',(#2514));
#2514 = FILL_AREA_STYLE_COLOUR('',#2290);
#2515 = OVER_RIDING_STYLED_ITEM('overriding color',(#2516),#2046,#2272);
#2516 = PRESENTATION_STYLE_ASSIGNMENT((#2517));
#2517 = SURFACE_STYLE_USAGE(.BOTH.,#2518);
#2518 = SURFACE_SIDE_STYLE('',(#2519));
#2519 = SURFACE_STYLE_FILL_AREA(#2520);
#2520 = FILL_AREA_STYLE('',(#2521));
#2521 = FILL_AREA_STYLE_COLOUR('',#2290);
#2522 = OVER_RIDING_STYLED_ITEM('overriding color',(#2523),#2055,#2272);
#2523 = PRESENTATION_STYLE_ASSIGNMENT((#2524));
#2524 = SURFACE_STYLE_USAGE(.BOTH.,#2525);
#2525 = SURFACE_SIDE_STYLE('',(#2526));
#2526 = SURFACE_STYLE_FILL_AREA(#2527);
#2527 = FILL_AREA_STYLE('',(#2528));
#2528 = FILL_AREA_STYLE_COLOUR('',#2290);
#2529 = OVER_RIDING_STYLED_ITEM('overriding color',(#2530),#2064,#2272);
#2530 = PRESENTATION_STYLE_ASSIGNMENT((#2531));
#2531 = SURFACE_STYLE_USAGE(.BOTH.,#2532);
#2532 = SURFACE_SIDE_STYLE('',(#2533));
#2533 = SURFACE_STYLE_FILL_AREA(#2534);
#2534 = FILL_AREA_STYLE('',(#2535));
#2535 = FILL_AREA_STYLE_COLOUR('',#2290);
#2536 = OVER_RIDING_STYLED_ITEM('overriding color',(#2537),#2073,#2272);
#2537 = PRESENTATION_STYLE_ASSIGNMENT((#2538));
#2538 = SURFACE_STYLE_USAGE(.BOTH.,#2539);
#2539 = SURFACE_SIDE_STYLE('',(#2540));
#2540 = SURFACE_STYLE_FILL_AREA(#2541);
#2541 = FILL_AREA_STYLE('',(#2542));
#2542 = FILL_AREA_STYLE_COLOUR('',#2290);
#2543 = OVER_RIDING_STYLED_ITEM('overriding color',(#2544),#2082,#2272);
#2544 = PRESENTATION_STYLE_ASSIGNMENT((#2545));
#2545 = SURFACE_STYLE_USAGE(.BOTH.,#2546);
#2546 = SURFACE_SIDE_STYLE('',(#2547));
#2547 = SURFACE_STYLE_FILL_AREA(#2548);
#2548 = FILL_AREA_STYLE('',(#2549));
#2549 = FILL_AREA_STYLE_COLOUR('',#2290);
#2550 = OVER_RIDING_STYLED_ITEM('overriding color',(#2551),#2091,#2272);
#2551 = PRESENTATION_STYLE_ASSIGNMENT((#2552));
#2552 = SURFACE_STYLE_USAGE(.BOTH.,#2553);
#2553 = SURFACE_SIDE_STYLE('',(#2554));
#2554 = SURFACE_STYLE_FILL_AREA(#2555);
#2555 = FILL_AREA_STYLE('',(#2556));
#2556 = FILL_AREA_STYLE_COLOUR('',#2290);
#2557 = OVER_RIDING_STYLED_ITEM('overriding color',(#2558),#2100,#2272);
#2558 = PRESENTATION_STYLE_ASSIGNMENT((#2559));
#2559 = SURFACE_STYLE_USAGE(.BOTH.,#2560);
#2560 = SURFACE_SIDE_STYLE('',(#2561));
#2561 = SURFACE_STYLE_FILL_AREA(#2562);
#2562 = FILL_AREA_STYLE('',(#2563));
#2563 = FILL_AREA_STYLE_COLOUR('',#2290);
#2564 = OVER_RIDING_STYLED_ITEM('overriding color',(#2565),#2109,#2272);
#2565 = PRESENTATION_STYLE_ASSIGNMENT((#2566));
#2566 = SURFACE_STYLE_USAGE(.BOTH.,#2567);
#2567 = SURFACE_SIDE_STYLE('',(#2568));
#2568 = SURFACE_STYLE_FILL_AREA(#2569);
#2569 = FILL_AREA_STYLE('',(#2570));
#2570 = FILL_AREA_STYLE_COLOUR('',#2290);
#2571 = OVER_RIDING_STYLED_ITEM('overriding color',(#2572),#2118,#2272);
#2572 = PRESENTATION_STYLE_ASSIGNMENT((#2573));
#2573 = SURFACE_STYLE_USAGE(.BOTH.,#2574);
#2574 = SURFACE_SIDE_STYLE('',(#2575));
#2575 = SURFACE_STYLE_FILL_AREA(#2576);
#2576 = FILL_AREA_STYLE('',(#2577));
#2577 = FILL_AREA_STYLE_COLOUR('',#2290);
#2578 = OVER_RIDING_STYLED_ITEM('overriding color',(#2579),#2127,#2272);
#2579 = PRESENTATION_STYLE_ASSIGNMENT((#2580));
#2580 = SURFACE_STYLE_USAGE(.BOTH.,#2581);
#2581 = SURFACE_SIDE_STYLE('',(#2582));
#2582 = SURFACE_STYLE_FILL_AREA(#2583);
#2583 = FILL_AREA_STYLE('',(#2584));
#2584 = FILL_AREA_STYLE_COLOUR('',#2290);
#2585 = OVER_RIDING_STYLED_ITEM('overriding color',(#2586),#2136,#2272);
#2586 = PRESENTATION_STYLE_ASSIGNMENT((#2587));
#2587 = SURFACE_STYLE_USAGE(.BOTH.,#2588);
#2588 = SURFACE_SIDE_STYLE('',(#2589));
#2589 = SURFACE_STYLE_FILL_AREA(#2590);
#2590 = FILL_AREA_STYLE('',(#2591));
#2591 = FILL_AREA_STYLE_COLOUR('',#2290);
#2592 = OVER_RIDING_STYLED_ITEM('overriding color',(#2593),#2145,#2272);
#2593 = PRESENTATION_STYLE_ASSIGNMENT((#2594));
#2594 = SURFACE_STYLE_USAGE(.BOTH.,#2595);
#2595 = SURFACE_SIDE_STYLE('',(#2596));
#2596 = SURFACE_STYLE_FILL_AREA(#2597);
#2597 = FILL_AREA_STYLE('',(#2598));
#2598 = FILL_AREA_STYLE_COLOUR('',#2290);
#2599 = OVER_RIDING_STYLED_ITEM('overriding color',(#2600),#2154,#2272);
#2600 = PRESENTATION_STYLE_ASSIGNMENT((#2601));
#2601 = SURFACE_STYLE_USAGE(.BOTH.,#2602);
#2602 = SURFACE_SIDE_STYLE('',(#2603));
#2603 = SURFACE_STYLE_FILL_AREA(#2604);
#2604 = FILL_AREA_STYLE('',(#2605));
#2605 = FILL_AREA_STYLE_COLOUR('',#2290);
#2606 = OVER_RIDING_STYLED_ITEM('overriding color',(#2607),#2163,#2272);
#2607 = PRESENTATION_STYLE_ASSIGNMENT((#2608));
#2608 = SURFACE_STYLE_USAGE(.BOTH.,#2609);
#2609 = SURFACE_SIDE_STYLE('',(#2610));
#2610 = SURFACE_STYLE_FILL_AREA(#2611);
#2611 = FILL_AREA_STYLE('',(#2612));
#2612 = FILL_AREA_STYLE_COLOUR('',#2290);
#2613 = OVER_RIDING_STYLED_ITEM('overriding color',(#2614),#2172,#2272);
#2614 = PRESENTATION_STYLE_ASSIGNMENT((#2615));
#2615 = SURFACE_STYLE_USAGE(.BOTH.,#2616);
#2616 = SURFACE_SIDE_STYLE('',(#2617));
#2617 = SURFACE_STYLE_FILL_AREA(#2618);
#2618 = FILL_AREA_STYLE('',(#2619));
#2619 = FILL_AREA_STYLE_COLOUR('',#2290);
#2620 = OVER_RIDING_STYLED_ITEM('overriding color',(#2621),#2181,#2272);
#2621 = PRESENTATION_STYLE_ASSIGNMENT((#2622));
#2622 = SURFACE_STYLE_USAGE(.BOTH.,#2623);
#2623 = SURFACE_SIDE_STYLE('',(#2624));
#2624 = SURFACE_STYLE_FILL_AREA(#2625);
#2625 = FILL_AREA_STYLE('',(#2626));
#2626 = FILL_AREA_STYLE_COLOUR('',#2290);
#2627 = OVER_RIDING_STYLED_ITEM('overriding color',(#2628),#2190,#2272);
#2628 = PRESENTATION_STYLE_ASSIGNMENT((#2629));
#2629 = SURFACE_STYLE_USAGE(.BOTH.,#2630);
#2630 = SURFACE_SIDE_STYLE('',(#2631));
#2631 = SURFACE_STYLE_FILL_AREA(#2632);
#2632 = FILL_AREA_STYLE('',(#2633));
#2633 = FILL_AREA_STYLE_COLOUR('',#2290);
#2634 = OVER_RIDING_STYLED_ITEM('overriding color',(#2635),#2199,#2272);
#2635 = PRESENTATION_STYLE_ASSIGNMENT((#2636));
#2636 = SURFACE_STYLE_USAGE(.BOTH.,#2637);
#2637 = SURFACE_SIDE_STYLE('',(#2638));
#2638 = SURFACE_STYLE_FILL_AREA(#2639);
#2639 = FILL_AREA_STYLE('',(#2640));
#2640 = FILL_AREA_STYLE_COLOUR('',#2290);
#2641 = OVER_RIDING_STYLED_ITEM('overriding color',(#2642),#2208,#2272);
#2642 = PRESENTATION_STYLE_ASSIGNMENT((#2643));
#2643 = SURFACE_STYLE_USAGE(.BOTH.,#2644);
#2644 = SURFACE_SIDE_STYLE('',(#2645));
#2645 = SURFACE_STYLE_FILL_AREA(#2646);
#2646 = FILL_AREA_STYLE('',(#2647));
#2647 = FILL_AREA_STYLE_COLOUR('',#2290);
#2648 = OVER_RIDING_STYLED_ITEM('overriding color',(#2649),#2217,#2272);
#2649 = PRESENTATION_STYLE_ASSIGNMENT((#2650));
#2650 = SURFACE_STYLE_USAGE(.BOTH.,#2651);
#2651 = SURFACE_SIDE_STYLE('',(#2652));
#2652 = SURFACE_STYLE_FILL_AREA(#2653);
#2653 = FILL_AREA_STYLE('',(#2654));
#2654 = FILL_AREA_STYLE_COLOUR('',#2290);
#2655 = OVER_RIDING_STYLED_ITEM('overriding color',(#2656),#2226,#2272);
#2656 = PRESENTATION_STYLE_ASSIGNMENT((#2657));
#2657 = SURFACE_STYLE_USAGE(.BOTH.,#2658);
#2658 = SURFACE_SIDE_STYLE('',(#2659));
#2659 = SURFACE_STYLE_FILL_AREA(#2660);
#2660 = FILL_AREA_STYLE('',(#2661));
#2661 = FILL_AREA_STYLE_COLOUR('',#2290);
#2662 = OVER_RIDING_STYLED_ITEM('overriding color',(#2663),#2235,#2272);
#2663 = PRESENTATION_STYLE_ASSIGNMENT((#2664));
#2664 = SURFACE_STYLE_USAGE(.BOTH.,#2665);
#2665 = SURFACE_SIDE_STYLE('',(#2666));
#2666 = SURFACE_STYLE_FILL_AREA(#2667);
#2667 = FILL_AREA_STYLE('',(#2668));
#2668 = FILL_AREA_STYLE_COLOUR('',#2290);
#2669 = OVER_RIDING_STYLED_ITEM('overriding color',(#2670),#2244,#2272);
#2670 = PRESENTATION_STYLE_ASSIGNMENT((#2671));
#2671 = SURFACE_STYLE_USAGE(.BOTH.,#2672);
#2672 = SURFACE_SIDE_STYLE('',(#2673));
#2673 = SURFACE_STYLE_FILL_AREA(#2674);
#2674 = FILL_AREA_STYLE('',(#2675));
#2675 = FILL_AREA_STYLE_COLOUR('',#2290);
ENDSEC;
END-ISO-10303-21;
