ISO-10303-21;
HEADER;
FILE_DESCRIPTION(('FreeCAD Model'),'2;1');
FILE_NAME('Open CASCADE Shape Model','2025-12-30T11:20:22',('Author'),(
    ''),'Open CASCADE STEP processor 7.8','FreeCAD','Unknown');
FILE_SCHEMA(('AUTOMOTIVE_DESIGN { 1 0 10303 214 1 1 1 1 }'));
ENDSEC;
DATA;
#1 = APPLICATION_PROTOCOL_DEFINITION('international standard',
  'automotive_design',2000,#2);
#2 = APPLICATION_CONTEXT(
  'core data for automotive mechanical design processes');
#3 = SHAPE_DEFINITION_REPRESENTATION(#4,#10);
#4 = PRODUCT_DEFINITION_SHAPE('','',#5);
#5 = PRODUCT_DEFINITION('design','',#6,#9);
#6 = PRODUCT_DEFINITION_FORMATION('','',#7);
#7 = PRODUCT('Fusion','Fusion','',(#8));
#8 = PRODUCT_CONTEXT('',#2,'mechanical');
#9 = PRODUCT_DEFINITION_CONTEXT('part definition',#2,'design');
#10 = ADVANCED_BREP_SHAPE_REPRESENTATION('',(#11,#15),#2985);
#11 = AXIS2_PLACEMENT_3D('',#12,#13,#14);
#12 = CARTESIAN_POINT('',(0.,0.,0.));
#13 = DIRECTION('',(0.,0.,1.));
#14 = DIRECTION('',(1.,0.,-0.));
#15 = MANIFOLD_SOLID_BREP('',#16);
#16 = CLOSED_SHELL('',(#17,#57,#88,#119,#150,#181,#230,#254,#287,#334,
    #351,#382,#406,#437,#461,#478,#509,#533,#550,#1058,#1082,#1113,#1137
    ,#1161,#1192,#1209,#1233,#1250,#1276,#1300,#1333,#1358,#1383,#1408,
    #1433,#1458,#1483,#1508,#1533,#1558,#1583,#1608,#1633,#1658,#1683,
    #1708,#1733,#1758,#1783,#1808,#1833,#1858,#1883,#1908,#1933,#1958,
    #1983,#2008,#2033,#2058,#2083,#2108,#2133,#2158,#2183,#2208,#2233,
    #2258,#2283,#2308,#2333,#2358,#2383,#2408,#2433,#2457,#2497,#2509,
    #2526,#2543,#2560,#2577,#2586,#2595,#2604,#2613,#2622,#2631,#2640,
    #2649,#2658,#2667,#2676,#2685,#2694,#2703,#2712,#2721,#2730,#2739,
    #2748,#2757,#2766,#2775,#2784,#2793,#2802,#2811,#2820,#2829,#2838,
    #2847,#2856,#2865,#2874,#2883,#2892,#2901,#2910,#2919,#2928,#2937,
    #2946,#2955,#2964,#2973));
#17 = ADVANCED_FACE('',(#18),#52,.F.);
#18 = FACE_BOUND('',#19,.F.);
#19 = EDGE_LOOP('',(#20,#30,#38,#46));
#20 = ORIENTED_EDGE('',*,*,#21,.F.);
#21 = EDGE_CURVE('',#22,#24,#26,.T.);
#22 = VERTEX_POINT('',#23);
#23 = CARTESIAN_POINT('',(-4.63,15.48,0.));
#24 = VERTEX_POINT('',#25);
#25 = CARTESIAN_POINT('',(-4.63,5.3,0.));
#26 = LINE('',#27,#28);
#27 = CARTESIAN_POINT('',(-4.63,15.48,0.));
#28 = VECTOR('',#29,1.);
#29 = DIRECTION('',(0.,-1.,0.));
#30 = ORIENTED_EDGE('',*,*,#31,.T.);
#31 = EDGE_CURVE('',#22,#32,#34,.T.);
#32 = VERTEX_POINT('',#33);
#33 = CARTESIAN_POINT('',(-4.63,15.48,0.3));
#34 = LINE('',#35,#36);
#35 = CARTESIAN_POINT('',(-4.63,15.48,0.));
#36 = VECTOR('',#37,1.);
#37 = DIRECTION('',(0.,0.,1.));
#38 = ORIENTED_EDGE('',*,*,#39,.F.);
#39 = EDGE_CURVE('',#40,#32,#42,.T.);
#40 = VERTEX_POINT('',#41);
#41 = CARTESIAN_POINT('',(-4.63,5.3,0.3));
#42 = LINE('',#43,#44);
#43 = CARTESIAN_POINT('',(-4.63,5.3,0.3));
#44 = VECTOR('',#45,1.);
#45 = DIRECTION('',(0.,1.,0.));
#46 = ORIENTED_EDGE('',*,*,#47,.F.);
#47 = EDGE_CURVE('',#24,#40,#48,.T.);
#48 = LINE('',#49,#50);
#49 = CARTESIAN_POINT('',(-4.63,5.3,0.));
#50 = VECTOR('',#51,1.);
#51 = DIRECTION('',(0.,0.,1.));
#52 = PLANE('',#53);
#53 = AXIS2_PLACEMENT_3D('',#54,#55,#56);
#54 = CARTESIAN_POINT('',(-4.63,15.48,0.));
#55 = DIRECTION('',(1.,0.,0.));
#56 = DIRECTION('',(0.,-1.,0.));
#57 = ADVANCED_FACE('',(#58),#83,.F.);
#58 = FACE_BOUND('',#59,.F.);
#59 = EDGE_LOOP('',(#60,#61,#69,#77));
#60 = ORIENTED_EDGE('',*,*,#21,.T.);
#61 = ORIENTED_EDGE('',*,*,#62,.T.);
#62 = EDGE_CURVE('',#24,#63,#65,.T.);
#63 = VERTEX_POINT('',#64);
#64 = CARTESIAN_POINT('',(-4.63,5.3,-1.35));
#65 = LINE('',#66,#67);
#66 = CARTESIAN_POINT('',(-4.63,5.3,0.3));
#67 = VECTOR('',#68,1.);
#68 = DIRECTION('',(0.,0.,-1.));
#69 = ORIENTED_EDGE('',*,*,#70,.T.);
#70 = EDGE_CURVE('',#63,#71,#73,.T.);
#71 = VERTEX_POINT('',#72);
#72 = CARTESIAN_POINT('',(-4.63,15.48,-1.35));
#73 = LINE('',#74,#75);
#74 = CARTESIAN_POINT('',(-4.63,5.3,-1.35));
#75 = VECTOR('',#76,1.);
#76 = DIRECTION('',(0.,1.,0.));
#77 = ORIENTED_EDGE('',*,*,#78,.F.);
#78 = EDGE_CURVE('',#22,#71,#79,.T.);
#79 = LINE('',#80,#81);
#80 = CARTESIAN_POINT('',(-4.63,15.48,0.3));
#81 = VECTOR('',#82,1.);
#82 = DIRECTION('',(0.,0.,-1.));
#83 = PLANE('',#84);
#84 = AXIS2_PLACEMENT_3D('',#85,#86,#87);
#85 = CARTESIAN_POINT('',(-4.63,5.3,0.3));
#86 = DIRECTION('',(1.,0.,0.));
#87 = DIRECTION('',(0.,1.,0.));
#88 = ADVANCED_FACE('',(#89),#114,.F.);
#89 = FACE_BOUND('',#90,.F.);
#90 = EDGE_LOOP('',(#91,#99,#100,#108));
#91 = ORIENTED_EDGE('',*,*,#92,.F.);
#92 = EDGE_CURVE('',#24,#93,#95,.T.);
#93 = VERTEX_POINT('',#94);
#94 = CARTESIAN_POINT('',(-3.735,5.3,0.));
#95 = LINE('',#96,#97);
#96 = CARTESIAN_POINT('',(-4.63,5.3,0.));
#97 = VECTOR('',#98,1.);
#98 = DIRECTION('',(1.,0.,0.));
#99 = ORIENTED_EDGE('',*,*,#47,.T.);
#100 = ORIENTED_EDGE('',*,*,#101,.F.);
#101 = EDGE_CURVE('',#102,#40,#104,.T.);
#102 = VERTEX_POINT('',#103);
#103 = CARTESIAN_POINT('',(-3.735,5.3,0.3));
#104 = LINE('',#105,#106);
#105 = CARTESIAN_POINT('',(4.63,5.3,0.3));
#106 = VECTOR('',#107,1.);
#107 = DIRECTION('',(-1.,0.,0.));
#108 = ORIENTED_EDGE('',*,*,#109,.F.);
#109 = EDGE_CURVE('',#93,#102,#110,.T.);
#110 = LINE('',#111,#112);
#111 = CARTESIAN_POINT('',(-3.735,5.3,0.));
#112 = VECTOR('',#113,1.);
#113 = DIRECTION('',(0.,0.,1.));
#114 = PLANE('',#115);
#115 = AXIS2_PLACEMENT_3D('',#116,#117,#118);
#116 = CARTESIAN_POINT('',(-4.63,5.3,0.));
#117 = DIRECTION('',(0.,1.,0.));
#118 = DIRECTION('',(1.,0.,0.));
#119 = ADVANCED_FACE('',(#120),#145,.F.);
#120 = FACE_BOUND('',#121,.F.);
#121 = EDGE_LOOP('',(#122,#123,#131,#139));
#122 = ORIENTED_EDGE('',*,*,#39,.T.);
#123 = ORIENTED_EDGE('',*,*,#124,.T.);
#124 = EDGE_CURVE('',#32,#125,#127,.T.);
#125 = VERTEX_POINT('',#126);
#126 = CARTESIAN_POINT('',(-4.63,15.48,59.2));
#127 = LINE('',#128,#129);
#128 = CARTESIAN_POINT('',(-4.63,15.48,0.));
#129 = VECTOR('',#130,1.);
#130 = DIRECTION('',(0.,0.,1.));
#131 = ORIENTED_EDGE('',*,*,#132,.T.);
#132 = EDGE_CURVE('',#125,#133,#135,.T.);
#133 = VERTEX_POINT('',#134);
#134 = CARTESIAN_POINT('',(-4.63,5.3,59.2));
#135 = LINE('',#136,#137);
#136 = CARTESIAN_POINT('',(-4.63,15.48,59.2));
#137 = VECTOR('',#138,1.);
#138 = DIRECTION('',(0.,-1.,0.));
#139 = ORIENTED_EDGE('',*,*,#140,.F.);
#140 = EDGE_CURVE('',#40,#133,#141,.T.);
#141 = LINE('',#142,#143);
#142 = CARTESIAN_POINT('',(-4.63,5.3,0.));
#143 = VECTOR('',#144,1.);
#144 = DIRECTION('',(0.,0.,1.));
#145 = PLANE('',#146);
#146 = AXIS2_PLACEMENT_3D('',#147,#148,#149);
#147 = CARTESIAN_POINT('',(-4.63,15.48,0.));
#148 = DIRECTION('',(1.,0.,0.));
#149 = DIRECTION('',(0.,-1.,0.));
#150 = ADVANCED_FACE('',(#151),#176,.T.);
#151 = FACE_BOUND('',#152,.T.);
#152 = EDGE_LOOP('',(#153,#161,#162,#170));
#153 = ORIENTED_EDGE('',*,*,#154,.F.);
#154 = EDGE_CURVE('',#22,#155,#157,.T.);
#155 = VERTEX_POINT('',#156);
#156 = CARTESIAN_POINT('',(-1.17,15.48,0.));
#157 = LINE('',#158,#159);
#158 = CARTESIAN_POINT('',(-4.63,15.48,0.));
#159 = VECTOR('',#160,1.);
#160 = DIRECTION('',(1.,0.,0.));
#161 = ORIENTED_EDGE('',*,*,#31,.T.);
#162 = ORIENTED_EDGE('',*,*,#163,.T.);
#163 = EDGE_CURVE('',#32,#164,#166,.T.);
#164 = VERTEX_POINT('',#165);
#165 = CARTESIAN_POINT('',(-1.17,15.48,0.3));
#166 = LINE('',#167,#168);
#167 = CARTESIAN_POINT('',(-4.63,15.48,0.3));
#168 = VECTOR('',#169,1.);
#169 = DIRECTION('',(1.,0.,0.));
#170 = ORIENTED_EDGE('',*,*,#171,.F.);
#171 = EDGE_CURVE('',#155,#164,#172,.T.);
#172 = LINE('',#173,#174);
#173 = CARTESIAN_POINT('',(-1.17,15.48,0.));
#174 = VECTOR('',#175,1.);
#175 = DIRECTION('',(0.,0.,1.));
#176 = PLANE('',#177);
#177 = AXIS2_PLACEMENT_3D('',#178,#179,#180);
#178 = CARTESIAN_POINT('',(-4.63,15.48,0.));
#179 = DIRECTION('',(0.,1.,0.));
#180 = DIRECTION('',(1.,0.,0.));
#181 = ADVANCED_FACE('',(#182),#225,.F.);
#182 = FACE_BOUND('',#183,.F.);
#183 = EDGE_LOOP('',(#184,#185,#186,#194,#202,#210,#218,#224));
#184 = ORIENTED_EDGE('',*,*,#154,.F.);
#185 = ORIENTED_EDGE('',*,*,#78,.T.);
#186 = ORIENTED_EDGE('',*,*,#187,.T.);
#187 = EDGE_CURVE('',#71,#188,#190,.T.);
#188 = VERTEX_POINT('',#189);
#189 = CARTESIAN_POINT('',(4.63,15.48,-1.35));
#190 = LINE('',#191,#192);
#191 = CARTESIAN_POINT('',(-4.63,15.48,-1.35));
#192 = VECTOR('',#193,1.);
#193 = DIRECTION('',(1.,0.,0.));
#194 = ORIENTED_EDGE('',*,*,#195,.F.);
#195 = EDGE_CURVE('',#196,#188,#198,.T.);
#196 = VERTEX_POINT('',#197);
#197 = CARTESIAN_POINT('',(4.63,15.48,0.));
#198 = LINE('',#199,#200);
#199 = CARTESIAN_POINT('',(4.63,15.48,0.3));
#200 = VECTOR('',#201,1.);
#201 = DIRECTION('',(0.,0.,-1.));
#202 = ORIENTED_EDGE('',*,*,#203,.T.);
#203 = EDGE_CURVE('',#196,#204,#206,.T.);
#204 = VERTEX_POINT('',#205);
#205 = CARTESIAN_POINT('',(1.17,15.48,0.));
#206 = LINE('',#207,#208);
#207 = CARTESIAN_POINT('',(4.63,15.48,0.));
#208 = VECTOR('',#209,1.);
#209 = DIRECTION('',(-1.,0.,0.));
#210 = ORIENTED_EDGE('',*,*,#211,.T.);
#211 = EDGE_CURVE('',#204,#212,#214,.T.);
#212 = VERTEX_POINT('',#213);
#213 = CARTESIAN_POINT('',(1.17,15.48,0.3));
#214 = LINE('',#215,#216);
#215 = CARTESIAN_POINT('',(1.17,15.48,0.));
#216 = VECTOR('',#217,1.);
#217 = DIRECTION('',(0.,0.,1.));
#218 = ORIENTED_EDGE('',*,*,#219,.F.);
#219 = EDGE_CURVE('',#164,#212,#220,.T.);
#220 = LINE('',#221,#222);
#221 = CARTESIAN_POINT('',(-4.63,15.48,0.3));
#222 = VECTOR('',#223,1.);
#223 = DIRECTION('',(1.,0.,0.));
#224 = ORIENTED_EDGE('',*,*,#171,.F.);
#225 = PLANE('',#226);
#226 = AXIS2_PLACEMENT_3D('',#227,#228,#229);
#227 = CARTESIAN_POINT('',(-4.63,15.48,0.3));
#228 = DIRECTION('',(0.,-1.,0.));
#229 = DIRECTION('',(1.,0.,0.));
#230 = ADVANCED_FACE('',(#231),#249,.F.);
#231 = FACE_BOUND('',#232,.T.);
#232 = EDGE_LOOP('',(#233,#234,#235,#243));
#233 = ORIENTED_EDGE('',*,*,#70,.T.);
#234 = ORIENTED_EDGE('',*,*,#187,.T.);
#235 = ORIENTED_EDGE('',*,*,#236,.T.);
#236 = EDGE_CURVE('',#188,#237,#239,.T.);
#237 = VERTEX_POINT('',#238);
#238 = CARTESIAN_POINT('',(4.63,5.3,-1.35));
#239 = LINE('',#240,#241);
#240 = CARTESIAN_POINT('',(4.63,15.48,-1.35));
#241 = VECTOR('',#242,1.);
#242 = DIRECTION('',(0.,-1.,0.));
#243 = ORIENTED_EDGE('',*,*,#244,.T.);
#244 = EDGE_CURVE('',#237,#63,#245,.T.);
#245 = LINE('',#246,#247);
#246 = CARTESIAN_POINT('',(4.63,5.3,-1.35));
#247 = VECTOR('',#248,1.);
#248 = DIRECTION('',(-1.,0.,0.));
#249 = PLANE('',#250);
#250 = AXIS2_PLACEMENT_3D('',#251,#252,#253);
#251 = CARTESIAN_POINT('',(0.,10.39,-1.35));
#252 = DIRECTION('',(0.,0.,1.));
#253 = DIRECTION('',(1.,0.,0.));
#254 = ADVANCED_FACE('',(#255),#282,.F.);
#255 = FACE_BOUND('',#256,.F.);
#256 = EDGE_LOOP('',(#257,#267,#273,#274,#275,#276));
#257 = ORIENTED_EDGE('',*,*,#258,.F.);
#258 = EDGE_CURVE('',#259,#261,#263,.T.);
#259 = VERTEX_POINT('',#260);
#260 = CARTESIAN_POINT('',(4.63,5.3,0.));
#261 = VERTEX_POINT('',#262);
#262 = CARTESIAN_POINT('',(3.735,5.3,0.));
#263 = LINE('',#264,#265);
#264 = CARTESIAN_POINT('',(4.63,5.3,0.));
#265 = VECTOR('',#266,1.);
#266 = DIRECTION('',(-1.,0.,0.));
#267 = ORIENTED_EDGE('',*,*,#268,.T.);
#268 = EDGE_CURVE('',#259,#237,#269,.T.);
#269 = LINE('',#270,#271);
#270 = CARTESIAN_POINT('',(4.63,5.3,0.3));
#271 = VECTOR('',#272,1.);
#272 = DIRECTION('',(0.,0.,-1.));
#273 = ORIENTED_EDGE('',*,*,#244,.T.);
#274 = ORIENTED_EDGE('',*,*,#62,.F.);
#275 = ORIENTED_EDGE('',*,*,#92,.T.);
#276 = ORIENTED_EDGE('',*,*,#277,.F.);
#277 = EDGE_CURVE('',#261,#93,#278,.T.);
#278 = LINE('',#279,#280);
#279 = CARTESIAN_POINT('',(2.315,5.3,0.));
#280 = VECTOR('',#281,1.);
#281 = DIRECTION('',(-1.,0.,0.));
#282 = PLANE('',#283);
#283 = AXIS2_PLACEMENT_3D('',#284,#285,#286);
#284 = CARTESIAN_POINT('',(4.63,5.3,0.3));
#285 = DIRECTION('',(0.,1.,0.));
#286 = DIRECTION('',(-1.,0.,0.));
#287 = ADVANCED_FACE('',(#288),#329,.F.);
#288 = FACE_BOUND('',#289,.F.);
#289 = EDGE_LOOP('',(#290,#291,#299,#307,#315,#323));
#290 = ORIENTED_EDGE('',*,*,#109,.T.);
#291 = ORIENTED_EDGE('',*,*,#292,.T.);
#292 = EDGE_CURVE('',#102,#293,#295,.T.);
#293 = VERTEX_POINT('',#294);
#294 = CARTESIAN_POINT('',(-3.735,5.3,59.2));
#295 = LINE('',#296,#297);
#296 = CARTESIAN_POINT('',(-3.735,5.3,0.));
#297 = VECTOR('',#298,1.);
#298 = DIRECTION('',(0.,0.,1.));
#299 = ORIENTED_EDGE('',*,*,#300,.T.);
#300 = EDGE_CURVE('',#293,#301,#303,.T.);
#301 = VERTEX_POINT('',#302);
#302 = CARTESIAN_POINT('',(-3.735,5.3,59.5));
#303 = LINE('',#304,#305);
#304 = CARTESIAN_POINT('',(-3.735,5.3,0.));
#305 = VECTOR('',#306,1.);
#306 = DIRECTION('',(0.,0.,1.));
#307 = ORIENTED_EDGE('',*,*,#308,.T.);
#308 = EDGE_CURVE('',#301,#309,#311,.T.);
#309 = VERTEX_POINT('',#310);
#310 = CARTESIAN_POINT('',(-3.735,0.,59.5));
#311 = LINE('',#312,#313);
#312 = CARTESIAN_POINT('',(-3.735,5.3,59.5));
#313 = VECTOR('',#314,1.);
#314 = DIRECTION('',(0.,-1.,0.));
#315 = ORIENTED_EDGE('',*,*,#316,.F.);
#316 = EDGE_CURVE('',#317,#309,#319,.T.);
#317 = VERTEX_POINT('',#318);
#318 = CARTESIAN_POINT('',(-3.735,0.,0.));
#319 = LINE('',#320,#321);
#320 = CARTESIAN_POINT('',(-3.735,0.,0.));
#321 = VECTOR('',#322,1.);
#322 = DIRECTION('',(0.,0.,1.));
#323 = ORIENTED_EDGE('',*,*,#324,.F.);
#324 = EDGE_CURVE('',#93,#317,#325,.T.);
#325 = LINE('',#326,#327);
#326 = CARTESIAN_POINT('',(-3.735,5.3,0.));
#327 = VECTOR('',#328,1.);
#328 = DIRECTION('',(0.,-1.,0.));
#329 = PLANE('',#330);
#330 = AXIS2_PLACEMENT_3D('',#331,#332,#333);
#331 = CARTESIAN_POINT('',(-3.735,5.3,0.));
#332 = DIRECTION('',(1.,0.,0.));
#333 = DIRECTION('',(0.,-1.,0.));
#334 = ADVANCED_FACE('',(#335),#346,.F.);
#335 = FACE_BOUND('',#336,.F.);
#336 = EDGE_LOOP('',(#337,#338,#339,#345));
#337 = ORIENTED_EDGE('',*,*,#101,.T.);
#338 = ORIENTED_EDGE('',*,*,#140,.T.);
#339 = ORIENTED_EDGE('',*,*,#340,.T.);
#340 = EDGE_CURVE('',#133,#293,#341,.T.);
#341 = LINE('',#342,#343);
#342 = CARTESIAN_POINT('',(-4.63,5.3,59.2));
#343 = VECTOR('',#344,1.);
#344 = DIRECTION('',(1.,0.,0.));
#345 = ORIENTED_EDGE('',*,*,#292,.F.);
#346 = PLANE('',#347);
#347 = AXIS2_PLACEMENT_3D('',#348,#349,#350);
#348 = CARTESIAN_POINT('',(-4.63,5.3,0.));
#349 = DIRECTION('',(0.,1.,0.));
#350 = DIRECTION('',(1.,0.,0.));
#351 = ADVANCED_FACE('',(#352),#377,.F.);
#352 = FACE_BOUND('',#353,.F.);
#353 = EDGE_LOOP('',(#354,#355,#363,#371));
#354 = ORIENTED_EDGE('',*,*,#132,.F.);
#355 = ORIENTED_EDGE('',*,*,#356,.T.);
#356 = EDGE_CURVE('',#125,#357,#359,.T.);
#357 = VERTEX_POINT('',#358);
#358 = CARTESIAN_POINT('',(-4.63,15.48,59.5));
#359 = LINE('',#360,#361);
#360 = CARTESIAN_POINT('',(-4.63,15.48,0.));
#361 = VECTOR('',#362,1.);
#362 = DIRECTION('',(0.,0.,1.));
#363 = ORIENTED_EDGE('',*,*,#364,.T.);
#364 = EDGE_CURVE('',#357,#365,#367,.T.);
#365 = VERTEX_POINT('',#366);
#366 = CARTESIAN_POINT('',(-4.63,5.3,59.5));
#367 = LINE('',#368,#369);
#368 = CARTESIAN_POINT('',(-4.63,15.48,59.5));
#369 = VECTOR('',#370,1.);
#370 = DIRECTION('',(0.,-1.,0.));
#371 = ORIENTED_EDGE('',*,*,#372,.F.);
#372 = EDGE_CURVE('',#133,#365,#373,.T.);
#373 = LINE('',#374,#375);
#374 = CARTESIAN_POINT('',(-4.63,5.3,0.));
#375 = VECTOR('',#376,1.);
#376 = DIRECTION('',(0.,0.,1.));
#377 = PLANE('',#378);
#378 = AXIS2_PLACEMENT_3D('',#379,#380,#381);
#379 = CARTESIAN_POINT('',(-4.63,15.48,0.));
#380 = DIRECTION('',(1.,0.,0.));
#381 = DIRECTION('',(0.,-1.,0.));
#382 = ADVANCED_FACE('',(#383),#401,.T.);
#383 = FACE_BOUND('',#384,.T.);
#384 = EDGE_LOOP('',(#385,#386,#387,#395));
#385 = ORIENTED_EDGE('',*,*,#163,.F.);
#386 = ORIENTED_EDGE('',*,*,#124,.T.);
#387 = ORIENTED_EDGE('',*,*,#388,.F.);
#388 = EDGE_CURVE('',#389,#125,#391,.T.);
#389 = VERTEX_POINT('',#390);
#390 = CARTESIAN_POINT('',(-1.17,15.48,59.2));
#391 = LINE('',#392,#393);
#392 = CARTESIAN_POINT('',(4.63,15.48,59.2));
#393 = VECTOR('',#394,1.);
#394 = DIRECTION('',(-1.,0.,0.));
#395 = ORIENTED_EDGE('',*,*,#396,.F.);
#396 = EDGE_CURVE('',#164,#389,#397,.T.);
#397 = LINE('',#398,#399);
#398 = CARTESIAN_POINT('',(-1.17,15.48,0.));
#399 = VECTOR('',#400,1.);
#400 = DIRECTION('',(0.,0.,1.));
#401 = PLANE('',#402);
#402 = AXIS2_PLACEMENT_3D('',#403,#404,#405);
#403 = CARTESIAN_POINT('',(-4.63,15.48,0.));
#404 = DIRECTION('',(0.,1.,0.));
#405 = DIRECTION('',(1.,0.,0.));
#406 = ADVANCED_FACE('',(#407),#432,.T.);
#407 = FACE_BOUND('',#408,.T.);
#408 = EDGE_LOOP('',(#409,#410,#418,#426));
#409 = ORIENTED_EDGE('',*,*,#219,.F.);
#410 = ORIENTED_EDGE('',*,*,#411,.T.);
#411 = EDGE_CURVE('',#164,#412,#414,.T.);
#412 = VERTEX_POINT('',#413);
#413 = CARTESIAN_POINT('',(-1.17,8.6,0.3));
#414 = LINE('',#415,#416);
#415 = CARTESIAN_POINT('',(-1.17,12.935,0.3));
#416 = VECTOR('',#417,1.);
#417 = DIRECTION('',(0.,-1.,0.));
#418 = ORIENTED_EDGE('',*,*,#419,.T.);
#419 = EDGE_CURVE('',#412,#420,#422,.T.);
#420 = VERTEX_POINT('',#421);
#421 = CARTESIAN_POINT('',(1.17,8.6,0.3));
#422 = LINE('',#423,#424);
#423 = CARTESIAN_POINT('',(-0.585,8.6,0.3));
#424 = VECTOR('',#425,1.);
#425 = DIRECTION('',(1.,0.,0.));
#426 = ORIENTED_EDGE('',*,*,#427,.F.);
#427 = EDGE_CURVE('',#212,#420,#428,.T.);
#428 = LINE('',#429,#430);
#429 = CARTESIAN_POINT('',(1.17,12.935,0.3));
#430 = VECTOR('',#431,1.);
#431 = DIRECTION('',(0.,-1.,0.));
#432 = PLANE('',#433);
#433 = AXIS2_PLACEMENT_3D('',#434,#435,#436);
#434 = CARTESIAN_POINT('',(0.,10.39,0.3));
#435 = DIRECTION('',(0.,0.,1.));
#436 = DIRECTION('',(1.,0.,0.));
#437 = ADVANCED_FACE('',(#438),#456,.F.);
#438 = FACE_BOUND('',#439,.F.);
#439 = EDGE_LOOP('',(#440,#441,#449,#455));
#440 = ORIENTED_EDGE('',*,*,#203,.F.);
#441 = ORIENTED_EDGE('',*,*,#442,.T.);
#442 = EDGE_CURVE('',#196,#443,#445,.T.);
#443 = VERTEX_POINT('',#444);
#444 = CARTESIAN_POINT('',(4.63,15.48,0.3));
#445 = LINE('',#446,#447);
#446 = CARTESIAN_POINT('',(4.63,15.48,0.));
#447 = VECTOR('',#448,1.);
#448 = DIRECTION('',(0.,0.,1.));
#449 = ORIENTED_EDGE('',*,*,#450,.F.);
#450 = EDGE_CURVE('',#212,#443,#451,.T.);
#451 = LINE('',#452,#453);
#452 = CARTESIAN_POINT('',(-4.63,15.48,0.3));
#453 = VECTOR('',#454,1.);
#454 = DIRECTION('',(1.,0.,0.));
#455 = ORIENTED_EDGE('',*,*,#211,.F.);
#456 = PLANE('',#457);
#457 = AXIS2_PLACEMENT_3D('',#458,#459,#460);
#458 = CARTESIAN_POINT('',(4.63,15.48,0.));
#459 = DIRECTION('',(0.,-1.,0.));
#460 = DIRECTION('',(-1.,0.,0.));
#461 = ADVANCED_FACE('',(#462),#473,.F.);
#462 = FACE_BOUND('',#463,.F.);
#463 = EDGE_LOOP('',(#464,#470,#471,#472));
#464 = ORIENTED_EDGE('',*,*,#465,.T.);
#465 = EDGE_CURVE('',#259,#196,#466,.T.);
#466 = LINE('',#467,#468);
#467 = CARTESIAN_POINT('',(4.63,5.3,0.));
#468 = VECTOR('',#469,1.);
#469 = DIRECTION('',(0.,1.,0.));
#470 = ORIENTED_EDGE('',*,*,#195,.T.);
#471 = ORIENTED_EDGE('',*,*,#236,.T.);
#472 = ORIENTED_EDGE('',*,*,#268,.F.);
#473 = PLANE('',#474);
#474 = AXIS2_PLACEMENT_3D('',#475,#476,#477);
#475 = CARTESIAN_POINT('',(4.63,15.48,0.3));
#476 = DIRECTION('',(-1.,-0.,-0.));
#477 = DIRECTION('',(0.,-1.,0.));
#478 = ADVANCED_FACE('',(#479),#504,.T.);
#479 = FACE_BOUND('',#480,.T.);
#480 = EDGE_LOOP('',(#481,#482,#490,#498));
#481 = ORIENTED_EDGE('',*,*,#258,.F.);
#482 = ORIENTED_EDGE('',*,*,#483,.T.);
#483 = EDGE_CURVE('',#259,#484,#486,.T.);
#484 = VERTEX_POINT('',#485);
#485 = CARTESIAN_POINT('',(4.63,5.3,0.3));
#486 = LINE('',#487,#488);
#487 = CARTESIAN_POINT('',(4.63,5.3,0.));
#488 = VECTOR('',#489,1.);
#489 = DIRECTION('',(0.,0.,1.));
#490 = ORIENTED_EDGE('',*,*,#491,.T.);
#491 = EDGE_CURVE('',#484,#492,#494,.T.);
#492 = VERTEX_POINT('',#493);
#493 = CARTESIAN_POINT('',(3.735,5.3,0.3));
#494 = LINE('',#495,#496);
#495 = CARTESIAN_POINT('',(4.63,5.3,0.3));
#496 = VECTOR('',#497,1.);
#497 = DIRECTION('',(-1.,0.,0.));
#498 = ORIENTED_EDGE('',*,*,#499,.F.);
#499 = EDGE_CURVE('',#261,#492,#500,.T.);
#500 = LINE('',#501,#502);
#501 = CARTESIAN_POINT('',(3.735,5.3,0.));
#502 = VECTOR('',#503,1.);
#503 = DIRECTION('',(0.,0.,1.));
#504 = PLANE('',#505);
#505 = AXIS2_PLACEMENT_3D('',#506,#507,#508);
#506 = CARTESIAN_POINT('',(4.63,5.3,0.));
#507 = DIRECTION('',(0.,-1.,0.));
#508 = DIRECTION('',(-1.,0.,0.));
#509 = ADVANCED_FACE('',(#510),#528,.F.);
#510 = FACE_BOUND('',#511,.F.);
#511 = EDGE_LOOP('',(#512,#513,#514,#522));
#512 = ORIENTED_EDGE('',*,*,#277,.T.);
#513 = ORIENTED_EDGE('',*,*,#324,.T.);
#514 = ORIENTED_EDGE('',*,*,#515,.T.);
#515 = EDGE_CURVE('',#317,#516,#518,.T.);
#516 = VERTEX_POINT('',#517);
#517 = CARTESIAN_POINT('',(3.735,0.,0.));
#518 = LINE('',#519,#520);
#519 = CARTESIAN_POINT('',(-3.735,0.,0.));
#520 = VECTOR('',#521,1.);
#521 = DIRECTION('',(1.,0.,0.));
#522 = ORIENTED_EDGE('',*,*,#523,.T.);
#523 = EDGE_CURVE('',#516,#261,#524,.T.);
#524 = LINE('',#525,#526);
#525 = CARTESIAN_POINT('',(3.735,0.,0.));
#526 = VECTOR('',#527,1.);
#527 = DIRECTION('',(0.,1.,0.));
#528 = PLANE('',#529);
#529 = AXIS2_PLACEMENT_3D('',#530,#531,#532);
#530 = CARTESIAN_POINT('',(1.E-16,8.57105313093,0.));
#531 = DIRECTION('',(0.,0.,1.));
#532 = DIRECTION('',(1.,0.,0.));
#533 = ADVANCED_FACE('',(#534),#545,.F.);
#534 = FACE_BOUND('',#535,.F.);
#535 = EDGE_LOOP('',(#536,#537,#538,#544));
#536 = ORIENTED_EDGE('',*,*,#340,.F.);
#537 = ORIENTED_EDGE('',*,*,#372,.T.);
#538 = ORIENTED_EDGE('',*,*,#539,.T.);
#539 = EDGE_CURVE('',#365,#301,#540,.T.);
#540 = LINE('',#541,#542);
#541 = CARTESIAN_POINT('',(-4.63,5.3,59.5));
#542 = VECTOR('',#543,1.);
#543 = DIRECTION('',(1.,0.,0.));
#544 = ORIENTED_EDGE('',*,*,#300,.F.);
#545 = PLANE('',#546);
#546 = AXIS2_PLACEMENT_3D('',#547,#548,#549);
#547 = CARTESIAN_POINT('',(-4.63,5.3,0.));
#548 = DIRECTION('',(0.,1.,0.));
#549 = DIRECTION('',(1.,0.,0.));
#550 = ADVANCED_FACE('',(#551,#569,#580,#591,#602,#613,#624,#635,#646,
    #657,#668,#679,#690,#701,#712,#723,#734,#745,#756,#767,#778,#789,
    #800,#811,#822,#833,#844,#855,#866,#877,#888,#899,#910,#921,#932,
    #943,#954,#965,#976,#987,#998,#1009,#1020,#1031,#1042),#1053,.F.);
#551 = FACE_BOUND('',#552,.F.);
#552 = EDGE_LOOP('',(#553,#554,#562,#568));
#553 = ORIENTED_EDGE('',*,*,#316,.T.);
#554 = ORIENTED_EDGE('',*,*,#555,.T.);
#555 = EDGE_CURVE('',#309,#556,#558,.T.);
#556 = VERTEX_POINT('',#557);
#557 = CARTESIAN_POINT('',(3.735,0.,59.5));
#558 = LINE('',#559,#560);
#559 = CARTESIAN_POINT('',(-3.735,0.,59.5));
#560 = VECTOR('',#561,1.);
#561 = DIRECTION('',(1.,0.,0.));
#562 = ORIENTED_EDGE('',*,*,#563,.F.);
#563 = EDGE_CURVE('',#516,#556,#564,.T.);
#564 = LINE('',#565,#566);
#565 = CARTESIAN_POINT('',(3.735,0.,0.));
#566 = VECTOR('',#567,1.);
#567 = DIRECTION('',(0.,0.,1.));
#568 = ORIENTED_EDGE('',*,*,#515,.F.);
#569 = FACE_BOUND('',#570,.F.);
#570 = EDGE_LOOP('',(#571));
#571 = ORIENTED_EDGE('',*,*,#572,.T.);
#572 = EDGE_CURVE('',#573,#573,#575,.T.);
#573 = VERTEX_POINT('',#574);
#574 = CARTESIAN_POINT('',(-2.24,1.252775660987E-14,56.42));
#575 = CIRCLE('',#576,0.3);
#576 = AXIS2_PLACEMENT_3D('',#577,#578,#579);
#577 = CARTESIAN_POINT('',(-2.54,1.252775660987E-14,56.42));
#578 = DIRECTION('',(0.,-1.,2.22044604925E-16));
#579 = DIRECTION('',(1.,0.,0.));
#580 = FACE_BOUND('',#581,.F.);
#581 = EDGE_LOOP('',(#582));
#582 = ORIENTED_EDGE('',*,*,#583,.T.);
#583 = EDGE_CURVE('',#584,#584,#586,.T.);
#584 = VERTEX_POINT('',#585);
#585 = CARTESIAN_POINT('',(-2.24,1.196376331336E-14,53.88));
#586 = CIRCLE('',#587,0.3);
#587 = AXIS2_PLACEMENT_3D('',#588,#589,#590);
#588 = CARTESIAN_POINT('',(-2.54,1.196376331336E-14,53.88));
#589 = DIRECTION('',(0.,-1.,2.22044604925E-16));
#590 = DIRECTION('',(1.,0.,0.));
#591 = FACE_BOUND('',#592,.F.);
#592 = EDGE_LOOP('',(#593));
#593 = ORIENTED_EDGE('',*,*,#594,.T.);
#594 = EDGE_CURVE('',#595,#595,#597,.T.);
#595 = VERTEX_POINT('',#596);
#596 = CARTESIAN_POINT('',(-2.24,1.139977001685E-14,51.34));
#597 = CIRCLE('',#598,0.3);
#598 = AXIS2_PLACEMENT_3D('',#599,#600,#601);
#599 = CARTESIAN_POINT('',(-2.54,1.139977001685E-14,51.34));
#600 = DIRECTION('',(0.,-1.,2.22044604925E-16));
#601 = DIRECTION('',(1.,0.,0.));
#602 = FACE_BOUND('',#603,.F.);
#603 = EDGE_LOOP('',(#604));
#604 = ORIENTED_EDGE('',*,*,#605,.T.);
#605 = EDGE_CURVE('',#606,#606,#608,.T.);
#606 = VERTEX_POINT('',#607);
#607 = CARTESIAN_POINT('',(-2.24,1.083577672034E-14,48.8));
#608 = CIRCLE('',#609,0.3);
#609 = AXIS2_PLACEMENT_3D('',#610,#611,#612);
#610 = CARTESIAN_POINT('',(-2.54,1.083577672034E-14,48.8));
#611 = DIRECTION('',(0.,-1.,2.22044604925E-16));
#612 = DIRECTION('',(1.,0.,0.));
#613 = FACE_BOUND('',#614,.F.);
#614 = EDGE_LOOP('',(#615));
#615 = ORIENTED_EDGE('',*,*,#616,.T.);
#616 = EDGE_CURVE('',#617,#617,#619,.T.);
#617 = VERTEX_POINT('',#618);
#618 = CARTESIAN_POINT('',(-2.24,1.027178342383E-14,46.26));
#619 = CIRCLE('',#620,0.3);
#620 = AXIS2_PLACEMENT_3D('',#621,#622,#623);
#621 = CARTESIAN_POINT('',(-2.54,1.027178342383E-14,46.26));
#622 = DIRECTION('',(0.,-1.,2.22044604925E-16));
#623 = DIRECTION('',(1.,0.,0.));
#624 = FACE_BOUND('',#625,.F.);
#625 = EDGE_LOOP('',(#626));
#626 = ORIENTED_EDGE('',*,*,#627,.T.);
#627 = EDGE_CURVE('',#628,#628,#630,.T.);
#628 = VERTEX_POINT('',#629);
#629 = CARTESIAN_POINT('',(-2.24,9.707790127322E-15,43.72));
#630 = CIRCLE('',#631,0.3);
#631 = AXIS2_PLACEMENT_3D('',#632,#633,#634);
#632 = CARTESIAN_POINT('',(-2.54,9.707790127322E-15,43.72));
#633 = DIRECTION('',(0.,-1.,2.22044604925E-16));
#634 = DIRECTION('',(1.,0.,0.));
#635 = FACE_BOUND('',#636,.F.);
#636 = EDGE_LOOP('',(#637));
#637 = ORIENTED_EDGE('',*,*,#638,.T.);
#638 = EDGE_CURVE('',#639,#639,#641,.T.);
#639 = VERTEX_POINT('',#640);
#640 = CARTESIAN_POINT('',(-2.24,9.143796830813E-15,41.18));
#641 = CIRCLE('',#642,0.3);
#642 = AXIS2_PLACEMENT_3D('',#643,#644,#645);
#643 = CARTESIAN_POINT('',(-2.54,9.143796830813E-15,41.18));
#644 = DIRECTION('',(0.,-1.,2.22044604925E-16));
#645 = DIRECTION('',(1.,0.,0.));
#646 = FACE_BOUND('',#647,.F.);
#647 = EDGE_LOOP('',(#648));
#648 = ORIENTED_EDGE('',*,*,#649,.T.);
#649 = EDGE_CURVE('',#650,#650,#652,.T.);
#650 = VERTEX_POINT('',#651);
#651 = CARTESIAN_POINT('',(-2.24,8.579803534303E-15,38.64));
#652 = CIRCLE('',#653,0.3);
#653 = AXIS2_PLACEMENT_3D('',#654,#655,#656);
#654 = CARTESIAN_POINT('',(-2.54,8.579803534303E-15,38.64));
#655 = DIRECTION('',(0.,-1.,2.22044604925E-16));
#656 = DIRECTION('',(1.,0.,0.));
#657 = FACE_BOUND('',#658,.F.);
#658 = EDGE_LOOP('',(#659));
#659 = ORIENTED_EDGE('',*,*,#660,.T.);
#660 = EDGE_CURVE('',#661,#661,#663,.T.);
#661 = VERTEX_POINT('',#662);
#662 = CARTESIAN_POINT('',(-2.24,8.015810237794E-15,36.1));
#663 = CIRCLE('',#664,0.3);
#664 = AXIS2_PLACEMENT_3D('',#665,#666,#667);
#665 = CARTESIAN_POINT('',(-2.54,8.015810237794E-15,36.1));
#666 = DIRECTION('',(0.,-1.,2.22044604925E-16));
#667 = DIRECTION('',(1.,0.,0.));
#668 = FACE_BOUND('',#669,.F.);
#669 = EDGE_LOOP('',(#670));
#670 = ORIENTED_EDGE('',*,*,#671,.T.);
#671 = EDGE_CURVE('',#672,#672,#674,.T.);
#672 = VERTEX_POINT('',#673);
#673 = CARTESIAN_POINT('',(-2.24,7.451816941284E-15,33.56));
#674 = CIRCLE('',#675,0.3);
#675 = AXIS2_PLACEMENT_3D('',#676,#677,#678);
#676 = CARTESIAN_POINT('',(-2.54,7.451816941284E-15,33.56));
#677 = DIRECTION('',(0.,-1.,2.22044604925E-16));
#678 = DIRECTION('',(1.,0.,0.));
#679 = FACE_BOUND('',#680,.F.);
#680 = EDGE_LOOP('',(#681));
#681 = ORIENTED_EDGE('',*,*,#682,.T.);
#682 = EDGE_CURVE('',#683,#683,#685,.T.);
#683 = VERTEX_POINT('',#684);
#684 = CARTESIAN_POINT('',(-2.24,6.887823644774E-15,31.02));
#685 = CIRCLE('',#686,0.3);
#686 = AXIS2_PLACEMENT_3D('',#687,#688,#689);
#687 = CARTESIAN_POINT('',(-2.54,6.887823644774E-15,31.02));
#688 = DIRECTION('',(0.,-1.,2.22044604925E-16));
#689 = DIRECTION('',(1.,0.,0.));
#690 = FACE_BOUND('',#691,.F.);
#691 = EDGE_LOOP('',(#692));
#692 = ORIENTED_EDGE('',*,*,#693,.T.);
#693 = EDGE_CURVE('',#694,#694,#696,.T.);
#694 = VERTEX_POINT('',#695);
#695 = CARTESIAN_POINT('',(2.84,1.252775660987E-14,56.42));
#696 = CIRCLE('',#697,0.3);
#697 = AXIS2_PLACEMENT_3D('',#698,#699,#700);
#698 = CARTESIAN_POINT('',(2.54,1.252775660987E-14,56.42));
#699 = DIRECTION('',(0.,-1.,2.22044604925E-16));
#700 = DIRECTION('',(1.,0.,0.));
#701 = FACE_BOUND('',#702,.F.);
#702 = EDGE_LOOP('',(#703));
#703 = ORIENTED_EDGE('',*,*,#704,.T.);
#704 = EDGE_CURVE('',#705,#705,#707,.T.);
#705 = VERTEX_POINT('',#706);
#706 = CARTESIAN_POINT('',(2.84,1.196376331336E-14,53.88));
#707 = CIRCLE('',#708,0.3);
#708 = AXIS2_PLACEMENT_3D('',#709,#710,#711);
#709 = CARTESIAN_POINT('',(2.54,1.196376331336E-14,53.88));
#710 = DIRECTION('',(0.,-1.,2.22044604925E-16));
#711 = DIRECTION('',(1.,0.,0.));
#712 = FACE_BOUND('',#713,.F.);
#713 = EDGE_LOOP('',(#714));
#714 = ORIENTED_EDGE('',*,*,#715,.T.);
#715 = EDGE_CURVE('',#716,#716,#718,.T.);
#716 = VERTEX_POINT('',#717);
#717 = CARTESIAN_POINT('',(2.84,1.139977001685E-14,51.34));
#718 = CIRCLE('',#719,0.3);
#719 = AXIS2_PLACEMENT_3D('',#720,#721,#722);
#720 = CARTESIAN_POINT('',(2.54,1.139977001685E-14,51.34));
#721 = DIRECTION('',(0.,-1.,2.22044604925E-16));
#722 = DIRECTION('',(1.,0.,0.));
#723 = FACE_BOUND('',#724,.F.);
#724 = EDGE_LOOP('',(#725));
#725 = ORIENTED_EDGE('',*,*,#726,.T.);
#726 = EDGE_CURVE('',#727,#727,#729,.T.);
#727 = VERTEX_POINT('',#728);
#728 = CARTESIAN_POINT('',(2.84,1.083577672034E-14,48.8));
#729 = CIRCLE('',#730,0.3);
#730 = AXIS2_PLACEMENT_3D('',#731,#732,#733);
#731 = CARTESIAN_POINT('',(2.54,1.083577672034E-14,48.8));
#732 = DIRECTION('',(0.,-1.,2.22044604925E-16));
#733 = DIRECTION('',(1.,0.,0.));
#734 = FACE_BOUND('',#735,.F.);
#735 = EDGE_LOOP('',(#736));
#736 = ORIENTED_EDGE('',*,*,#737,.T.);
#737 = EDGE_CURVE('',#738,#738,#740,.T.);
#738 = VERTEX_POINT('',#739);
#739 = CARTESIAN_POINT('',(2.84,1.027178342383E-14,46.26));
#740 = CIRCLE('',#741,0.3);
#741 = AXIS2_PLACEMENT_3D('',#742,#743,#744);
#742 = CARTESIAN_POINT('',(2.54,1.027178342383E-14,46.26));
#743 = DIRECTION('',(0.,-1.,2.22044604925E-16));
#744 = DIRECTION('',(1.,0.,0.));
#745 = FACE_BOUND('',#746,.F.);
#746 = EDGE_LOOP('',(#747));
#747 = ORIENTED_EDGE('',*,*,#748,.T.);
#748 = EDGE_CURVE('',#749,#749,#751,.T.);
#749 = VERTEX_POINT('',#750);
#750 = CARTESIAN_POINT('',(2.84,9.707790127322E-15,43.72));
#751 = CIRCLE('',#752,0.3);
#752 = AXIS2_PLACEMENT_3D('',#753,#754,#755);
#753 = CARTESIAN_POINT('',(2.54,9.707790127322E-15,43.72));
#754 = DIRECTION('',(0.,-1.,2.22044604925E-16));
#755 = DIRECTION('',(1.,0.,0.));
#756 = FACE_BOUND('',#757,.F.);
#757 = EDGE_LOOP('',(#758));
#758 = ORIENTED_EDGE('',*,*,#759,.T.);
#759 = EDGE_CURVE('',#760,#760,#762,.T.);
#760 = VERTEX_POINT('',#761);
#761 = CARTESIAN_POINT('',(2.84,9.143796830813E-15,41.18));
#762 = CIRCLE('',#763,0.3);
#763 = AXIS2_PLACEMENT_3D('',#764,#765,#766);
#764 = CARTESIAN_POINT('',(2.54,9.143796830813E-15,41.18));
#765 = DIRECTION('',(0.,-1.,2.22044604925E-16));
#766 = DIRECTION('',(1.,0.,0.));
#767 = FACE_BOUND('',#768,.F.);
#768 = EDGE_LOOP('',(#769));
#769 = ORIENTED_EDGE('',*,*,#770,.T.);
#770 = EDGE_CURVE('',#771,#771,#773,.T.);
#771 = VERTEX_POINT('',#772);
#772 = CARTESIAN_POINT('',(2.84,8.579803534303E-15,38.64));
#773 = CIRCLE('',#774,0.3);
#774 = AXIS2_PLACEMENT_3D('',#775,#776,#777);
#775 = CARTESIAN_POINT('',(2.54,8.579803534303E-15,38.64));
#776 = DIRECTION('',(0.,-1.,2.22044604925E-16));
#777 = DIRECTION('',(1.,0.,0.));
#778 = FACE_BOUND('',#779,.F.);
#779 = EDGE_LOOP('',(#780));
#780 = ORIENTED_EDGE('',*,*,#781,.T.);
#781 = EDGE_CURVE('',#782,#782,#784,.T.);
#782 = VERTEX_POINT('',#783);
#783 = CARTESIAN_POINT('',(2.84,8.015810237794E-15,36.1));
#784 = CIRCLE('',#785,0.3);
#785 = AXIS2_PLACEMENT_3D('',#786,#787,#788);
#786 = CARTESIAN_POINT('',(2.54,8.015810237794E-15,36.1));
#787 = DIRECTION('',(0.,-1.,2.22044604925E-16));
#788 = DIRECTION('',(1.,0.,0.));
#789 = FACE_BOUND('',#790,.F.);
#790 = EDGE_LOOP('',(#791));
#791 = ORIENTED_EDGE('',*,*,#792,.T.);
#792 = EDGE_CURVE('',#793,#793,#795,.T.);
#793 = VERTEX_POINT('',#794);
#794 = CARTESIAN_POINT('',(2.84,7.451816941284E-15,33.56));
#795 = CIRCLE('',#796,0.3);
#796 = AXIS2_PLACEMENT_3D('',#797,#798,#799);
#797 = CARTESIAN_POINT('',(2.54,7.451816941284E-15,33.56));
#798 = DIRECTION('',(0.,-1.,2.22044604925E-16));
#799 = DIRECTION('',(1.,0.,0.));
#800 = FACE_BOUND('',#801,.F.);
#801 = EDGE_LOOP('',(#802));
#802 = ORIENTED_EDGE('',*,*,#803,.T.);
#803 = EDGE_CURVE('',#804,#804,#806,.T.);
#804 = VERTEX_POINT('',#805);
#805 = CARTESIAN_POINT('',(2.84,6.887823644774E-15,31.02));
#806 = CIRCLE('',#807,0.3);
#807 = AXIS2_PLACEMENT_3D('',#808,#809,#810);
#808 = CARTESIAN_POINT('',(2.54,6.887823644774E-15,31.02));
#809 = DIRECTION('',(0.,-1.,2.22044604925E-16));
#810 = DIRECTION('',(1.,0.,0.));
#811 = FACE_BOUND('',#812,.F.);
#812 = EDGE_LOOP('',(#813));
#813 = ORIENTED_EDGE('',*,*,#814,.T.);
#814 = EDGE_CURVE('',#815,#815,#817,.T.);
#815 = VERTEX_POINT('',#816);
#816 = CARTESIAN_POINT('',(-2.24,6.323830348265E-15,28.48));
#817 = CIRCLE('',#818,0.3);
#818 = AXIS2_PLACEMENT_3D('',#819,#820,#821);
#819 = CARTESIAN_POINT('',(-2.54,6.323830348265E-15,28.48));
#820 = DIRECTION('',(0.,-1.,2.22044604925E-16));
#821 = DIRECTION('',(1.,0.,0.));
#822 = FACE_BOUND('',#823,.F.);
#823 = EDGE_LOOP('',(#824));
#824 = ORIENTED_EDGE('',*,*,#825,.T.);
#825 = EDGE_CURVE('',#826,#826,#828,.T.);
#826 = VERTEX_POINT('',#827);
#827 = CARTESIAN_POINT('',(-2.24,5.759837051755E-15,25.94));
#828 = CIRCLE('',#829,0.3);
#829 = AXIS2_PLACEMENT_3D('',#830,#831,#832);
#830 = CARTESIAN_POINT('',(-2.54,5.759837051755E-15,25.94));
#831 = DIRECTION('',(0.,-1.,2.22044604925E-16));
#832 = DIRECTION('',(1.,0.,0.));
#833 = FACE_BOUND('',#834,.F.);
#834 = EDGE_LOOP('',(#835));
#835 = ORIENTED_EDGE('',*,*,#836,.T.);
#836 = EDGE_CURVE('',#837,#837,#839,.T.);
#837 = VERTEX_POINT('',#838);
#838 = CARTESIAN_POINT('',(-2.24,5.195843755246E-15,23.4));
#839 = CIRCLE('',#840,0.3);
#840 = AXIS2_PLACEMENT_3D('',#841,#842,#843);
#841 = CARTESIAN_POINT('',(-2.54,5.195843755246E-15,23.4));
#842 = DIRECTION('',(0.,-1.,2.22044604925E-16));
#843 = DIRECTION('',(1.,0.,0.));
#844 = FACE_BOUND('',#845,.F.);
#845 = EDGE_LOOP('',(#846));
#846 = ORIENTED_EDGE('',*,*,#847,.T.);
#847 = EDGE_CURVE('',#848,#848,#850,.T.);
#848 = VERTEX_POINT('',#849);
#849 = CARTESIAN_POINT('',(-2.24,4.631850458736E-15,20.86));
#850 = CIRCLE('',#851,0.3);
#851 = AXIS2_PLACEMENT_3D('',#852,#853,#854);
#852 = CARTESIAN_POINT('',(-2.54,4.631850458736E-15,20.86));
#853 = DIRECTION('',(0.,-1.,2.22044604925E-16));
#854 = DIRECTION('',(1.,0.,0.));
#855 = FACE_BOUND('',#856,.F.);
#856 = EDGE_LOOP('',(#857));
#857 = ORIENTED_EDGE('',*,*,#858,.T.);
#858 = EDGE_CURVE('',#859,#859,#861,.T.);
#859 = VERTEX_POINT('',#860);
#860 = CARTESIAN_POINT('',(-2.24,4.067857162227E-15,18.32));
#861 = CIRCLE('',#862,0.3);
#862 = AXIS2_PLACEMENT_3D('',#863,#864,#865);
#863 = CARTESIAN_POINT('',(-2.54,4.067857162227E-15,18.32));
#864 = DIRECTION('',(0.,-1.,2.22044604925E-16));
#865 = DIRECTION('',(1.,0.,0.));
#866 = FACE_BOUND('',#867,.F.);
#867 = EDGE_LOOP('',(#868));
#868 = ORIENTED_EDGE('',*,*,#869,.T.);
#869 = EDGE_CURVE('',#870,#870,#872,.T.);
#870 = VERTEX_POINT('',#871);
#871 = CARTESIAN_POINT('',(-2.24,3.503863865717E-15,15.78));
#872 = CIRCLE('',#873,0.3);
#873 = AXIS2_PLACEMENT_3D('',#874,#875,#876);
#874 = CARTESIAN_POINT('',(-2.54,3.503863865717E-15,15.78));
#875 = DIRECTION('',(0.,-1.,2.22044604925E-16));
#876 = DIRECTION('',(1.,0.,0.));
#877 = FACE_BOUND('',#878,.F.);
#878 = EDGE_LOOP('',(#879));
#879 = ORIENTED_EDGE('',*,*,#880,.T.);
#880 = EDGE_CURVE('',#881,#881,#883,.T.);
#881 = VERTEX_POINT('',#882);
#882 = CARTESIAN_POINT('',(-2.24,2.939870569207E-15,13.24));
#883 = CIRCLE('',#884,0.3);
#884 = AXIS2_PLACEMENT_3D('',#885,#886,#887);
#885 = CARTESIAN_POINT('',(-2.54,2.939870569207E-15,13.24));
#886 = DIRECTION('',(0.,-1.,2.22044604925E-16));
#887 = DIRECTION('',(1.,0.,0.));
#888 = FACE_BOUND('',#889,.F.);
#889 = EDGE_LOOP('',(#890));
#890 = ORIENTED_EDGE('',*,*,#891,.T.);
#891 = EDGE_CURVE('',#892,#892,#894,.T.);
#892 = VERTEX_POINT('',#893);
#893 = CARTESIAN_POINT('',(-2.24,2.375877272698E-15,10.7));
#894 = CIRCLE('',#895,0.3);
#895 = AXIS2_PLACEMENT_3D('',#896,#897,#898);
#896 = CARTESIAN_POINT('',(-2.54,2.375877272698E-15,10.7));
#897 = DIRECTION('',(0.,-1.,2.22044604925E-16));
#898 = DIRECTION('',(1.,0.,0.));
#899 = FACE_BOUND('',#900,.F.);
#900 = EDGE_LOOP('',(#901));
#901 = ORIENTED_EDGE('',*,*,#902,.T.);
#902 = EDGE_CURVE('',#903,#903,#905,.T.);
#903 = VERTEX_POINT('',#904);
#904 = CARTESIAN_POINT('',(-2.24,1.811883976188E-15,8.16));
#905 = CIRCLE('',#906,0.3);
#906 = AXIS2_PLACEMENT_3D('',#907,#908,#909);
#907 = CARTESIAN_POINT('',(-2.54,1.811883976188E-15,8.16));
#908 = DIRECTION('',(0.,-1.,2.22044604925E-16));
#909 = DIRECTION('',(1.,0.,0.));
#910 = FACE_BOUND('',#911,.F.);
#911 = EDGE_LOOP('',(#912));
#912 = ORIENTED_EDGE('',*,*,#913,.T.);
#913 = EDGE_CURVE('',#914,#914,#916,.T.);
#914 = VERTEX_POINT('',#915);
#915 = CARTESIAN_POINT('',(-2.24,1.247890679679E-15,5.62));
#916 = CIRCLE('',#917,0.3);
#917 = AXIS2_PLACEMENT_3D('',#918,#919,#920);
#918 = CARTESIAN_POINT('',(-2.54,1.247890679679E-15,5.62));
#919 = DIRECTION('',(0.,-1.,2.22044604925E-16));
#920 = DIRECTION('',(1.,0.,0.));
#921 = FACE_BOUND('',#922,.F.);
#922 = EDGE_LOOP('',(#923));
#923 = ORIENTED_EDGE('',*,*,#924,.T.);
#924 = EDGE_CURVE('',#925,#925,#927,.T.);
#925 = VERTEX_POINT('',#926);
#926 = CARTESIAN_POINT('',(-2.24,6.838973831691E-16,3.08));
#927 = CIRCLE('',#928,0.3);
#928 = AXIS2_PLACEMENT_3D('',#929,#930,#931);
#929 = CARTESIAN_POINT('',(-2.54,6.838973831691E-16,3.08));
#930 = DIRECTION('',(0.,-1.,2.22044604925E-16));
#931 = DIRECTION('',(1.,0.,0.));
#932 = FACE_BOUND('',#933,.F.);
#933 = EDGE_LOOP('',(#934));
#934 = ORIENTED_EDGE('',*,*,#935,.T.);
#935 = EDGE_CURVE('',#936,#936,#938,.T.);
#936 = VERTEX_POINT('',#937);
#937 = CARTESIAN_POINT('',(2.84,6.323830348265E-15,28.48));
#938 = CIRCLE('',#939,0.3);
#939 = AXIS2_PLACEMENT_3D('',#940,#941,#942);
#940 = CARTESIAN_POINT('',(2.54,6.323830348265E-15,28.48));
#941 = DIRECTION('',(0.,-1.,2.22044604925E-16));
#942 = DIRECTION('',(1.,0.,0.));
#943 = FACE_BOUND('',#944,.F.);
#944 = EDGE_LOOP('',(#945));
#945 = ORIENTED_EDGE('',*,*,#946,.T.);
#946 = EDGE_CURVE('',#947,#947,#949,.T.);
#947 = VERTEX_POINT('',#948);
#948 = CARTESIAN_POINT('',(2.84,5.759837051755E-15,25.94));
#949 = CIRCLE('',#950,0.3);
#950 = AXIS2_PLACEMENT_3D('',#951,#952,#953);
#951 = CARTESIAN_POINT('',(2.54,5.759837051755E-15,25.94));
#952 = DIRECTION('',(0.,-1.,2.22044604925E-16));
#953 = DIRECTION('',(1.,0.,0.));
#954 = FACE_BOUND('',#955,.F.);
#955 = EDGE_LOOP('',(#956));
#956 = ORIENTED_EDGE('',*,*,#957,.T.);
#957 = EDGE_CURVE('',#958,#958,#960,.T.);
#958 = VERTEX_POINT('',#959);
#959 = CARTESIAN_POINT('',(2.84,5.195843755246E-15,23.4));
#960 = CIRCLE('',#961,0.3);
#961 = AXIS2_PLACEMENT_3D('',#962,#963,#964);
#962 = CARTESIAN_POINT('',(2.54,5.195843755246E-15,23.4));
#963 = DIRECTION('',(0.,-1.,2.22044604925E-16));
#964 = DIRECTION('',(1.,0.,0.));
#965 = FACE_BOUND('',#966,.F.);
#966 = EDGE_LOOP('',(#967));
#967 = ORIENTED_EDGE('',*,*,#968,.T.);
#968 = EDGE_CURVE('',#969,#969,#971,.T.);
#969 = VERTEX_POINT('',#970);
#970 = CARTESIAN_POINT('',(2.84,4.631850458736E-15,20.86));
#971 = CIRCLE('',#972,0.3);
#972 = AXIS2_PLACEMENT_3D('',#973,#974,#975);
#973 = CARTESIAN_POINT('',(2.54,4.631850458736E-15,20.86));
#974 = DIRECTION('',(0.,-1.,2.22044604925E-16));
#975 = DIRECTION('',(1.,0.,0.));
#976 = FACE_BOUND('',#977,.F.);
#977 = EDGE_LOOP('',(#978));
#978 = ORIENTED_EDGE('',*,*,#979,.T.);
#979 = EDGE_CURVE('',#980,#980,#982,.T.);
#980 = VERTEX_POINT('',#981);
#981 = CARTESIAN_POINT('',(2.84,4.067857162227E-15,18.32));
#982 = CIRCLE('',#983,0.3);
#983 = AXIS2_PLACEMENT_3D('',#984,#985,#986);
#984 = CARTESIAN_POINT('',(2.54,4.067857162227E-15,18.32));
#985 = DIRECTION('',(0.,-1.,2.22044604925E-16));
#986 = DIRECTION('',(1.,0.,0.));
#987 = FACE_BOUND('',#988,.F.);
#988 = EDGE_LOOP('',(#989));
#989 = ORIENTED_EDGE('',*,*,#990,.T.);
#990 = EDGE_CURVE('',#991,#991,#993,.T.);
#991 = VERTEX_POINT('',#992);
#992 = CARTESIAN_POINT('',(2.84,3.503863865717E-15,15.78));
#993 = CIRCLE('',#994,0.3);
#994 = AXIS2_PLACEMENT_3D('',#995,#996,#997);
#995 = CARTESIAN_POINT('',(2.54,3.503863865717E-15,15.78));
#996 = DIRECTION('',(0.,-1.,2.22044604925E-16));
#997 = DIRECTION('',(1.,0.,0.));
#998 = FACE_BOUND('',#999,.F.);
#999 = EDGE_LOOP('',(#1000));
#1000 = ORIENTED_EDGE('',*,*,#1001,.T.);
#1001 = EDGE_CURVE('',#1002,#1002,#1004,.T.);
#1002 = VERTEX_POINT('',#1003);
#1003 = CARTESIAN_POINT('',(2.84,2.939870569207E-15,13.24));
#1004 = CIRCLE('',#1005,0.3);
#1005 = AXIS2_PLACEMENT_3D('',#1006,#1007,#1008);
#1006 = CARTESIAN_POINT('',(2.54,2.939870569207E-15,13.24));
#1007 = DIRECTION('',(0.,-1.,2.22044604925E-16));
#1008 = DIRECTION('',(1.,0.,0.));
#1009 = FACE_BOUND('',#1010,.F.);
#1010 = EDGE_LOOP('',(#1011));
#1011 = ORIENTED_EDGE('',*,*,#1012,.T.);
#1012 = EDGE_CURVE('',#1013,#1013,#1015,.T.);
#1013 = VERTEX_POINT('',#1014);
#1014 = CARTESIAN_POINT('',(2.84,2.375877272698E-15,10.7));
#1015 = CIRCLE('',#1016,0.3);
#1016 = AXIS2_PLACEMENT_3D('',#1017,#1018,#1019);
#1017 = CARTESIAN_POINT('',(2.54,2.375877272698E-15,10.7));
#1018 = DIRECTION('',(0.,-1.,2.22044604925E-16));
#1019 = DIRECTION('',(1.,0.,0.));
#1020 = FACE_BOUND('',#1021,.F.);
#1021 = EDGE_LOOP('',(#1022));
#1022 = ORIENTED_EDGE('',*,*,#1023,.T.);
#1023 = EDGE_CURVE('',#1024,#1024,#1026,.T.);
#1024 = VERTEX_POINT('',#1025);
#1025 = CARTESIAN_POINT('',(2.84,1.811883976188E-15,8.16));
#1026 = CIRCLE('',#1027,0.3);
#1027 = AXIS2_PLACEMENT_3D('',#1028,#1029,#1030);
#1028 = CARTESIAN_POINT('',(2.54,1.811883976188E-15,8.16));
#1029 = DIRECTION('',(0.,-1.,2.22044604925E-16));
#1030 = DIRECTION('',(1.,0.,0.));
#1031 = FACE_BOUND('',#1032,.F.);
#1032 = EDGE_LOOP('',(#1033));
#1033 = ORIENTED_EDGE('',*,*,#1034,.T.);
#1034 = EDGE_CURVE('',#1035,#1035,#1037,.T.);
#1035 = VERTEX_POINT('',#1036);
#1036 = CARTESIAN_POINT('',(2.84,1.247890679679E-15,5.62));
#1037 = CIRCLE('',#1038,0.3);
#1038 = AXIS2_PLACEMENT_3D('',#1039,#1040,#1041);
#1039 = CARTESIAN_POINT('',(2.54,1.247890679679E-15,5.62));
#1040 = DIRECTION('',(0.,-1.,2.22044604925E-16));
#1041 = DIRECTION('',(1.,0.,0.));
#1042 = FACE_BOUND('',#1043,.F.);
#1043 = EDGE_LOOP('',(#1044));
#1044 = ORIENTED_EDGE('',*,*,#1045,.T.);
#1045 = EDGE_CURVE('',#1046,#1046,#1048,.T.);
#1046 = VERTEX_POINT('',#1047);
#1047 = CARTESIAN_POINT('',(2.84,6.838973831691E-16,3.08));
#1048 = CIRCLE('',#1049,0.3);
#1049 = AXIS2_PLACEMENT_3D('',#1050,#1051,#1052);
#1050 = CARTESIAN_POINT('',(2.54,6.838973831691E-16,3.08));
#1051 = DIRECTION('',(0.,-1.,2.22044604925E-16));
#1052 = DIRECTION('',(1.,0.,0.));
#1053 = PLANE('',#1054);
#1054 = AXIS2_PLACEMENT_3D('',#1055,#1056,#1057);
#1055 = CARTESIAN_POINT('',(-3.735,0.,0.));
#1056 = DIRECTION('',(0.,1.,0.));
#1057 = DIRECTION('',(1.,0.,0.));
#1058 = ADVANCED_FACE('',(#1059),#1077,.T.);
#1059 = FACE_BOUND('',#1060,.T.);
#1060 = EDGE_LOOP('',(#1061,#1069,#1070,#1071));
#1061 = ORIENTED_EDGE('',*,*,#1062,.T.);
#1062 = EDGE_CURVE('',#1063,#301,#1065,.T.);
#1063 = VERTEX_POINT('',#1064);
#1064 = CARTESIAN_POINT('',(3.735,5.3,59.5));
#1065 = LINE('',#1066,#1067);
#1066 = CARTESIAN_POINT('',(-2.315,5.3,59.5));
#1067 = VECTOR('',#1068,1.);
#1068 = DIRECTION('',(-1.,0.,0.));
#1069 = ORIENTED_EDGE('',*,*,#308,.T.);
#1070 = ORIENTED_EDGE('',*,*,#555,.T.);
#1071 = ORIENTED_EDGE('',*,*,#1072,.T.);
#1072 = EDGE_CURVE('',#556,#1063,#1073,.T.);
#1073 = LINE('',#1074,#1075);
#1074 = CARTESIAN_POINT('',(3.735,0.,59.5));
#1075 = VECTOR('',#1076,1.);
#1076 = DIRECTION('',(0.,1.,0.));
#1077 = PLANE('',#1078);
#1078 = AXIS2_PLACEMENT_3D('',#1079,#1080,#1081);
#1079 = CARTESIAN_POINT('',(1.E-16,8.57105313093,59.5));
#1080 = DIRECTION('',(0.,0.,1.));
#1081 = DIRECTION('',(1.,0.,0.));
#1082 = ADVANCED_FACE('',(#1083),#1108,.F.);
#1083 = FACE_BOUND('',#1084,.F.);
#1084 = EDGE_LOOP('',(#1085,#1086,#1094,#1102));
#1085 = ORIENTED_EDGE('',*,*,#364,.F.);
#1086 = ORIENTED_EDGE('',*,*,#1087,.T.);
#1087 = EDGE_CURVE('',#357,#1088,#1090,.T.);
#1088 = VERTEX_POINT('',#1089);
#1089 = CARTESIAN_POINT('',(-4.63,15.48,60.855));
#1090 = LINE('',#1091,#1092);
#1091 = CARTESIAN_POINT('',(-4.63,15.48,59.2));
#1092 = VECTOR('',#1093,1.);
#1093 = DIRECTION('',(0.,0.,1.));
#1094 = ORIENTED_EDGE('',*,*,#1095,.T.);
#1095 = EDGE_CURVE('',#1088,#1096,#1098,.T.);
#1096 = VERTEX_POINT('',#1097);
#1097 = CARTESIAN_POINT('',(-4.63,5.3,60.855));
#1098 = LINE('',#1099,#1100);
#1099 = CARTESIAN_POINT('',(-4.63,15.48,60.855));
#1100 = VECTOR('',#1101,1.);
#1101 = DIRECTION('',(0.,-1.,0.));
#1102 = ORIENTED_EDGE('',*,*,#1103,.F.);
#1103 = EDGE_CURVE('',#365,#1096,#1104,.T.);
#1104 = LINE('',#1105,#1106);
#1105 = CARTESIAN_POINT('',(-4.63,5.3,59.2));
#1106 = VECTOR('',#1107,1.);
#1107 = DIRECTION('',(0.,0.,1.));
#1108 = PLANE('',#1109);
#1109 = AXIS2_PLACEMENT_3D('',#1110,#1111,#1112);
#1110 = CARTESIAN_POINT('',(-4.63,15.48,59.2));
#1111 = DIRECTION('',(1.,0.,0.));
#1112 = DIRECTION('',(0.,-1.,0.));
#1113 = ADVANCED_FACE('',(#1114),#1132,.T.);
#1114 = FACE_BOUND('',#1115,.T.);
#1115 = EDGE_LOOP('',(#1116,#1117,#1118,#1126));
#1116 = ORIENTED_EDGE('',*,*,#388,.T.);
#1117 = ORIENTED_EDGE('',*,*,#356,.T.);
#1118 = ORIENTED_EDGE('',*,*,#1119,.T.);
#1119 = EDGE_CURVE('',#357,#1120,#1122,.T.);
#1120 = VERTEX_POINT('',#1121);
#1121 = CARTESIAN_POINT('',(-1.17,15.48,59.5));
#1122 = LINE('',#1123,#1124);
#1123 = CARTESIAN_POINT('',(-4.63,15.48,59.5));
#1124 = VECTOR('',#1125,1.);
#1125 = DIRECTION('',(1.,0.,0.));
#1126 = ORIENTED_EDGE('',*,*,#1127,.F.);
#1127 = EDGE_CURVE('',#389,#1120,#1128,.T.);
#1128 = LINE('',#1129,#1130);
#1129 = CARTESIAN_POINT('',(-1.17,15.48,0.));
#1130 = VECTOR('',#1131,1.);
#1131 = DIRECTION('',(0.,0.,1.));
#1132 = PLANE('',#1133);
#1133 = AXIS2_PLACEMENT_3D('',#1134,#1135,#1136);
#1134 = CARTESIAN_POINT('',(-4.63,15.48,0.));
#1135 = DIRECTION('',(0.,1.,0.));
#1136 = DIRECTION('',(1.,0.,0.));
#1137 = ADVANCED_FACE('',(#1138),#1156,.T.);
#1138 = FACE_BOUND('',#1139,.T.);
#1139 = EDGE_LOOP('',(#1140,#1141,#1142,#1150));
#1140 = ORIENTED_EDGE('',*,*,#411,.F.);
#1141 = ORIENTED_EDGE('',*,*,#396,.T.);
#1142 = ORIENTED_EDGE('',*,*,#1143,.T.);
#1143 = EDGE_CURVE('',#389,#1144,#1146,.T.);
#1144 = VERTEX_POINT('',#1145);
#1145 = CARTESIAN_POINT('',(-1.17,8.6,59.2));
#1146 = LINE('',#1147,#1148);
#1147 = CARTESIAN_POINT('',(-1.17,12.935,59.2));
#1148 = VECTOR('',#1149,1.);
#1149 = DIRECTION('',(0.,-1.,0.));
#1150 = ORIENTED_EDGE('',*,*,#1151,.F.);
#1151 = EDGE_CURVE('',#412,#1144,#1152,.T.);
#1152 = LINE('',#1153,#1154);
#1153 = CARTESIAN_POINT('',(-1.17,8.6,0.));
#1154 = VECTOR('',#1155,1.);
#1155 = DIRECTION('',(0.,0.,1.));
#1156 = PLANE('',#1157);
#1157 = AXIS2_PLACEMENT_3D('',#1158,#1159,#1160);
#1158 = CARTESIAN_POINT('',(-1.17,15.48,0.));
#1159 = DIRECTION('',(1.,0.,0.));
#1160 = DIRECTION('',(0.,-1.,0.));
#1161 = ADVANCED_FACE('',(#1162),#1187,.F.);
#1162 = FACE_BOUND('',#1163,.F.);
#1163 = EDGE_LOOP('',(#1164,#1165,#1173,#1181));
#1164 = ORIENTED_EDGE('',*,*,#427,.F.);
#1165 = ORIENTED_EDGE('',*,*,#1166,.T.);
#1166 = EDGE_CURVE('',#212,#1167,#1169,.T.);
#1167 = VERTEX_POINT('',#1168);
#1168 = CARTESIAN_POINT('',(1.17,15.48,59.2));
#1169 = LINE('',#1170,#1171);
#1170 = CARTESIAN_POINT('',(1.17,15.48,0.));
#1171 = VECTOR('',#1172,1.);
#1172 = DIRECTION('',(0.,0.,1.));
#1173 = ORIENTED_EDGE('',*,*,#1174,.T.);
#1174 = EDGE_CURVE('',#1167,#1175,#1177,.T.);
#1175 = VERTEX_POINT('',#1176);
#1176 = CARTESIAN_POINT('',(1.17,8.6,59.2));
#1177 = LINE('',#1178,#1179);
#1178 = CARTESIAN_POINT('',(1.17,12.935,59.2));
#1179 = VECTOR('',#1180,1.);
#1180 = DIRECTION('',(0.,-1.,0.));
#1181 = ORIENTED_EDGE('',*,*,#1182,.F.);
#1182 = EDGE_CURVE('',#420,#1175,#1183,.T.);
#1183 = LINE('',#1184,#1185);
#1184 = CARTESIAN_POINT('',(1.17,8.6,0.));
#1185 = VECTOR('',#1186,1.);
#1186 = DIRECTION('',(0.,0.,1.));
#1187 = PLANE('',#1188);
#1188 = AXIS2_PLACEMENT_3D('',#1189,#1190,#1191);
#1189 = CARTESIAN_POINT('',(1.17,15.48,0.));
#1190 = DIRECTION('',(1.,0.,0.));
#1191 = DIRECTION('',(0.,-1.,0.));
#1192 = ADVANCED_FACE('',(#1193),#1204,.T.);
#1193 = FACE_BOUND('',#1194,.T.);
#1194 = EDGE_LOOP('',(#1195,#1196,#1197,#1203));
#1195 = ORIENTED_EDGE('',*,*,#419,.F.);
#1196 = ORIENTED_EDGE('',*,*,#1151,.T.);
#1197 = ORIENTED_EDGE('',*,*,#1198,.T.);
#1198 = EDGE_CURVE('',#1144,#1175,#1199,.T.);
#1199 = LINE('',#1200,#1201);
#1200 = CARTESIAN_POINT('',(-0.585,8.6,59.2));
#1201 = VECTOR('',#1202,1.);
#1202 = DIRECTION('',(1.,0.,0.));
#1203 = ORIENTED_EDGE('',*,*,#1182,.F.);
#1204 = PLANE('',#1205);
#1205 = AXIS2_PLACEMENT_3D('',#1206,#1207,#1208);
#1206 = CARTESIAN_POINT('',(-1.17,8.6,0.));
#1207 = DIRECTION('',(0.,1.,0.));
#1208 = DIRECTION('',(1.,0.,0.));
#1209 = ADVANCED_FACE('',(#1210),#1228,.F.);
#1210 = FACE_BOUND('',#1211,.F.);
#1211 = EDGE_LOOP('',(#1212,#1213,#1221,#1227));
#1212 = ORIENTED_EDGE('',*,*,#450,.T.);
#1213 = ORIENTED_EDGE('',*,*,#1214,.T.);
#1214 = EDGE_CURVE('',#443,#1215,#1217,.T.);
#1215 = VERTEX_POINT('',#1216);
#1216 = CARTESIAN_POINT('',(4.63,15.48,59.2));
#1217 = LINE('',#1218,#1219);
#1218 = CARTESIAN_POINT('',(4.63,15.48,0.));
#1219 = VECTOR('',#1220,1.);
#1220 = DIRECTION('',(0.,0.,1.));
#1221 = ORIENTED_EDGE('',*,*,#1222,.T.);
#1222 = EDGE_CURVE('',#1215,#1167,#1223,.T.);
#1223 = LINE('',#1224,#1225);
#1224 = CARTESIAN_POINT('',(4.63,15.48,59.2));
#1225 = VECTOR('',#1226,1.);
#1226 = DIRECTION('',(-1.,0.,0.));
#1227 = ORIENTED_EDGE('',*,*,#1166,.F.);
#1228 = PLANE('',#1229);
#1229 = AXIS2_PLACEMENT_3D('',#1230,#1231,#1232);
#1230 = CARTESIAN_POINT('',(4.63,15.48,0.));
#1231 = DIRECTION('',(0.,-1.,0.));
#1232 = DIRECTION('',(-1.,0.,0.));
#1233 = ADVANCED_FACE('',(#1234),#1245,.F.);
#1234 = FACE_BOUND('',#1235,.F.);
#1235 = EDGE_LOOP('',(#1236,#1237,#1238,#1244));
#1236 = ORIENTED_EDGE('',*,*,#465,.F.);
#1237 = ORIENTED_EDGE('',*,*,#483,.T.);
#1238 = ORIENTED_EDGE('',*,*,#1239,.F.);
#1239 = EDGE_CURVE('',#443,#484,#1240,.T.);
#1240 = LINE('',#1241,#1242);
#1241 = CARTESIAN_POINT('',(4.63,15.48,0.3));
#1242 = VECTOR('',#1243,1.);
#1243 = DIRECTION('',(0.,-1.,0.));
#1244 = ORIENTED_EDGE('',*,*,#442,.F.);
#1245 = PLANE('',#1246);
#1246 = AXIS2_PLACEMENT_3D('',#1247,#1248,#1249);
#1247 = CARTESIAN_POINT('',(4.63,5.3,0.));
#1248 = DIRECTION('',(-1.,0.,0.));
#1249 = DIRECTION('',(0.,1.,0.));
#1250 = ADVANCED_FACE('',(#1251),#1271,.F.);
#1251 = FACE_BOUND('',#1252,.F.);
#1252 = EDGE_LOOP('',(#1253,#1254,#1255,#1263,#1269,#1270));
#1253 = ORIENTED_EDGE('',*,*,#563,.T.);
#1254 = ORIENTED_EDGE('',*,*,#1072,.T.);
#1255 = ORIENTED_EDGE('',*,*,#1256,.F.);
#1256 = EDGE_CURVE('',#1257,#1063,#1259,.T.);
#1257 = VERTEX_POINT('',#1258);
#1258 = CARTESIAN_POINT('',(3.735,5.3,59.2));
#1259 = LINE('',#1260,#1261);
#1260 = CARTESIAN_POINT('',(3.735,5.3,0.));
#1261 = VECTOR('',#1262,1.);
#1262 = DIRECTION('',(0.,0.,1.));
#1263 = ORIENTED_EDGE('',*,*,#1264,.F.);
#1264 = EDGE_CURVE('',#492,#1257,#1265,.T.);
#1265 = LINE('',#1266,#1267);
#1266 = CARTESIAN_POINT('',(3.735,5.3,0.));
#1267 = VECTOR('',#1268,1.);
#1268 = DIRECTION('',(0.,0.,1.));
#1269 = ORIENTED_EDGE('',*,*,#499,.F.);
#1270 = ORIENTED_EDGE('',*,*,#523,.F.);
#1271 = PLANE('',#1272);
#1272 = AXIS2_PLACEMENT_3D('',#1273,#1274,#1275);
#1273 = CARTESIAN_POINT('',(3.735,0.,0.));
#1274 = DIRECTION('',(-1.,0.,0.));
#1275 = DIRECTION('',(0.,1.,0.));
#1276 = ADVANCED_FACE('',(#1277),#1295,.T.);
#1277 = FACE_BOUND('',#1278,.T.);
#1278 = EDGE_LOOP('',(#1279,#1280,#1288,#1294));
#1279 = ORIENTED_EDGE('',*,*,#491,.F.);
#1280 = ORIENTED_EDGE('',*,*,#1281,.T.);
#1281 = EDGE_CURVE('',#484,#1282,#1284,.T.);
#1282 = VERTEX_POINT('',#1283);
#1283 = CARTESIAN_POINT('',(4.63,5.3,59.2));
#1284 = LINE('',#1285,#1286);
#1285 = CARTESIAN_POINT('',(4.63,5.3,0.));
#1286 = VECTOR('',#1287,1.);
#1287 = DIRECTION('',(0.,0.,1.));
#1288 = ORIENTED_EDGE('',*,*,#1289,.F.);
#1289 = EDGE_CURVE('',#1257,#1282,#1290,.T.);
#1290 = LINE('',#1291,#1292);
#1291 = CARTESIAN_POINT('',(-4.63,5.3,59.2));
#1292 = VECTOR('',#1293,1.);
#1293 = DIRECTION('',(1.,0.,0.));
#1294 = ORIENTED_EDGE('',*,*,#1264,.F.);
#1295 = PLANE('',#1296);
#1296 = AXIS2_PLACEMENT_3D('',#1297,#1298,#1299);
#1297 = CARTESIAN_POINT('',(4.63,5.3,0.));
#1298 = DIRECTION('',(0.,-1.,0.));
#1299 = DIRECTION('',(-1.,0.,0.));
#1300 = ADVANCED_FACE('',(#1301),#1328,.F.);
#1301 = FACE_BOUND('',#1302,.F.);
#1302 = EDGE_LOOP('',(#1303,#1304,#1305,#1313,#1321,#1327));
#1303 = ORIENTED_EDGE('',*,*,#539,.F.);
#1304 = ORIENTED_EDGE('',*,*,#1103,.T.);
#1305 = ORIENTED_EDGE('',*,*,#1306,.T.);
#1306 = EDGE_CURVE('',#1096,#1307,#1309,.T.);
#1307 = VERTEX_POINT('',#1308);
#1308 = CARTESIAN_POINT('',(4.63,5.3,60.855));
#1309 = LINE('',#1310,#1311);
#1310 = CARTESIAN_POINT('',(-4.63,5.3,60.855));
#1311 = VECTOR('',#1312,1.);
#1312 = DIRECTION('',(1.,0.,0.));
#1313 = ORIENTED_EDGE('',*,*,#1314,.F.);
#1314 = EDGE_CURVE('',#1315,#1307,#1317,.T.);
#1315 = VERTEX_POINT('',#1316);
#1316 = CARTESIAN_POINT('',(4.63,5.3,59.5));
#1317 = LINE('',#1318,#1319);
#1318 = CARTESIAN_POINT('',(4.63,5.3,59.2));
#1319 = VECTOR('',#1320,1.);
#1320 = DIRECTION('',(0.,0.,1.));
#1321 = ORIENTED_EDGE('',*,*,#1322,.T.);
#1322 = EDGE_CURVE('',#1315,#1063,#1323,.T.);
#1323 = LINE('',#1324,#1325);
#1324 = CARTESIAN_POINT('',(4.63,5.3,59.5));
#1325 = VECTOR('',#1326,1.);
#1326 = DIRECTION('',(-1.,0.,0.));
#1327 = ORIENTED_EDGE('',*,*,#1062,.T.);
#1328 = PLANE('',#1329);
#1329 = AXIS2_PLACEMENT_3D('',#1330,#1331,#1332);
#1330 = CARTESIAN_POINT('',(-4.63,5.3,59.2));
#1331 = DIRECTION('',(0.,1.,0.));
#1332 = DIRECTION('',(1.,0.,0.));
#1333 = ADVANCED_FACE('',(#1334),#1353,.T.);
#1334 = FACE_BOUND('',#1335,.F.);
#1335 = EDGE_LOOP('',(#1336,#1344,#1351,#1352));
#1336 = ORIENTED_EDGE('',*,*,#1337,.T.);
#1337 = EDGE_CURVE('',#573,#1338,#1340,.T.);
#1338 = VERTEX_POINT('',#1339);
#1339 = CARTESIAN_POINT('',(-2.24,-4.,56.42));
#1340 = LINE('',#1341,#1342);
#1341 = CARTESIAN_POINT('',(-2.24,1.252775660987E-14,56.42));
#1342 = VECTOR('',#1343,1.);
#1343 = DIRECTION('',(0.,-1.,2.22044604925E-16));
#1344 = ORIENTED_EDGE('',*,*,#1345,.T.);
#1345 = EDGE_CURVE('',#1338,#1338,#1346,.T.);
#1346 = CIRCLE('',#1347,0.3);
#1347 = AXIS2_PLACEMENT_3D('',#1348,#1349,#1350);
#1348 = CARTESIAN_POINT('',(-2.54,-4.,56.42));
#1349 = DIRECTION('',(0.,-1.,2.22044604925E-16));
#1350 = DIRECTION('',(1.,0.,0.));
#1351 = ORIENTED_EDGE('',*,*,#1337,.F.);
#1352 = ORIENTED_EDGE('',*,*,#572,.F.);
#1353 = CYLINDRICAL_SURFACE('',#1354,0.3);
#1354 = AXIS2_PLACEMENT_3D('',#1355,#1356,#1357);
#1355 = CARTESIAN_POINT('',(-2.54,1.252775660987E-14,56.42));
#1356 = DIRECTION('',(0.,1.,-2.22044604925E-16));
#1357 = DIRECTION('',(1.,0.,0.));
#1358 = ADVANCED_FACE('',(#1359),#1378,.T.);
#1359 = FACE_BOUND('',#1360,.F.);
#1360 = EDGE_LOOP('',(#1361,#1369,#1376,#1377));
#1361 = ORIENTED_EDGE('',*,*,#1362,.T.);
#1362 = EDGE_CURVE('',#584,#1363,#1365,.T.);
#1363 = VERTEX_POINT('',#1364);
#1364 = CARTESIAN_POINT('',(-2.24,-4.,53.88));
#1365 = LINE('',#1366,#1367);
#1366 = CARTESIAN_POINT('',(-2.24,1.196376331336E-14,53.88));
#1367 = VECTOR('',#1368,1.);
#1368 = DIRECTION('',(0.,-1.,2.22044604925E-16));
#1369 = ORIENTED_EDGE('',*,*,#1370,.T.);
#1370 = EDGE_CURVE('',#1363,#1363,#1371,.T.);
#1371 = CIRCLE('',#1372,0.3);
#1372 = AXIS2_PLACEMENT_3D('',#1373,#1374,#1375);
#1373 = CARTESIAN_POINT('',(-2.54,-4.,53.88));
#1374 = DIRECTION('',(0.,-1.,2.22044604925E-16));
#1375 = DIRECTION('',(1.,0.,0.));
#1376 = ORIENTED_EDGE('',*,*,#1362,.F.);
#1377 = ORIENTED_EDGE('',*,*,#583,.F.);
#1378 = CYLINDRICAL_SURFACE('',#1379,0.3);
#1379 = AXIS2_PLACEMENT_3D('',#1380,#1381,#1382);
#1380 = CARTESIAN_POINT('',(-2.54,1.196376331336E-14,53.88));
#1381 = DIRECTION('',(0.,1.,-2.22044604925E-16));
#1382 = DIRECTION('',(1.,0.,0.));
#1383 = ADVANCED_FACE('',(#1384),#1403,.T.);
#1384 = FACE_BOUND('',#1385,.F.);
#1385 = EDGE_LOOP('',(#1386,#1394,#1401,#1402));
#1386 = ORIENTED_EDGE('',*,*,#1387,.T.);
#1387 = EDGE_CURVE('',#595,#1388,#1390,.T.);
#1388 = VERTEX_POINT('',#1389);
#1389 = CARTESIAN_POINT('',(-2.24,-4.,51.34));
#1390 = LINE('',#1391,#1392);
#1391 = CARTESIAN_POINT('',(-2.24,1.139977001685E-14,51.34));
#1392 = VECTOR('',#1393,1.);
#1393 = DIRECTION('',(0.,-1.,2.22044604925E-16));
#1394 = ORIENTED_EDGE('',*,*,#1395,.T.);
#1395 = EDGE_CURVE('',#1388,#1388,#1396,.T.);
#1396 = CIRCLE('',#1397,0.3);
#1397 = AXIS2_PLACEMENT_3D('',#1398,#1399,#1400);
#1398 = CARTESIAN_POINT('',(-2.54,-4.,51.34));
#1399 = DIRECTION('',(0.,-1.,2.22044604925E-16));
#1400 = DIRECTION('',(1.,0.,0.));
#1401 = ORIENTED_EDGE('',*,*,#1387,.F.);
#1402 = ORIENTED_EDGE('',*,*,#594,.F.);
#1403 = CYLINDRICAL_SURFACE('',#1404,0.3);
#1404 = AXIS2_PLACEMENT_3D('',#1405,#1406,#1407);
#1405 = CARTESIAN_POINT('',(-2.54,1.139977001685E-14,51.34));
#1406 = DIRECTION('',(0.,1.,-2.22044604925E-16));
#1407 = DIRECTION('',(1.,0.,0.));
#1408 = ADVANCED_FACE('',(#1409),#1428,.T.);
#1409 = FACE_BOUND('',#1410,.F.);
#1410 = EDGE_LOOP('',(#1411,#1419,#1426,#1427));
#1411 = ORIENTED_EDGE('',*,*,#1412,.T.);
#1412 = EDGE_CURVE('',#606,#1413,#1415,.T.);
#1413 = VERTEX_POINT('',#1414);
#1414 = CARTESIAN_POINT('',(-2.24,-4.,48.8));
#1415 = LINE('',#1416,#1417);
#1416 = CARTESIAN_POINT('',(-2.24,1.083577672034E-14,48.8));
#1417 = VECTOR('',#1418,1.);
#1418 = DIRECTION('',(0.,-1.,2.22044604925E-16));
#1419 = ORIENTED_EDGE('',*,*,#1420,.T.);
#1420 = EDGE_CURVE('',#1413,#1413,#1421,.T.);
#1421 = CIRCLE('',#1422,0.3);
#1422 = AXIS2_PLACEMENT_3D('',#1423,#1424,#1425);
#1423 = CARTESIAN_POINT('',(-2.54,-4.,48.8));
#1424 = DIRECTION('',(0.,-1.,2.22044604925E-16));
#1425 = DIRECTION('',(1.,0.,0.));
#1426 = ORIENTED_EDGE('',*,*,#1412,.F.);
#1427 = ORIENTED_EDGE('',*,*,#605,.F.);
#1428 = CYLINDRICAL_SURFACE('',#1429,0.3);
#1429 = AXIS2_PLACEMENT_3D('',#1430,#1431,#1432);
#1430 = CARTESIAN_POINT('',(-2.54,1.083577672034E-14,48.8));
#1431 = DIRECTION('',(0.,1.,-2.22044604925E-16));
#1432 = DIRECTION('',(1.,0.,0.));
#1433 = ADVANCED_FACE('',(#1434),#1453,.T.);
#1434 = FACE_BOUND('',#1435,.F.);
#1435 = EDGE_LOOP('',(#1436,#1444,#1451,#1452));
#1436 = ORIENTED_EDGE('',*,*,#1437,.T.);
#1437 = EDGE_CURVE('',#617,#1438,#1440,.T.);
#1438 = VERTEX_POINT('',#1439);
#1439 = CARTESIAN_POINT('',(-2.24,-4.,46.26));
#1440 = LINE('',#1441,#1442);
#1441 = CARTESIAN_POINT('',(-2.24,1.027178342383E-14,46.26));
#1442 = VECTOR('',#1443,1.);
#1443 = DIRECTION('',(0.,-1.,2.22044604925E-16));
#1444 = ORIENTED_EDGE('',*,*,#1445,.T.);
#1445 = EDGE_CURVE('',#1438,#1438,#1446,.T.);
#1446 = CIRCLE('',#1447,0.3);
#1447 = AXIS2_PLACEMENT_3D('',#1448,#1449,#1450);
#1448 = CARTESIAN_POINT('',(-2.54,-4.,46.26));
#1449 = DIRECTION('',(0.,-1.,2.22044604925E-16));
#1450 = DIRECTION('',(1.,0.,0.));
#1451 = ORIENTED_EDGE('',*,*,#1437,.F.);
#1452 = ORIENTED_EDGE('',*,*,#616,.F.);
#1453 = CYLINDRICAL_SURFACE('',#1454,0.3);
#1454 = AXIS2_PLACEMENT_3D('',#1455,#1456,#1457);
#1455 = CARTESIAN_POINT('',(-2.54,1.027178342383E-14,46.26));
#1456 = DIRECTION('',(0.,1.,-2.22044604925E-16));
#1457 = DIRECTION('',(1.,0.,0.));
#1458 = ADVANCED_FACE('',(#1459),#1478,.T.);
#1459 = FACE_BOUND('',#1460,.F.);
#1460 = EDGE_LOOP('',(#1461,#1469,#1476,#1477));
#1461 = ORIENTED_EDGE('',*,*,#1462,.T.);
#1462 = EDGE_CURVE('',#628,#1463,#1465,.T.);
#1463 = VERTEX_POINT('',#1464);
#1464 = CARTESIAN_POINT('',(-2.24,-4.,43.72));
#1465 = LINE('',#1466,#1467);
#1466 = CARTESIAN_POINT('',(-2.24,9.707790127322E-15,43.72));
#1467 = VECTOR('',#1468,1.);
#1468 = DIRECTION('',(0.,-1.,2.22044604925E-16));
#1469 = ORIENTED_EDGE('',*,*,#1470,.T.);
#1470 = EDGE_CURVE('',#1463,#1463,#1471,.T.);
#1471 = CIRCLE('',#1472,0.3);
#1472 = AXIS2_PLACEMENT_3D('',#1473,#1474,#1475);
#1473 = CARTESIAN_POINT('',(-2.54,-4.,43.72));
#1474 = DIRECTION('',(0.,-1.,2.22044604925E-16));
#1475 = DIRECTION('',(1.,0.,0.));
#1476 = ORIENTED_EDGE('',*,*,#1462,.F.);
#1477 = ORIENTED_EDGE('',*,*,#627,.F.);
#1478 = CYLINDRICAL_SURFACE('',#1479,0.3);
#1479 = AXIS2_PLACEMENT_3D('',#1480,#1481,#1482);
#1480 = CARTESIAN_POINT('',(-2.54,9.707790127322E-15,43.72));
#1481 = DIRECTION('',(0.,1.,-2.22044604925E-16));
#1482 = DIRECTION('',(1.,0.,0.));
#1483 = ADVANCED_FACE('',(#1484),#1503,.T.);
#1484 = FACE_BOUND('',#1485,.F.);
#1485 = EDGE_LOOP('',(#1486,#1494,#1501,#1502));
#1486 = ORIENTED_EDGE('',*,*,#1487,.T.);
#1487 = EDGE_CURVE('',#639,#1488,#1490,.T.);
#1488 = VERTEX_POINT('',#1489);
#1489 = CARTESIAN_POINT('',(-2.24,-4.,41.18));
#1490 = LINE('',#1491,#1492);
#1491 = CARTESIAN_POINT('',(-2.24,9.143796830813E-15,41.18));
#1492 = VECTOR('',#1493,1.);
#1493 = DIRECTION('',(0.,-1.,2.22044604925E-16));
#1494 = ORIENTED_EDGE('',*,*,#1495,.T.);
#1495 = EDGE_CURVE('',#1488,#1488,#1496,.T.);
#1496 = CIRCLE('',#1497,0.3);
#1497 = AXIS2_PLACEMENT_3D('',#1498,#1499,#1500);
#1498 = CARTESIAN_POINT('',(-2.54,-4.,41.18));
#1499 = DIRECTION('',(0.,-1.,2.22044604925E-16));
#1500 = DIRECTION('',(1.,0.,0.));
#1501 = ORIENTED_EDGE('',*,*,#1487,.F.);
#1502 = ORIENTED_EDGE('',*,*,#638,.F.);
#1503 = CYLINDRICAL_SURFACE('',#1504,0.3);
#1504 = AXIS2_PLACEMENT_3D('',#1505,#1506,#1507);
#1505 = CARTESIAN_POINT('',(-2.54,9.143796830813E-15,41.18));
#1506 = DIRECTION('',(0.,1.,-2.22044604925E-16));
#1507 = DIRECTION('',(1.,0.,0.));
#1508 = ADVANCED_FACE('',(#1509),#1528,.T.);
#1509 = FACE_BOUND('',#1510,.F.);
#1510 = EDGE_LOOP('',(#1511,#1519,#1526,#1527));
#1511 = ORIENTED_EDGE('',*,*,#1512,.T.);
#1512 = EDGE_CURVE('',#650,#1513,#1515,.T.);
#1513 = VERTEX_POINT('',#1514);
#1514 = CARTESIAN_POINT('',(-2.24,-4.,38.64));
#1515 = LINE('',#1516,#1517);
#1516 = CARTESIAN_POINT('',(-2.24,8.579803534303E-15,38.64));
#1517 = VECTOR('',#1518,1.);
#1518 = DIRECTION('',(0.,-1.,2.22044604925E-16));
#1519 = ORIENTED_EDGE('',*,*,#1520,.T.);
#1520 = EDGE_CURVE('',#1513,#1513,#1521,.T.);
#1521 = CIRCLE('',#1522,0.3);
#1522 = AXIS2_PLACEMENT_3D('',#1523,#1524,#1525);
#1523 = CARTESIAN_POINT('',(-2.54,-4.,38.64));
#1524 = DIRECTION('',(0.,-1.,2.22044604925E-16));
#1525 = DIRECTION('',(1.,0.,0.));
#1526 = ORIENTED_EDGE('',*,*,#1512,.F.);
#1527 = ORIENTED_EDGE('',*,*,#649,.F.);
#1528 = CYLINDRICAL_SURFACE('',#1529,0.3);
#1529 = AXIS2_PLACEMENT_3D('',#1530,#1531,#1532);
#1530 = CARTESIAN_POINT('',(-2.54,8.579803534303E-15,38.64));
#1531 = DIRECTION('',(0.,1.,-2.22044604925E-16));
#1532 = DIRECTION('',(1.,0.,0.));
#1533 = ADVANCED_FACE('',(#1534),#1553,.T.);
#1534 = FACE_BOUND('',#1535,.F.);
#1535 = EDGE_LOOP('',(#1536,#1544,#1551,#1552));
#1536 = ORIENTED_EDGE('',*,*,#1537,.T.);
#1537 = EDGE_CURVE('',#661,#1538,#1540,.T.);
#1538 = VERTEX_POINT('',#1539);
#1539 = CARTESIAN_POINT('',(-2.24,-4.,36.1));
#1540 = LINE('',#1541,#1542);
#1541 = CARTESIAN_POINT('',(-2.24,8.015810237794E-15,36.1));
#1542 = VECTOR('',#1543,1.);
#1543 = DIRECTION('',(0.,-1.,2.22044604925E-16));
#1544 = ORIENTED_EDGE('',*,*,#1545,.T.);
#1545 = EDGE_CURVE('',#1538,#1538,#1546,.T.);
#1546 = CIRCLE('',#1547,0.3);
#1547 = AXIS2_PLACEMENT_3D('',#1548,#1549,#1550);
#1548 = CARTESIAN_POINT('',(-2.54,-4.,36.1));
#1549 = DIRECTION('',(0.,-1.,2.22044604925E-16));
#1550 = DIRECTION('',(1.,0.,0.));
#1551 = ORIENTED_EDGE('',*,*,#1537,.F.);
#1552 = ORIENTED_EDGE('',*,*,#660,.F.);
#1553 = CYLINDRICAL_SURFACE('',#1554,0.3);
#1554 = AXIS2_PLACEMENT_3D('',#1555,#1556,#1557);
#1555 = CARTESIAN_POINT('',(-2.54,8.015810237794E-15,36.1));
#1556 = DIRECTION('',(0.,1.,-2.22044604925E-16));
#1557 = DIRECTION('',(1.,0.,0.));
#1558 = ADVANCED_FACE('',(#1559),#1578,.T.);
#1559 = FACE_BOUND('',#1560,.F.);
#1560 = EDGE_LOOP('',(#1561,#1569,#1576,#1577));
#1561 = ORIENTED_EDGE('',*,*,#1562,.T.);
#1562 = EDGE_CURVE('',#672,#1563,#1565,.T.);
#1563 = VERTEX_POINT('',#1564);
#1564 = CARTESIAN_POINT('',(-2.24,-4.,33.56));
#1565 = LINE('',#1566,#1567);
#1566 = CARTESIAN_POINT('',(-2.24,7.451816941284E-15,33.56));
#1567 = VECTOR('',#1568,1.);
#1568 = DIRECTION('',(0.,-1.,2.22044604925E-16));
#1569 = ORIENTED_EDGE('',*,*,#1570,.T.);
#1570 = EDGE_CURVE('',#1563,#1563,#1571,.T.);
#1571 = CIRCLE('',#1572,0.3);
#1572 = AXIS2_PLACEMENT_3D('',#1573,#1574,#1575);
#1573 = CARTESIAN_POINT('',(-2.54,-4.,33.56));
#1574 = DIRECTION('',(0.,-1.,2.22044604925E-16));
#1575 = DIRECTION('',(1.,0.,0.));
#1576 = ORIENTED_EDGE('',*,*,#1562,.F.);
#1577 = ORIENTED_EDGE('',*,*,#671,.F.);
#1578 = CYLINDRICAL_SURFACE('',#1579,0.3);
#1579 = AXIS2_PLACEMENT_3D('',#1580,#1581,#1582);
#1580 = CARTESIAN_POINT('',(-2.54,7.451816941284E-15,33.56));
#1581 = DIRECTION('',(0.,1.,-2.22044604925E-16));
#1582 = DIRECTION('',(1.,0.,0.));
#1583 = ADVANCED_FACE('',(#1584),#1603,.T.);
#1584 = FACE_BOUND('',#1585,.F.);
#1585 = EDGE_LOOP('',(#1586,#1594,#1601,#1602));
#1586 = ORIENTED_EDGE('',*,*,#1587,.T.);
#1587 = EDGE_CURVE('',#683,#1588,#1590,.T.);
#1588 = VERTEX_POINT('',#1589);
#1589 = CARTESIAN_POINT('',(-2.24,-4.,31.02));
#1590 = LINE('',#1591,#1592);
#1591 = CARTESIAN_POINT('',(-2.24,6.887823644774E-15,31.02));
#1592 = VECTOR('',#1593,1.);
#1593 = DIRECTION('',(0.,-1.,2.22044604925E-16));
#1594 = ORIENTED_EDGE('',*,*,#1595,.T.);
#1595 = EDGE_CURVE('',#1588,#1588,#1596,.T.);
#1596 = CIRCLE('',#1597,0.3);
#1597 = AXIS2_PLACEMENT_3D('',#1598,#1599,#1600);
#1598 = CARTESIAN_POINT('',(-2.54,-4.,31.02));
#1599 = DIRECTION('',(0.,-1.,2.22044604925E-16));
#1600 = DIRECTION('',(1.,0.,0.));
#1601 = ORIENTED_EDGE('',*,*,#1587,.F.);
#1602 = ORIENTED_EDGE('',*,*,#682,.F.);
#1603 = CYLINDRICAL_SURFACE('',#1604,0.3);
#1604 = AXIS2_PLACEMENT_3D('',#1605,#1606,#1607);
#1605 = CARTESIAN_POINT('',(-2.54,6.887823644774E-15,31.02));
#1606 = DIRECTION('',(0.,1.,-2.22044604925E-16));
#1607 = DIRECTION('',(1.,0.,0.));
#1608 = ADVANCED_FACE('',(#1609),#1628,.T.);
#1609 = FACE_BOUND('',#1610,.F.);
#1610 = EDGE_LOOP('',(#1611,#1619,#1626,#1627));
#1611 = ORIENTED_EDGE('',*,*,#1612,.T.);
#1612 = EDGE_CURVE('',#694,#1613,#1615,.T.);
#1613 = VERTEX_POINT('',#1614);
#1614 = CARTESIAN_POINT('',(2.84,-4.,56.42));
#1615 = LINE('',#1616,#1617);
#1616 = CARTESIAN_POINT('',(2.84,1.252775660987E-14,56.42));
#1617 = VECTOR('',#1618,1.);
#1618 = DIRECTION('',(0.,-1.,2.22044604925E-16));
#1619 = ORIENTED_EDGE('',*,*,#1620,.T.);
#1620 = EDGE_CURVE('',#1613,#1613,#1621,.T.);
#1621 = CIRCLE('',#1622,0.3);
#1622 = AXIS2_PLACEMENT_3D('',#1623,#1624,#1625);
#1623 = CARTESIAN_POINT('',(2.54,-4.,56.42));
#1624 = DIRECTION('',(0.,-1.,2.22044604925E-16));
#1625 = DIRECTION('',(1.,0.,0.));
#1626 = ORIENTED_EDGE('',*,*,#1612,.F.);
#1627 = ORIENTED_EDGE('',*,*,#693,.F.);
#1628 = CYLINDRICAL_SURFACE('',#1629,0.3);
#1629 = AXIS2_PLACEMENT_3D('',#1630,#1631,#1632);
#1630 = CARTESIAN_POINT('',(2.54,1.252775660987E-14,56.42));
#1631 = DIRECTION('',(0.,1.,-2.22044604925E-16));
#1632 = DIRECTION('',(1.,0.,0.));
#1633 = ADVANCED_FACE('',(#1634),#1653,.T.);
#1634 = FACE_BOUND('',#1635,.F.);
#1635 = EDGE_LOOP('',(#1636,#1644,#1651,#1652));
#1636 = ORIENTED_EDGE('',*,*,#1637,.T.);
#1637 = EDGE_CURVE('',#705,#1638,#1640,.T.);
#1638 = VERTEX_POINT('',#1639);
#1639 = CARTESIAN_POINT('',(2.84,-4.,53.88));
#1640 = LINE('',#1641,#1642);
#1641 = CARTESIAN_POINT('',(2.84,1.196376331336E-14,53.88));
#1642 = VECTOR('',#1643,1.);
#1643 = DIRECTION('',(0.,-1.,2.22044604925E-16));
#1644 = ORIENTED_EDGE('',*,*,#1645,.T.);
#1645 = EDGE_CURVE('',#1638,#1638,#1646,.T.);
#1646 = CIRCLE('',#1647,0.3);
#1647 = AXIS2_PLACEMENT_3D('',#1648,#1649,#1650);
#1648 = CARTESIAN_POINT('',(2.54,-4.,53.88));
#1649 = DIRECTION('',(0.,-1.,2.22044604925E-16));
#1650 = DIRECTION('',(1.,0.,0.));
#1651 = ORIENTED_EDGE('',*,*,#1637,.F.);
#1652 = ORIENTED_EDGE('',*,*,#704,.F.);
#1653 = CYLINDRICAL_SURFACE('',#1654,0.3);
#1654 = AXIS2_PLACEMENT_3D('',#1655,#1656,#1657);
#1655 = CARTESIAN_POINT('',(2.54,1.196376331336E-14,53.88));
#1656 = DIRECTION('',(0.,1.,-2.22044604925E-16));
#1657 = DIRECTION('',(1.,0.,0.));
#1658 = ADVANCED_FACE('',(#1659),#1678,.T.);
#1659 = FACE_BOUND('',#1660,.F.);
#1660 = EDGE_LOOP('',(#1661,#1669,#1676,#1677));
#1661 = ORIENTED_EDGE('',*,*,#1662,.T.);
#1662 = EDGE_CURVE('',#716,#1663,#1665,.T.);
#1663 = VERTEX_POINT('',#1664);
#1664 = CARTESIAN_POINT('',(2.84,-4.,51.34));
#1665 = LINE('',#1666,#1667);
#1666 = CARTESIAN_POINT('',(2.84,1.139977001685E-14,51.34));
#1667 = VECTOR('',#1668,1.);
#1668 = DIRECTION('',(0.,-1.,2.22044604925E-16));
#1669 = ORIENTED_EDGE('',*,*,#1670,.T.);
#1670 = EDGE_CURVE('',#1663,#1663,#1671,.T.);
#1671 = CIRCLE('',#1672,0.3);
#1672 = AXIS2_PLACEMENT_3D('',#1673,#1674,#1675);
#1673 = CARTESIAN_POINT('',(2.54,-4.,51.34));
#1674 = DIRECTION('',(0.,-1.,2.22044604925E-16));
#1675 = DIRECTION('',(1.,0.,0.));
#1676 = ORIENTED_EDGE('',*,*,#1662,.F.);
#1677 = ORIENTED_EDGE('',*,*,#715,.F.);
#1678 = CYLINDRICAL_SURFACE('',#1679,0.3);
#1679 = AXIS2_PLACEMENT_3D('',#1680,#1681,#1682);
#1680 = CARTESIAN_POINT('',(2.54,1.139977001685E-14,51.34));
#1681 = DIRECTION('',(0.,1.,-2.22044604925E-16));
#1682 = DIRECTION('',(1.,0.,0.));
#1683 = ADVANCED_FACE('',(#1684),#1703,.T.);
#1684 = FACE_BOUND('',#1685,.F.);
#1685 = EDGE_LOOP('',(#1686,#1694,#1701,#1702));
#1686 = ORIENTED_EDGE('',*,*,#1687,.T.);
#1687 = EDGE_CURVE('',#727,#1688,#1690,.T.);
#1688 = VERTEX_POINT('',#1689);
#1689 = CARTESIAN_POINT('',(2.84,-4.,48.8));
#1690 = LINE('',#1691,#1692);
#1691 = CARTESIAN_POINT('',(2.84,1.083577672034E-14,48.8));
#1692 = VECTOR('',#1693,1.);
#1693 = DIRECTION('',(0.,-1.,2.22044604925E-16));
#1694 = ORIENTED_EDGE('',*,*,#1695,.T.);
#1695 = EDGE_CURVE('',#1688,#1688,#1696,.T.);
#1696 = CIRCLE('',#1697,0.3);
#1697 = AXIS2_PLACEMENT_3D('',#1698,#1699,#1700);
#1698 = CARTESIAN_POINT('',(2.54,-4.,48.8));
#1699 = DIRECTION('',(0.,-1.,2.22044604925E-16));
#1700 = DIRECTION('',(1.,0.,0.));
#1701 = ORIENTED_EDGE('',*,*,#1687,.F.);
#1702 = ORIENTED_EDGE('',*,*,#726,.F.);
#1703 = CYLINDRICAL_SURFACE('',#1704,0.3);
#1704 = AXIS2_PLACEMENT_3D('',#1705,#1706,#1707);
#1705 = CARTESIAN_POINT('',(2.54,1.083577672034E-14,48.8));
#1706 = DIRECTION('',(0.,1.,-2.22044604925E-16));
#1707 = DIRECTION('',(1.,0.,0.));
#1708 = ADVANCED_FACE('',(#1709),#1728,.T.);
#1709 = FACE_BOUND('',#1710,.F.);
#1710 = EDGE_LOOP('',(#1711,#1719,#1726,#1727));
#1711 = ORIENTED_EDGE('',*,*,#1712,.T.);
#1712 = EDGE_CURVE('',#738,#1713,#1715,.T.);
#1713 = VERTEX_POINT('',#1714);
#1714 = CARTESIAN_POINT('',(2.84,-4.,46.26));
#1715 = LINE('',#1716,#1717);
#1716 = CARTESIAN_POINT('',(2.84,1.027178342383E-14,46.26));
#1717 = VECTOR('',#1718,1.);
#1718 = DIRECTION('',(0.,-1.,2.22044604925E-16));
#1719 = ORIENTED_EDGE('',*,*,#1720,.T.);
#1720 = EDGE_CURVE('',#1713,#1713,#1721,.T.);
#1721 = CIRCLE('',#1722,0.3);
#1722 = AXIS2_PLACEMENT_3D('',#1723,#1724,#1725);
#1723 = CARTESIAN_POINT('',(2.54,-4.,46.26));
#1724 = DIRECTION('',(0.,-1.,2.22044604925E-16));
#1725 = DIRECTION('',(1.,0.,0.));
#1726 = ORIENTED_EDGE('',*,*,#1712,.F.);
#1727 = ORIENTED_EDGE('',*,*,#737,.F.);
#1728 = CYLINDRICAL_SURFACE('',#1729,0.3);
#1729 = AXIS2_PLACEMENT_3D('',#1730,#1731,#1732);
#1730 = CARTESIAN_POINT('',(2.54,1.027178342383E-14,46.26));
#1731 = DIRECTION('',(0.,1.,-2.22044604925E-16));
#1732 = DIRECTION('',(1.,0.,0.));
#1733 = ADVANCED_FACE('',(#1734),#1753,.T.);
#1734 = FACE_BOUND('',#1735,.F.);
#1735 = EDGE_LOOP('',(#1736,#1744,#1751,#1752));
#1736 = ORIENTED_EDGE('',*,*,#1737,.T.);
#1737 = EDGE_CURVE('',#749,#1738,#1740,.T.);
#1738 = VERTEX_POINT('',#1739);
#1739 = CARTESIAN_POINT('',(2.84,-4.,43.72));
#1740 = LINE('',#1741,#1742);
#1741 = CARTESIAN_POINT('',(2.84,9.707790127322E-15,43.72));
#1742 = VECTOR('',#1743,1.);
#1743 = DIRECTION('',(0.,-1.,2.22044604925E-16));
#1744 = ORIENTED_EDGE('',*,*,#1745,.T.);
#1745 = EDGE_CURVE('',#1738,#1738,#1746,.T.);
#1746 = CIRCLE('',#1747,0.3);
#1747 = AXIS2_PLACEMENT_3D('',#1748,#1749,#1750);
#1748 = CARTESIAN_POINT('',(2.54,-4.,43.72));
#1749 = DIRECTION('',(0.,-1.,2.22044604925E-16));
#1750 = DIRECTION('',(1.,0.,0.));
#1751 = ORIENTED_EDGE('',*,*,#1737,.F.);
#1752 = ORIENTED_EDGE('',*,*,#748,.F.);
#1753 = CYLINDRICAL_SURFACE('',#1754,0.3);
#1754 = AXIS2_PLACEMENT_3D('',#1755,#1756,#1757);
#1755 = CARTESIAN_POINT('',(2.54,9.707790127322E-15,43.72));
#1756 = DIRECTION('',(0.,1.,-2.22044604925E-16));
#1757 = DIRECTION('',(1.,0.,0.));
#1758 = ADVANCED_FACE('',(#1759),#1778,.T.);
#1759 = FACE_BOUND('',#1760,.F.);
#1760 = EDGE_LOOP('',(#1761,#1769,#1776,#1777));
#1761 = ORIENTED_EDGE('',*,*,#1762,.T.);
#1762 = EDGE_CURVE('',#760,#1763,#1765,.T.);
#1763 = VERTEX_POINT('',#1764);
#1764 = CARTESIAN_POINT('',(2.84,-4.,41.18));
#1765 = LINE('',#1766,#1767);
#1766 = CARTESIAN_POINT('',(2.84,9.143796830813E-15,41.18));
#1767 = VECTOR('',#1768,1.);
#1768 = DIRECTION('',(0.,-1.,2.22044604925E-16));
#1769 = ORIENTED_EDGE('',*,*,#1770,.T.);
#1770 = EDGE_CURVE('',#1763,#1763,#1771,.T.);
#1771 = CIRCLE('',#1772,0.3);
#1772 = AXIS2_PLACEMENT_3D('',#1773,#1774,#1775);
#1773 = CARTESIAN_POINT('',(2.54,-4.,41.18));
#1774 = DIRECTION('',(0.,-1.,2.22044604925E-16));
#1775 = DIRECTION('',(1.,0.,0.));
#1776 = ORIENTED_EDGE('',*,*,#1762,.F.);
#1777 = ORIENTED_EDGE('',*,*,#759,.F.);
#1778 = CYLINDRICAL_SURFACE('',#1779,0.3);
#1779 = AXIS2_PLACEMENT_3D('',#1780,#1781,#1782);
#1780 = CARTESIAN_POINT('',(2.54,9.143796830813E-15,41.18));
#1781 = DIRECTION('',(0.,1.,-2.22044604925E-16));
#1782 = DIRECTION('',(1.,0.,0.));
#1783 = ADVANCED_FACE('',(#1784),#1803,.T.);
#1784 = FACE_BOUND('',#1785,.F.);
#1785 = EDGE_LOOP('',(#1786,#1794,#1801,#1802));
#1786 = ORIENTED_EDGE('',*,*,#1787,.T.);
#1787 = EDGE_CURVE('',#771,#1788,#1790,.T.);
#1788 = VERTEX_POINT('',#1789);
#1789 = CARTESIAN_POINT('',(2.84,-4.,38.64));
#1790 = LINE('',#1791,#1792);
#1791 = CARTESIAN_POINT('',(2.84,8.579803534303E-15,38.64));
#1792 = VECTOR('',#1793,1.);
#1793 = DIRECTION('',(0.,-1.,2.22044604925E-16));
#1794 = ORIENTED_EDGE('',*,*,#1795,.T.);
#1795 = EDGE_CURVE('',#1788,#1788,#1796,.T.);
#1796 = CIRCLE('',#1797,0.3);
#1797 = AXIS2_PLACEMENT_3D('',#1798,#1799,#1800);
#1798 = CARTESIAN_POINT('',(2.54,-4.,38.64));
#1799 = DIRECTION('',(0.,-1.,2.22044604925E-16));
#1800 = DIRECTION('',(1.,0.,0.));
#1801 = ORIENTED_EDGE('',*,*,#1787,.F.);
#1802 = ORIENTED_EDGE('',*,*,#770,.F.);
#1803 = CYLINDRICAL_SURFACE('',#1804,0.3);
#1804 = AXIS2_PLACEMENT_3D('',#1805,#1806,#1807);
#1805 = CARTESIAN_POINT('',(2.54,8.579803534303E-15,38.64));
#1806 = DIRECTION('',(0.,1.,-2.22044604925E-16));
#1807 = DIRECTION('',(1.,0.,0.));
#1808 = ADVANCED_FACE('',(#1809),#1828,.T.);
#1809 = FACE_BOUND('',#1810,.F.);
#1810 = EDGE_LOOP('',(#1811,#1819,#1826,#1827));
#1811 = ORIENTED_EDGE('',*,*,#1812,.T.);
#1812 = EDGE_CURVE('',#782,#1813,#1815,.T.);
#1813 = VERTEX_POINT('',#1814);
#1814 = CARTESIAN_POINT('',(2.84,-4.,36.1));
#1815 = LINE('',#1816,#1817);
#1816 = CARTESIAN_POINT('',(2.84,8.015810237794E-15,36.1));
#1817 = VECTOR('',#1818,1.);
#1818 = DIRECTION('',(0.,-1.,2.22044604925E-16));
#1819 = ORIENTED_EDGE('',*,*,#1820,.T.);
#1820 = EDGE_CURVE('',#1813,#1813,#1821,.T.);
#1821 = CIRCLE('',#1822,0.3);
#1822 = AXIS2_PLACEMENT_3D('',#1823,#1824,#1825);
#1823 = CARTESIAN_POINT('',(2.54,-4.,36.1));
#1824 = DIRECTION('',(0.,-1.,2.22044604925E-16));
#1825 = DIRECTION('',(1.,0.,0.));
#1826 = ORIENTED_EDGE('',*,*,#1812,.F.);
#1827 = ORIENTED_EDGE('',*,*,#781,.F.);
#1828 = CYLINDRICAL_SURFACE('',#1829,0.3);
#1829 = AXIS2_PLACEMENT_3D('',#1830,#1831,#1832);
#1830 = CARTESIAN_POINT('',(2.54,8.015810237794E-15,36.1));
#1831 = DIRECTION('',(0.,1.,-2.22044604925E-16));
#1832 = DIRECTION('',(1.,0.,0.));
#1833 = ADVANCED_FACE('',(#1834),#1853,.T.);
#1834 = FACE_BOUND('',#1835,.F.);
#1835 = EDGE_LOOP('',(#1836,#1844,#1851,#1852));
#1836 = ORIENTED_EDGE('',*,*,#1837,.T.);
#1837 = EDGE_CURVE('',#793,#1838,#1840,.T.);
#1838 = VERTEX_POINT('',#1839);
#1839 = CARTESIAN_POINT('',(2.84,-4.,33.56));
#1840 = LINE('',#1841,#1842);
#1841 = CARTESIAN_POINT('',(2.84,7.451816941284E-15,33.56));
#1842 = VECTOR('',#1843,1.);
#1843 = DIRECTION('',(0.,-1.,2.22044604925E-16));
#1844 = ORIENTED_EDGE('',*,*,#1845,.T.);
#1845 = EDGE_CURVE('',#1838,#1838,#1846,.T.);
#1846 = CIRCLE('',#1847,0.3);
#1847 = AXIS2_PLACEMENT_3D('',#1848,#1849,#1850);
#1848 = CARTESIAN_POINT('',(2.54,-4.,33.56));
#1849 = DIRECTION('',(0.,-1.,2.22044604925E-16));
#1850 = DIRECTION('',(1.,0.,0.));
#1851 = ORIENTED_EDGE('',*,*,#1837,.F.);
#1852 = ORIENTED_EDGE('',*,*,#792,.F.);
#1853 = CYLINDRICAL_SURFACE('',#1854,0.3);
#1854 = AXIS2_PLACEMENT_3D('',#1855,#1856,#1857);
#1855 = CARTESIAN_POINT('',(2.54,7.451816941284E-15,33.56));
#1856 = DIRECTION('',(0.,1.,-2.22044604925E-16));
#1857 = DIRECTION('',(1.,0.,0.));
#1858 = ADVANCED_FACE('',(#1859),#1878,.T.);
#1859 = FACE_BOUND('',#1860,.F.);
#1860 = EDGE_LOOP('',(#1861,#1869,#1876,#1877));
#1861 = ORIENTED_EDGE('',*,*,#1862,.T.);
#1862 = EDGE_CURVE('',#804,#1863,#1865,.T.);
#1863 = VERTEX_POINT('',#1864);
#1864 = CARTESIAN_POINT('',(2.84,-4.,31.02));
#1865 = LINE('',#1866,#1867);
#1866 = CARTESIAN_POINT('',(2.84,6.887823644774E-15,31.02));
#1867 = VECTOR('',#1868,1.);
#1868 = DIRECTION('',(0.,-1.,2.22044604925E-16));
#1869 = ORIENTED_EDGE('',*,*,#1870,.T.);
#1870 = EDGE_CURVE('',#1863,#1863,#1871,.T.);
#1871 = CIRCLE('',#1872,0.3);
#1872 = AXIS2_PLACEMENT_3D('',#1873,#1874,#1875);
#1873 = CARTESIAN_POINT('',(2.54,-4.,31.02));
#1874 = DIRECTION('',(0.,-1.,2.22044604925E-16));
#1875 = DIRECTION('',(1.,0.,0.));
#1876 = ORIENTED_EDGE('',*,*,#1862,.F.);
#1877 = ORIENTED_EDGE('',*,*,#803,.F.);
#1878 = CYLINDRICAL_SURFACE('',#1879,0.3);
#1879 = AXIS2_PLACEMENT_3D('',#1880,#1881,#1882);
#1880 = CARTESIAN_POINT('',(2.54,6.887823644774E-15,31.02));
#1881 = DIRECTION('',(0.,1.,-2.22044604925E-16));
#1882 = DIRECTION('',(1.,0.,0.));
#1883 = ADVANCED_FACE('',(#1884),#1903,.T.);
#1884 = FACE_BOUND('',#1885,.F.);
#1885 = EDGE_LOOP('',(#1886,#1894,#1901,#1902));
#1886 = ORIENTED_EDGE('',*,*,#1887,.T.);
#1887 = EDGE_CURVE('',#815,#1888,#1890,.T.);
#1888 = VERTEX_POINT('',#1889);
#1889 = CARTESIAN_POINT('',(-2.24,-4.,28.48));
#1890 = LINE('',#1891,#1892);
#1891 = CARTESIAN_POINT('',(-2.24,6.323830348265E-15,28.48));
#1892 = VECTOR('',#1893,1.);
#1893 = DIRECTION('',(0.,-1.,2.22044604925E-16));
#1894 = ORIENTED_EDGE('',*,*,#1895,.T.);
#1895 = EDGE_CURVE('',#1888,#1888,#1896,.T.);
#1896 = CIRCLE('',#1897,0.3);
#1897 = AXIS2_PLACEMENT_3D('',#1898,#1899,#1900);
#1898 = CARTESIAN_POINT('',(-2.54,-4.,28.48));
#1899 = DIRECTION('',(0.,-1.,2.22044604925E-16));
#1900 = DIRECTION('',(1.,0.,0.));
#1901 = ORIENTED_EDGE('',*,*,#1887,.F.);
#1902 = ORIENTED_EDGE('',*,*,#814,.F.);
#1903 = CYLINDRICAL_SURFACE('',#1904,0.3);
#1904 = AXIS2_PLACEMENT_3D('',#1905,#1906,#1907);
#1905 = CARTESIAN_POINT('',(-2.54,6.323830348265E-15,28.48));
#1906 = DIRECTION('',(0.,1.,-2.22044604925E-16));
#1907 = DIRECTION('',(1.,0.,0.));
#1908 = ADVANCED_FACE('',(#1909),#1928,.T.);
#1909 = FACE_BOUND('',#1910,.F.);
#1910 = EDGE_LOOP('',(#1911,#1919,#1926,#1927));
#1911 = ORIENTED_EDGE('',*,*,#1912,.T.);
#1912 = EDGE_CURVE('',#826,#1913,#1915,.T.);
#1913 = VERTEX_POINT('',#1914);
#1914 = CARTESIAN_POINT('',(-2.24,-4.,25.94));
#1915 = LINE('',#1916,#1917);
#1916 = CARTESIAN_POINT('',(-2.24,5.759837051755E-15,25.94));
#1917 = VECTOR('',#1918,1.);
#1918 = DIRECTION('',(0.,-1.,2.22044604925E-16));
#1919 = ORIENTED_EDGE('',*,*,#1920,.T.);
#1920 = EDGE_CURVE('',#1913,#1913,#1921,.T.);
#1921 = CIRCLE('',#1922,0.3);
#1922 = AXIS2_PLACEMENT_3D('',#1923,#1924,#1925);
#1923 = CARTESIAN_POINT('',(-2.54,-4.,25.94));
#1924 = DIRECTION('',(0.,-1.,2.22044604925E-16));
#1925 = DIRECTION('',(1.,0.,0.));
#1926 = ORIENTED_EDGE('',*,*,#1912,.F.);
#1927 = ORIENTED_EDGE('',*,*,#825,.F.);
#1928 = CYLINDRICAL_SURFACE('',#1929,0.3);
#1929 = AXIS2_PLACEMENT_3D('',#1930,#1931,#1932);
#1930 = CARTESIAN_POINT('',(-2.54,5.759837051755E-15,25.94));
#1931 = DIRECTION('',(0.,1.,-2.22044604925E-16));
#1932 = DIRECTION('',(1.,0.,0.));
#1933 = ADVANCED_FACE('',(#1934),#1953,.T.);
#1934 = FACE_BOUND('',#1935,.F.);
#1935 = EDGE_LOOP('',(#1936,#1944,#1951,#1952));
#1936 = ORIENTED_EDGE('',*,*,#1937,.T.);
#1937 = EDGE_CURVE('',#837,#1938,#1940,.T.);
#1938 = VERTEX_POINT('',#1939);
#1939 = CARTESIAN_POINT('',(-2.24,-4.,23.4));
#1940 = LINE('',#1941,#1942);
#1941 = CARTESIAN_POINT('',(-2.24,5.195843755246E-15,23.4));
#1942 = VECTOR('',#1943,1.);
#1943 = DIRECTION('',(0.,-1.,2.22044604925E-16));
#1944 = ORIENTED_EDGE('',*,*,#1945,.T.);
#1945 = EDGE_CURVE('',#1938,#1938,#1946,.T.);
#1946 = CIRCLE('',#1947,0.3);
#1947 = AXIS2_PLACEMENT_3D('',#1948,#1949,#1950);
#1948 = CARTESIAN_POINT('',(-2.54,-4.,23.4));
#1949 = DIRECTION('',(0.,-1.,2.22044604925E-16));
#1950 = DIRECTION('',(1.,0.,0.));
#1951 = ORIENTED_EDGE('',*,*,#1937,.F.);
#1952 = ORIENTED_EDGE('',*,*,#836,.F.);
#1953 = CYLINDRICAL_SURFACE('',#1954,0.3);
#1954 = AXIS2_PLACEMENT_3D('',#1955,#1956,#1957);
#1955 = CARTESIAN_POINT('',(-2.54,5.195843755246E-15,23.4));
#1956 = DIRECTION('',(0.,1.,-2.22044604925E-16));
#1957 = DIRECTION('',(1.,0.,0.));
#1958 = ADVANCED_FACE('',(#1959),#1978,.T.);
#1959 = FACE_BOUND('',#1960,.F.);
#1960 = EDGE_LOOP('',(#1961,#1969,#1976,#1977));
#1961 = ORIENTED_EDGE('',*,*,#1962,.T.);
#1962 = EDGE_CURVE('',#848,#1963,#1965,.T.);
#1963 = VERTEX_POINT('',#1964);
#1964 = CARTESIAN_POINT('',(-2.24,-4.,20.86));
#1965 = LINE('',#1966,#1967);
#1966 = CARTESIAN_POINT('',(-2.24,4.631850458736E-15,20.86));
#1967 = VECTOR('',#1968,1.);
#1968 = DIRECTION('',(0.,-1.,2.22044604925E-16));
#1969 = ORIENTED_EDGE('',*,*,#1970,.T.);
#1970 = EDGE_CURVE('',#1963,#1963,#1971,.T.);
#1971 = CIRCLE('',#1972,0.3);
#1972 = AXIS2_PLACEMENT_3D('',#1973,#1974,#1975);
#1973 = CARTESIAN_POINT('',(-2.54,-4.,20.86));
#1974 = DIRECTION('',(0.,-1.,2.22044604925E-16));
#1975 = DIRECTION('',(1.,0.,0.));
#1976 = ORIENTED_EDGE('',*,*,#1962,.F.);
#1977 = ORIENTED_EDGE('',*,*,#847,.F.);
#1978 = CYLINDRICAL_SURFACE('',#1979,0.3);
#1979 = AXIS2_PLACEMENT_3D('',#1980,#1981,#1982);
#1980 = CARTESIAN_POINT('',(-2.54,4.631850458736E-15,20.86));
#1981 = DIRECTION('',(0.,1.,-2.22044604925E-16));
#1982 = DIRECTION('',(1.,0.,0.));
#1983 = ADVANCED_FACE('',(#1984),#2003,.T.);
#1984 = FACE_BOUND('',#1985,.F.);
#1985 = EDGE_LOOP('',(#1986,#1994,#2001,#2002));
#1986 = ORIENTED_EDGE('',*,*,#1987,.T.);
#1987 = EDGE_CURVE('',#859,#1988,#1990,.T.);
#1988 = VERTEX_POINT('',#1989);
#1989 = CARTESIAN_POINT('',(-2.24,-4.,18.32));
#1990 = LINE('',#1991,#1992);
#1991 = CARTESIAN_POINT('',(-2.24,4.067857162227E-15,18.32));
#1992 = VECTOR('',#1993,1.);
#1993 = DIRECTION('',(0.,-1.,2.22044604925E-16));
#1994 = ORIENTED_EDGE('',*,*,#1995,.T.);
#1995 = EDGE_CURVE('',#1988,#1988,#1996,.T.);
#1996 = CIRCLE('',#1997,0.3);
#1997 = AXIS2_PLACEMENT_3D('',#1998,#1999,#2000);
#1998 = CARTESIAN_POINT('',(-2.54,-4.,18.32));
#1999 = DIRECTION('',(0.,-1.,2.22044604925E-16));
#2000 = DIRECTION('',(1.,0.,0.));
#2001 = ORIENTED_EDGE('',*,*,#1987,.F.);
#2002 = ORIENTED_EDGE('',*,*,#858,.F.);
#2003 = CYLINDRICAL_SURFACE('',#2004,0.3);
#2004 = AXIS2_PLACEMENT_3D('',#2005,#2006,#2007);
#2005 = CARTESIAN_POINT('',(-2.54,4.067857162227E-15,18.32));
#2006 = DIRECTION('',(0.,1.,-2.22044604925E-16));
#2007 = DIRECTION('',(1.,0.,0.));
#2008 = ADVANCED_FACE('',(#2009),#2028,.T.);
#2009 = FACE_BOUND('',#2010,.F.);
#2010 = EDGE_LOOP('',(#2011,#2019,#2026,#2027));
#2011 = ORIENTED_EDGE('',*,*,#2012,.T.);
#2012 = EDGE_CURVE('',#870,#2013,#2015,.T.);
#2013 = VERTEX_POINT('',#2014);
#2014 = CARTESIAN_POINT('',(-2.24,-4.,15.78));
#2015 = LINE('',#2016,#2017);
#2016 = CARTESIAN_POINT('',(-2.24,3.503863865717E-15,15.78));
#2017 = VECTOR('',#2018,1.);
#2018 = DIRECTION('',(0.,-1.,2.22044604925E-16));
#2019 = ORIENTED_EDGE('',*,*,#2020,.T.);
#2020 = EDGE_CURVE('',#2013,#2013,#2021,.T.);
#2021 = CIRCLE('',#2022,0.3);
#2022 = AXIS2_PLACEMENT_3D('',#2023,#2024,#2025);
#2023 = CARTESIAN_POINT('',(-2.54,-4.,15.78));
#2024 = DIRECTION('',(0.,-1.,2.22044604925E-16));
#2025 = DIRECTION('',(1.,0.,0.));
#2026 = ORIENTED_EDGE('',*,*,#2012,.F.);
#2027 = ORIENTED_EDGE('',*,*,#869,.F.);
#2028 = CYLINDRICAL_SURFACE('',#2029,0.3);
#2029 = AXIS2_PLACEMENT_3D('',#2030,#2031,#2032);
#2030 = CARTESIAN_POINT('',(-2.54,3.503863865717E-15,15.78));
#2031 = DIRECTION('',(0.,1.,-2.22044604925E-16));
#2032 = DIRECTION('',(1.,0.,0.));
#2033 = ADVANCED_FACE('',(#2034),#2053,.T.);
#2034 = FACE_BOUND('',#2035,.F.);
#2035 = EDGE_LOOP('',(#2036,#2044,#2051,#2052));
#2036 = ORIENTED_EDGE('',*,*,#2037,.T.);
#2037 = EDGE_CURVE('',#881,#2038,#2040,.T.);
#2038 = VERTEX_POINT('',#2039);
#2039 = CARTESIAN_POINT('',(-2.24,-4.,13.24));
#2040 = LINE('',#2041,#2042);
#2041 = CARTESIAN_POINT('',(-2.24,2.939870569207E-15,13.24));
#2042 = VECTOR('',#2043,1.);
#2043 = DIRECTION('',(0.,-1.,2.22044604925E-16));
#2044 = ORIENTED_EDGE('',*,*,#2045,.T.);
#2045 = EDGE_CURVE('',#2038,#2038,#2046,.T.);
#2046 = CIRCLE('',#2047,0.3);
#2047 = AXIS2_PLACEMENT_3D('',#2048,#2049,#2050);
#2048 = CARTESIAN_POINT('',(-2.54,-4.,13.24));
#2049 = DIRECTION('',(0.,-1.,2.22044604925E-16));
#2050 = DIRECTION('',(1.,0.,0.));
#2051 = ORIENTED_EDGE('',*,*,#2037,.F.);
#2052 = ORIENTED_EDGE('',*,*,#880,.F.);
#2053 = CYLINDRICAL_SURFACE('',#2054,0.3);
#2054 = AXIS2_PLACEMENT_3D('',#2055,#2056,#2057);
#2055 = CARTESIAN_POINT('',(-2.54,2.939870569207E-15,13.24));
#2056 = DIRECTION('',(0.,1.,-2.22044604925E-16));
#2057 = DIRECTION('',(1.,0.,0.));
#2058 = ADVANCED_FACE('',(#2059),#2078,.T.);
#2059 = FACE_BOUND('',#2060,.F.);
#2060 = EDGE_LOOP('',(#2061,#2069,#2076,#2077));
#2061 = ORIENTED_EDGE('',*,*,#2062,.T.);
#2062 = EDGE_CURVE('',#892,#2063,#2065,.T.);
#2063 = VERTEX_POINT('',#2064);
#2064 = CARTESIAN_POINT('',(-2.24,-4.,10.7));
#2065 = LINE('',#2066,#2067);
#2066 = CARTESIAN_POINT('',(-2.24,2.375877272698E-15,10.7));
#2067 = VECTOR('',#2068,1.);
#2068 = DIRECTION('',(0.,-1.,2.22044604925E-16));
#2069 = ORIENTED_EDGE('',*,*,#2070,.T.);
#2070 = EDGE_CURVE('',#2063,#2063,#2071,.T.);
#2071 = CIRCLE('',#2072,0.3);
#2072 = AXIS2_PLACEMENT_3D('',#2073,#2074,#2075);
#2073 = CARTESIAN_POINT('',(-2.54,-4.,10.7));
#2074 = DIRECTION('',(0.,-1.,2.22044604925E-16));
#2075 = DIRECTION('',(1.,0.,0.));
#2076 = ORIENTED_EDGE('',*,*,#2062,.F.);
#2077 = ORIENTED_EDGE('',*,*,#891,.F.);
#2078 = CYLINDRICAL_SURFACE('',#2079,0.3);
#2079 = AXIS2_PLACEMENT_3D('',#2080,#2081,#2082);
#2080 = CARTESIAN_POINT('',(-2.54,2.375877272698E-15,10.7));
#2081 = DIRECTION('',(0.,1.,-2.22044604925E-16));
#2082 = DIRECTION('',(1.,0.,0.));
#2083 = ADVANCED_FACE('',(#2084),#2103,.T.);
#2084 = FACE_BOUND('',#2085,.F.);
#2085 = EDGE_LOOP('',(#2086,#2094,#2101,#2102));
#2086 = ORIENTED_EDGE('',*,*,#2087,.T.);
#2087 = EDGE_CURVE('',#903,#2088,#2090,.T.);
#2088 = VERTEX_POINT('',#2089);
#2089 = CARTESIAN_POINT('',(-2.24,-4.,8.16));
#2090 = LINE('',#2091,#2092);
#2091 = CARTESIAN_POINT('',(-2.24,1.811883976188E-15,8.16));
#2092 = VECTOR('',#2093,1.);
#2093 = DIRECTION('',(0.,-1.,2.22044604925E-16));
#2094 = ORIENTED_EDGE('',*,*,#2095,.T.);
#2095 = EDGE_CURVE('',#2088,#2088,#2096,.T.);
#2096 = CIRCLE('',#2097,0.3);
#2097 = AXIS2_PLACEMENT_3D('',#2098,#2099,#2100);
#2098 = CARTESIAN_POINT('',(-2.54,-4.,8.16));
#2099 = DIRECTION('',(0.,-1.,2.22044604925E-16));
#2100 = DIRECTION('',(1.,0.,0.));
#2101 = ORIENTED_EDGE('',*,*,#2087,.F.);
#2102 = ORIENTED_EDGE('',*,*,#902,.F.);
#2103 = CYLINDRICAL_SURFACE('',#2104,0.3);
#2104 = AXIS2_PLACEMENT_3D('',#2105,#2106,#2107);
#2105 = CARTESIAN_POINT('',(-2.54,1.811883976188E-15,8.16));
#2106 = DIRECTION('',(0.,1.,-2.22044604925E-16));
#2107 = DIRECTION('',(1.,0.,0.));
#2108 = ADVANCED_FACE('',(#2109),#2128,.T.);
#2109 = FACE_BOUND('',#2110,.F.);
#2110 = EDGE_LOOP('',(#2111,#2119,#2126,#2127));
#2111 = ORIENTED_EDGE('',*,*,#2112,.T.);
#2112 = EDGE_CURVE('',#914,#2113,#2115,.T.);
#2113 = VERTEX_POINT('',#2114);
#2114 = CARTESIAN_POINT('',(-2.24,-4.,5.62));
#2115 = LINE('',#2116,#2117);
#2116 = CARTESIAN_POINT('',(-2.24,1.247890679679E-15,5.62));
#2117 = VECTOR('',#2118,1.);
#2118 = DIRECTION('',(0.,-1.,2.22044604925E-16));
#2119 = ORIENTED_EDGE('',*,*,#2120,.T.);
#2120 = EDGE_CURVE('',#2113,#2113,#2121,.T.);
#2121 = CIRCLE('',#2122,0.3);
#2122 = AXIS2_PLACEMENT_3D('',#2123,#2124,#2125);
#2123 = CARTESIAN_POINT('',(-2.54,-4.,5.62));
#2124 = DIRECTION('',(0.,-1.,2.22044604925E-16));
#2125 = DIRECTION('',(1.,0.,0.));
#2126 = ORIENTED_EDGE('',*,*,#2112,.F.);
#2127 = ORIENTED_EDGE('',*,*,#913,.F.);
#2128 = CYLINDRICAL_SURFACE('',#2129,0.3);
#2129 = AXIS2_PLACEMENT_3D('',#2130,#2131,#2132);
#2130 = CARTESIAN_POINT('',(-2.54,1.247890679679E-15,5.62));
#2131 = DIRECTION('',(0.,1.,-2.22044604925E-16));
#2132 = DIRECTION('',(1.,0.,0.));
#2133 = ADVANCED_FACE('',(#2134),#2153,.T.);
#2134 = FACE_BOUND('',#2135,.F.);
#2135 = EDGE_LOOP('',(#2136,#2144,#2151,#2152));
#2136 = ORIENTED_EDGE('',*,*,#2137,.T.);
#2137 = EDGE_CURVE('',#925,#2138,#2140,.T.);
#2138 = VERTEX_POINT('',#2139);
#2139 = CARTESIAN_POINT('',(-2.24,-4.,3.08));
#2140 = LINE('',#2141,#2142);
#2141 = CARTESIAN_POINT('',(-2.24,6.838973831691E-16,3.08));
#2142 = VECTOR('',#2143,1.);
#2143 = DIRECTION('',(0.,-1.,2.22044604925E-16));
#2144 = ORIENTED_EDGE('',*,*,#2145,.T.);
#2145 = EDGE_CURVE('',#2138,#2138,#2146,.T.);
#2146 = CIRCLE('',#2147,0.3);
#2147 = AXIS2_PLACEMENT_3D('',#2148,#2149,#2150);
#2148 = CARTESIAN_POINT('',(-2.54,-4.,3.08));
#2149 = DIRECTION('',(0.,-1.,2.22044604925E-16));
#2150 = DIRECTION('',(1.,0.,0.));
#2151 = ORIENTED_EDGE('',*,*,#2137,.F.);
#2152 = ORIENTED_EDGE('',*,*,#924,.F.);
#2153 = CYLINDRICAL_SURFACE('',#2154,0.3);
#2154 = AXIS2_PLACEMENT_3D('',#2155,#2156,#2157);
#2155 = CARTESIAN_POINT('',(-2.54,6.838973831691E-16,3.08));
#2156 = DIRECTION('',(0.,1.,-2.22044604925E-16));
#2157 = DIRECTION('',(1.,0.,0.));
#2158 = ADVANCED_FACE('',(#2159),#2178,.T.);
#2159 = FACE_BOUND('',#2160,.F.);
#2160 = EDGE_LOOP('',(#2161,#2169,#2176,#2177));
#2161 = ORIENTED_EDGE('',*,*,#2162,.T.);
#2162 = EDGE_CURVE('',#936,#2163,#2165,.T.);
#2163 = VERTEX_POINT('',#2164);
#2164 = CARTESIAN_POINT('',(2.84,-4.,28.48));
#2165 = LINE('',#2166,#2167);
#2166 = CARTESIAN_POINT('',(2.84,6.323830348265E-15,28.48));
#2167 = VECTOR('',#2168,1.);
#2168 = DIRECTION('',(0.,-1.,2.22044604925E-16));
#2169 = ORIENTED_EDGE('',*,*,#2170,.T.);
#2170 = EDGE_CURVE('',#2163,#2163,#2171,.T.);
#2171 = CIRCLE('',#2172,0.3);
#2172 = AXIS2_PLACEMENT_3D('',#2173,#2174,#2175);
#2173 = CARTESIAN_POINT('',(2.54,-4.,28.48));
#2174 = DIRECTION('',(0.,-1.,2.22044604925E-16));
#2175 = DIRECTION('',(1.,0.,0.));
#2176 = ORIENTED_EDGE('',*,*,#2162,.F.);
#2177 = ORIENTED_EDGE('',*,*,#935,.F.);
#2178 = CYLINDRICAL_SURFACE('',#2179,0.3);
#2179 = AXIS2_PLACEMENT_3D('',#2180,#2181,#2182);
#2180 = CARTESIAN_POINT('',(2.54,6.323830348265E-15,28.48));
#2181 = DIRECTION('',(0.,1.,-2.22044604925E-16));
#2182 = DIRECTION('',(1.,0.,0.));
#2183 = ADVANCED_FACE('',(#2184),#2203,.T.);
#2184 = FACE_BOUND('',#2185,.F.);
#2185 = EDGE_LOOP('',(#2186,#2194,#2201,#2202));
#2186 = ORIENTED_EDGE('',*,*,#2187,.T.);
#2187 = EDGE_CURVE('',#947,#2188,#2190,.T.);
#2188 = VERTEX_POINT('',#2189);
#2189 = CARTESIAN_POINT('',(2.84,-4.,25.94));
#2190 = LINE('',#2191,#2192);
#2191 = CARTESIAN_POINT('',(2.84,5.759837051755E-15,25.94));
#2192 = VECTOR('',#2193,1.);
#2193 = DIRECTION('',(0.,-1.,2.22044604925E-16));
#2194 = ORIENTED_EDGE('',*,*,#2195,.T.);
#2195 = EDGE_CURVE('',#2188,#2188,#2196,.T.);
#2196 = CIRCLE('',#2197,0.3);
#2197 = AXIS2_PLACEMENT_3D('',#2198,#2199,#2200);
#2198 = CARTESIAN_POINT('',(2.54,-4.,25.94));
#2199 = DIRECTION('',(0.,-1.,2.22044604925E-16));
#2200 = DIRECTION('',(1.,0.,0.));
#2201 = ORIENTED_EDGE('',*,*,#2187,.F.);
#2202 = ORIENTED_EDGE('',*,*,#946,.F.);
#2203 = CYLINDRICAL_SURFACE('',#2204,0.3);
#2204 = AXIS2_PLACEMENT_3D('',#2205,#2206,#2207);
#2205 = CARTESIAN_POINT('',(2.54,5.759837051755E-15,25.94));
#2206 = DIRECTION('',(0.,1.,-2.22044604925E-16));
#2207 = DIRECTION('',(1.,0.,0.));
#2208 = ADVANCED_FACE('',(#2209),#2228,.T.);
#2209 = FACE_BOUND('',#2210,.F.);
#2210 = EDGE_LOOP('',(#2211,#2219,#2226,#2227));
#2211 = ORIENTED_EDGE('',*,*,#2212,.T.);
#2212 = EDGE_CURVE('',#958,#2213,#2215,.T.);
#2213 = VERTEX_POINT('',#2214);
#2214 = CARTESIAN_POINT('',(2.84,-4.,23.4));
#2215 = LINE('',#2216,#2217);
#2216 = CARTESIAN_POINT('',(2.84,5.195843755246E-15,23.4));
#2217 = VECTOR('',#2218,1.);
#2218 = DIRECTION('',(0.,-1.,2.22044604925E-16));
#2219 = ORIENTED_EDGE('',*,*,#2220,.T.);
#2220 = EDGE_CURVE('',#2213,#2213,#2221,.T.);
#2221 = CIRCLE('',#2222,0.3);
#2222 = AXIS2_PLACEMENT_3D('',#2223,#2224,#2225);
#2223 = CARTESIAN_POINT('',(2.54,-4.,23.4));
#2224 = DIRECTION('',(0.,-1.,2.22044604925E-16));
#2225 = DIRECTION('',(1.,0.,0.));
#2226 = ORIENTED_EDGE('',*,*,#2212,.F.);
#2227 = ORIENTED_EDGE('',*,*,#957,.F.);
#2228 = CYLINDRICAL_SURFACE('',#2229,0.3);
#2229 = AXIS2_PLACEMENT_3D('',#2230,#2231,#2232);
#2230 = CARTESIAN_POINT('',(2.54,5.195843755246E-15,23.4));
#2231 = DIRECTION('',(0.,1.,-2.22044604925E-16));
#2232 = DIRECTION('',(1.,0.,0.));
#2233 = ADVANCED_FACE('',(#2234),#2253,.T.);
#2234 = FACE_BOUND('',#2235,.F.);
#2235 = EDGE_LOOP('',(#2236,#2244,#2251,#2252));
#2236 = ORIENTED_EDGE('',*,*,#2237,.T.);
#2237 = EDGE_CURVE('',#969,#2238,#2240,.T.);
#2238 = VERTEX_POINT('',#2239);
#2239 = CARTESIAN_POINT('',(2.84,-4.,20.86));
#2240 = LINE('',#2241,#2242);
#2241 = CARTESIAN_POINT('',(2.84,4.631850458736E-15,20.86));
#2242 = VECTOR('',#2243,1.);
#2243 = DIRECTION('',(0.,-1.,2.22044604925E-16));
#2244 = ORIENTED_EDGE('',*,*,#2245,.T.);
#2245 = EDGE_CURVE('',#2238,#2238,#2246,.T.);
#2246 = CIRCLE('',#2247,0.3);
#2247 = AXIS2_PLACEMENT_3D('',#2248,#2249,#2250);
#2248 = CARTESIAN_POINT('',(2.54,-4.,20.86));
#2249 = DIRECTION('',(0.,-1.,2.22044604925E-16));
#2250 = DIRECTION('',(1.,0.,0.));
#2251 = ORIENTED_EDGE('',*,*,#2237,.F.);
#2252 = ORIENTED_EDGE('',*,*,#968,.F.);
#2253 = CYLINDRICAL_SURFACE('',#2254,0.3);
#2254 = AXIS2_PLACEMENT_3D('',#2255,#2256,#2257);
#2255 = CARTESIAN_POINT('',(2.54,4.631850458736E-15,20.86));
#2256 = DIRECTION('',(0.,1.,-2.22044604925E-16));
#2257 = DIRECTION('',(1.,0.,0.));
#2258 = ADVANCED_FACE('',(#2259),#2278,.T.);
#2259 = FACE_BOUND('',#2260,.F.);
#2260 = EDGE_LOOP('',(#2261,#2269,#2276,#2277));
#2261 = ORIENTED_EDGE('',*,*,#2262,.T.);
#2262 = EDGE_CURVE('',#980,#2263,#2265,.T.);
#2263 = VERTEX_POINT('',#2264);
#2264 = CARTESIAN_POINT('',(2.84,-4.,18.32));
#2265 = LINE('',#2266,#2267);
#2266 = CARTESIAN_POINT('',(2.84,4.067857162227E-15,18.32));
#2267 = VECTOR('',#2268,1.);
#2268 = DIRECTION('',(0.,-1.,2.22044604925E-16));
#2269 = ORIENTED_EDGE('',*,*,#2270,.T.);
#2270 = EDGE_CURVE('',#2263,#2263,#2271,.T.);
#2271 = CIRCLE('',#2272,0.3);
#2272 = AXIS2_PLACEMENT_3D('',#2273,#2274,#2275);
#2273 = CARTESIAN_POINT('',(2.54,-4.,18.32));
#2274 = DIRECTION('',(0.,-1.,2.22044604925E-16));
#2275 = DIRECTION('',(1.,0.,0.));
#2276 = ORIENTED_EDGE('',*,*,#2262,.F.);
#2277 = ORIENTED_EDGE('',*,*,#979,.F.);
#2278 = CYLINDRICAL_SURFACE('',#2279,0.3);
#2279 = AXIS2_PLACEMENT_3D('',#2280,#2281,#2282);
#2280 = CARTESIAN_POINT('',(2.54,4.067857162227E-15,18.32));
#2281 = DIRECTION('',(0.,1.,-2.22044604925E-16));
#2282 = DIRECTION('',(1.,0.,0.));
#2283 = ADVANCED_FACE('',(#2284),#2303,.T.);
#2284 = FACE_BOUND('',#2285,.F.);
#2285 = EDGE_LOOP('',(#2286,#2294,#2301,#2302));
#2286 = ORIENTED_EDGE('',*,*,#2287,.T.);
#2287 = EDGE_CURVE('',#991,#2288,#2290,.T.);
#2288 = VERTEX_POINT('',#2289);
#2289 = CARTESIAN_POINT('',(2.84,-4.,15.78));
#2290 = LINE('',#2291,#2292);
#2291 = CARTESIAN_POINT('',(2.84,3.503863865717E-15,15.78));
#2292 = VECTOR('',#2293,1.);
#2293 = DIRECTION('',(0.,-1.,2.22044604925E-16));
#2294 = ORIENTED_EDGE('',*,*,#2295,.T.);
#2295 = EDGE_CURVE('',#2288,#2288,#2296,.T.);
#2296 = CIRCLE('',#2297,0.3);
#2297 = AXIS2_PLACEMENT_3D('',#2298,#2299,#2300);
#2298 = CARTESIAN_POINT('',(2.54,-4.,15.78));
#2299 = DIRECTION('',(0.,-1.,2.22044604925E-16));
#2300 = DIRECTION('',(1.,0.,0.));
#2301 = ORIENTED_EDGE('',*,*,#2287,.F.);
#2302 = ORIENTED_EDGE('',*,*,#990,.F.);
#2303 = CYLINDRICAL_SURFACE('',#2304,0.3);
#2304 = AXIS2_PLACEMENT_3D('',#2305,#2306,#2307);
#2305 = CARTESIAN_POINT('',(2.54,3.503863865717E-15,15.78));
#2306 = DIRECTION('',(0.,1.,-2.22044604925E-16));
#2307 = DIRECTION('',(1.,0.,0.));
#2308 = ADVANCED_FACE('',(#2309),#2328,.T.);
#2309 = FACE_BOUND('',#2310,.F.);
#2310 = EDGE_LOOP('',(#2311,#2319,#2326,#2327));
#2311 = ORIENTED_EDGE('',*,*,#2312,.T.);
#2312 = EDGE_CURVE('',#1002,#2313,#2315,.T.);
#2313 = VERTEX_POINT('',#2314);
#2314 = CARTESIAN_POINT('',(2.84,-4.,13.24));
#2315 = LINE('',#2316,#2317);
#2316 = CARTESIAN_POINT('',(2.84,2.939870569207E-15,13.24));
#2317 = VECTOR('',#2318,1.);
#2318 = DIRECTION('',(0.,-1.,2.22044604925E-16));
#2319 = ORIENTED_EDGE('',*,*,#2320,.T.);
#2320 = EDGE_CURVE('',#2313,#2313,#2321,.T.);
#2321 = CIRCLE('',#2322,0.3);
#2322 = AXIS2_PLACEMENT_3D('',#2323,#2324,#2325);
#2323 = CARTESIAN_POINT('',(2.54,-4.,13.24));
#2324 = DIRECTION('',(0.,-1.,2.22044604925E-16));
#2325 = DIRECTION('',(1.,0.,0.));
#2326 = ORIENTED_EDGE('',*,*,#2312,.F.);
#2327 = ORIENTED_EDGE('',*,*,#1001,.F.);
#2328 = CYLINDRICAL_SURFACE('',#2329,0.3);
#2329 = AXIS2_PLACEMENT_3D('',#2330,#2331,#2332);
#2330 = CARTESIAN_POINT('',(2.54,2.939870569207E-15,13.24));
#2331 = DIRECTION('',(0.,1.,-2.22044604925E-16));
#2332 = DIRECTION('',(1.,0.,0.));
#2333 = ADVANCED_FACE('',(#2334),#2353,.T.);
#2334 = FACE_BOUND('',#2335,.F.);
#2335 = EDGE_LOOP('',(#2336,#2344,#2351,#2352));
#2336 = ORIENTED_EDGE('',*,*,#2337,.T.);
#2337 = EDGE_CURVE('',#1013,#2338,#2340,.T.);
#2338 = VERTEX_POINT('',#2339);
#2339 = CARTESIAN_POINT('',(2.84,-4.,10.7));
#2340 = LINE('',#2341,#2342);
#2341 = CARTESIAN_POINT('',(2.84,2.375877272698E-15,10.7));
#2342 = VECTOR('',#2343,1.);
#2343 = DIRECTION('',(0.,-1.,2.22044604925E-16));
#2344 = ORIENTED_EDGE('',*,*,#2345,.T.);
#2345 = EDGE_CURVE('',#2338,#2338,#2346,.T.);
#2346 = CIRCLE('',#2347,0.3);
#2347 = AXIS2_PLACEMENT_3D('',#2348,#2349,#2350);
#2348 = CARTESIAN_POINT('',(2.54,-4.,10.7));
#2349 = DIRECTION('',(0.,-1.,2.22044604925E-16));
#2350 = DIRECTION('',(1.,0.,0.));
#2351 = ORIENTED_EDGE('',*,*,#2337,.F.);
#2352 = ORIENTED_EDGE('',*,*,#1012,.F.);
#2353 = CYLINDRICAL_SURFACE('',#2354,0.3);
#2354 = AXIS2_PLACEMENT_3D('',#2355,#2356,#2357);
#2355 = CARTESIAN_POINT('',(2.54,2.375877272698E-15,10.7));
#2356 = DIRECTION('',(0.,1.,-2.22044604925E-16));
#2357 = DIRECTION('',(1.,0.,0.));
#2358 = ADVANCED_FACE('',(#2359),#2378,.T.);
#2359 = FACE_BOUND('',#2360,.F.);
#2360 = EDGE_LOOP('',(#2361,#2369,#2376,#2377));
#2361 = ORIENTED_EDGE('',*,*,#2362,.T.);
#2362 = EDGE_CURVE('',#1024,#2363,#2365,.T.);
#2363 = VERTEX_POINT('',#2364);
#2364 = CARTESIAN_POINT('',(2.84,-4.,8.16));
#2365 = LINE('',#2366,#2367);
#2366 = CARTESIAN_POINT('',(2.84,1.811883976188E-15,8.16));
#2367 = VECTOR('',#2368,1.);
#2368 = DIRECTION('',(0.,-1.,2.22044604925E-16));
#2369 = ORIENTED_EDGE('',*,*,#2370,.T.);
#2370 = EDGE_CURVE('',#2363,#2363,#2371,.T.);
#2371 = CIRCLE('',#2372,0.3);
#2372 = AXIS2_PLACEMENT_3D('',#2373,#2374,#2375);
#2373 = CARTESIAN_POINT('',(2.54,-4.,8.16));
#2374 = DIRECTION('',(0.,-1.,2.22044604925E-16));
#2375 = DIRECTION('',(1.,0.,0.));
#2376 = ORIENTED_EDGE('',*,*,#2362,.F.);
#2377 = ORIENTED_EDGE('',*,*,#1023,.F.);
#2378 = CYLINDRICAL_SURFACE('',#2379,0.3);
#2379 = AXIS2_PLACEMENT_3D('',#2380,#2381,#2382);
#2380 = CARTESIAN_POINT('',(2.54,1.811883976188E-15,8.16));
#2381 = DIRECTION('',(0.,1.,-2.22044604925E-16));
#2382 = DIRECTION('',(1.,0.,0.));
#2383 = ADVANCED_FACE('',(#2384),#2403,.T.);
#2384 = FACE_BOUND('',#2385,.F.);
#2385 = EDGE_LOOP('',(#2386,#2394,#2401,#2402));
#2386 = ORIENTED_EDGE('',*,*,#2387,.T.);
#2387 = EDGE_CURVE('',#1035,#2388,#2390,.T.);
#2388 = VERTEX_POINT('',#2389);
#2389 = CARTESIAN_POINT('',(2.84,-4.,5.62));
#2390 = LINE('',#2391,#2392);
#2391 = CARTESIAN_POINT('',(2.84,1.247890679679E-15,5.62));
#2392 = VECTOR('',#2393,1.);
#2393 = DIRECTION('',(0.,-1.,2.22044604925E-16));
#2394 = ORIENTED_EDGE('',*,*,#2395,.T.);
#2395 = EDGE_CURVE('',#2388,#2388,#2396,.T.);
#2396 = CIRCLE('',#2397,0.3);
#2397 = AXIS2_PLACEMENT_3D('',#2398,#2399,#2400);
#2398 = CARTESIAN_POINT('',(2.54,-4.,5.62));
#2399 = DIRECTION('',(0.,-1.,2.22044604925E-16));
#2400 = DIRECTION('',(1.,0.,0.));
#2401 = ORIENTED_EDGE('',*,*,#2387,.F.);
#2402 = ORIENTED_EDGE('',*,*,#1034,.F.);
#2403 = CYLINDRICAL_SURFACE('',#2404,0.3);
#2404 = AXIS2_PLACEMENT_3D('',#2405,#2406,#2407);
#2405 = CARTESIAN_POINT('',(2.54,1.247890679679E-15,5.62));
#2406 = DIRECTION('',(0.,1.,-2.22044604925E-16));
#2407 = DIRECTION('',(1.,0.,0.));
#2408 = ADVANCED_FACE('',(#2409),#2428,.T.);
#2409 = FACE_BOUND('',#2410,.F.);
#2410 = EDGE_LOOP('',(#2411,#2419,#2426,#2427));
#2411 = ORIENTED_EDGE('',*,*,#2412,.T.);
#2412 = EDGE_CURVE('',#1046,#2413,#2415,.T.);
#2413 = VERTEX_POINT('',#2414);
#2414 = CARTESIAN_POINT('',(2.84,-4.,3.08));
#2415 = LINE('',#2416,#2417);
#2416 = CARTESIAN_POINT('',(2.84,6.838973831691E-16,3.08));
#2417 = VECTOR('',#2418,1.);
#2418 = DIRECTION('',(0.,-1.,2.22044604925E-16));
#2419 = ORIENTED_EDGE('',*,*,#2420,.T.);
#2420 = EDGE_CURVE('',#2413,#2413,#2421,.T.);
#2421 = CIRCLE('',#2422,0.3);
#2422 = AXIS2_PLACEMENT_3D('',#2423,#2424,#2425);
#2423 = CARTESIAN_POINT('',(2.54,-4.,3.08));
#2424 = DIRECTION('',(0.,-1.,2.22044604925E-16));
#2425 = DIRECTION('',(1.,0.,0.));
#2426 = ORIENTED_EDGE('',*,*,#2412,.F.);
#2427 = ORIENTED_EDGE('',*,*,#1045,.F.);
#2428 = CYLINDRICAL_SURFACE('',#2429,0.3);
#2429 = AXIS2_PLACEMENT_3D('',#2430,#2431,#2432);
#2430 = CARTESIAN_POINT('',(2.54,6.838973831691E-16,3.08));
#2431 = DIRECTION('',(0.,1.,-2.22044604925E-16));
#2432 = DIRECTION('',(1.,0.,0.));
#2433 = ADVANCED_FACE('',(#2434),#2452,.T.);
#2434 = FACE_BOUND('',#2435,.T.);
#2435 = EDGE_LOOP('',(#2436,#2437,#2438,#2446));
#2436 = ORIENTED_EDGE('',*,*,#1095,.T.);
#2437 = ORIENTED_EDGE('',*,*,#1306,.T.);
#2438 = ORIENTED_EDGE('',*,*,#2439,.T.);
#2439 = EDGE_CURVE('',#1307,#2440,#2442,.T.);
#2440 = VERTEX_POINT('',#2441);
#2441 = CARTESIAN_POINT('',(4.63,15.48,60.855));
#2442 = LINE('',#2443,#2444);
#2443 = CARTESIAN_POINT('',(4.63,5.3,60.855));
#2444 = VECTOR('',#2445,1.);
#2445 = DIRECTION('',(0.,1.,0.));
#2446 = ORIENTED_EDGE('',*,*,#2447,.T.);
#2447 = EDGE_CURVE('',#2440,#1088,#2448,.T.);
#2448 = LINE('',#2449,#2450);
#2449 = CARTESIAN_POINT('',(4.63,15.48,60.855));
#2450 = VECTOR('',#2451,1.);
#2451 = DIRECTION('',(-1.,0.,0.));
#2452 = PLANE('',#2453);
#2453 = AXIS2_PLACEMENT_3D('',#2454,#2455,#2456);
#2454 = CARTESIAN_POINT('',(0.,10.39,60.855));
#2455 = DIRECTION('',(0.,0.,1.));
#2456 = DIRECTION('',(1.,0.,0.));
#2457 = ADVANCED_FACE('',(#2458),#2492,.F.);
#2458 = FACE_BOUND('',#2459,.F.);
#2459 = EDGE_LOOP('',(#2460,#2470,#2476,#2477,#2478,#2479,#2480,#2486));
#2460 = ORIENTED_EDGE('',*,*,#2461,.F.);
#2461 = EDGE_CURVE('',#2462,#2464,#2466,.T.);
#2462 = VERTEX_POINT('',#2463);
#2463 = CARTESIAN_POINT('',(4.63,15.48,59.5));
#2464 = VERTEX_POINT('',#2465);
#2465 = CARTESIAN_POINT('',(1.17,15.48,59.5));
#2466 = LINE('',#2467,#2468);
#2467 = CARTESIAN_POINT('',(4.63,15.48,59.5));
#2468 = VECTOR('',#2469,1.);
#2469 = DIRECTION('',(-1.,0.,0.));
#2470 = ORIENTED_EDGE('',*,*,#2471,.T.);
#2471 = EDGE_CURVE('',#2462,#2440,#2472,.T.);
#2472 = LINE('',#2473,#2474);
#2473 = CARTESIAN_POINT('',(4.63,15.48,59.2));
#2474 = VECTOR('',#2475,1.);
#2475 = DIRECTION('',(0.,0.,1.));
#2476 = ORIENTED_EDGE('',*,*,#2447,.T.);
#2477 = ORIENTED_EDGE('',*,*,#1087,.F.);
#2478 = ORIENTED_EDGE('',*,*,#1119,.T.);
#2479 = ORIENTED_EDGE('',*,*,#1127,.F.);
#2480 = ORIENTED_EDGE('',*,*,#2481,.F.);
#2481 = EDGE_CURVE('',#1167,#389,#2482,.T.);
#2482 = LINE('',#2483,#2484);
#2483 = CARTESIAN_POINT('',(4.63,15.48,59.2));
#2484 = VECTOR('',#2485,1.);
#2485 = DIRECTION('',(-1.,0.,0.));
#2486 = ORIENTED_EDGE('',*,*,#2487,.T.);
#2487 = EDGE_CURVE('',#1167,#2464,#2488,.T.);
#2488 = LINE('',#2489,#2490);
#2489 = CARTESIAN_POINT('',(1.17,15.48,0.));
#2490 = VECTOR('',#2491,1.);
#2491 = DIRECTION('',(0.,0.,1.));
#2492 = PLANE('',#2493);
#2493 = AXIS2_PLACEMENT_3D('',#2494,#2495,#2496);
#2494 = CARTESIAN_POINT('',(4.63,15.48,59.2));
#2495 = DIRECTION('',(0.,-1.,0.));
#2496 = DIRECTION('',(-1.,0.,0.));
#2497 = ADVANCED_FACE('',(#2498),#2504,.F.);
#2498 = FACE_BOUND('',#2499,.F.);
#2499 = EDGE_LOOP('',(#2500,#2501,#2502,#2503));
#2500 = ORIENTED_EDGE('',*,*,#2481,.T.);
#2501 = ORIENTED_EDGE('',*,*,#1143,.T.);
#2502 = ORIENTED_EDGE('',*,*,#1198,.T.);
#2503 = ORIENTED_EDGE('',*,*,#1174,.F.);
#2504 = PLANE('',#2505);
#2505 = AXIS2_PLACEMENT_3D('',#2506,#2507,#2508);
#2506 = CARTESIAN_POINT('',(0.,10.39,59.2));
#2507 = DIRECTION('',(0.,0.,1.));
#2508 = DIRECTION('',(1.,0.,0.));
#2509 = ADVANCED_FACE('',(#2510),#2521,.F.);
#2510 = FACE_BOUND('',#2511,.F.);
#2511 = EDGE_LOOP('',(#2512,#2513,#2519,#2520));
#2512 = ORIENTED_EDGE('',*,*,#1222,.F.);
#2513 = ORIENTED_EDGE('',*,*,#2514,.T.);
#2514 = EDGE_CURVE('',#1215,#2462,#2515,.T.);
#2515 = LINE('',#2516,#2517);
#2516 = CARTESIAN_POINT('',(4.63,15.48,0.));
#2517 = VECTOR('',#2518,1.);
#2518 = DIRECTION('',(0.,0.,1.));
#2519 = ORIENTED_EDGE('',*,*,#2461,.T.);
#2520 = ORIENTED_EDGE('',*,*,#2487,.F.);
#2521 = PLANE('',#2522);
#2522 = AXIS2_PLACEMENT_3D('',#2523,#2524,#2525);
#2523 = CARTESIAN_POINT('',(4.63,15.48,0.));
#2524 = DIRECTION('',(0.,-1.,0.));
#2525 = DIRECTION('',(-1.,0.,0.));
#2526 = ADVANCED_FACE('',(#2527),#2538,.F.);
#2527 = FACE_BOUND('',#2528,.F.);
#2528 = EDGE_LOOP('',(#2529,#2530,#2531,#2537));
#2529 = ORIENTED_EDGE('',*,*,#1239,.T.);
#2530 = ORIENTED_EDGE('',*,*,#1281,.T.);
#2531 = ORIENTED_EDGE('',*,*,#2532,.T.);
#2532 = EDGE_CURVE('',#1282,#1215,#2533,.T.);
#2533 = LINE('',#2534,#2535);
#2534 = CARTESIAN_POINT('',(4.63,5.3,59.2));
#2535 = VECTOR('',#2536,1.);
#2536 = DIRECTION('',(0.,1.,0.));
#2537 = ORIENTED_EDGE('',*,*,#1214,.F.);
#2538 = PLANE('',#2539);
#2539 = AXIS2_PLACEMENT_3D('',#2540,#2541,#2542);
#2540 = CARTESIAN_POINT('',(4.63,5.3,0.));
#2541 = DIRECTION('',(-1.,0.,0.));
#2542 = DIRECTION('',(0.,1.,0.));
#2543 = ADVANCED_FACE('',(#2544),#2555,.T.);
#2544 = FACE_BOUND('',#2545,.T.);
#2545 = EDGE_LOOP('',(#2546,#2547,#2553,#2554));
#2546 = ORIENTED_EDGE('',*,*,#1289,.T.);
#2547 = ORIENTED_EDGE('',*,*,#2548,.T.);
#2548 = EDGE_CURVE('',#1282,#1315,#2549,.T.);
#2549 = LINE('',#2550,#2551);
#2550 = CARTESIAN_POINT('',(4.63,5.3,0.));
#2551 = VECTOR('',#2552,1.);
#2552 = DIRECTION('',(0.,0.,1.));
#2553 = ORIENTED_EDGE('',*,*,#1322,.T.);
#2554 = ORIENTED_EDGE('',*,*,#1256,.F.);
#2555 = PLANE('',#2556);
#2556 = AXIS2_PLACEMENT_3D('',#2557,#2558,#2559);
#2557 = CARTESIAN_POINT('',(4.63,5.3,0.));
#2558 = DIRECTION('',(0.,-1.,0.));
#2559 = DIRECTION('',(-1.,0.,0.));
#2560 = ADVANCED_FACE('',(#2561),#2572,.F.);
#2561 = FACE_BOUND('',#2562,.F.);
#2562 = EDGE_LOOP('',(#2563,#2569,#2570,#2571));
#2563 = ORIENTED_EDGE('',*,*,#2564,.F.);
#2564 = EDGE_CURVE('',#1315,#2462,#2565,.T.);
#2565 = LINE('',#2566,#2567);
#2566 = CARTESIAN_POINT('',(4.63,5.3,59.5));
#2567 = VECTOR('',#2568,1.);
#2568 = DIRECTION('',(0.,1.,0.));
#2569 = ORIENTED_EDGE('',*,*,#1314,.T.);
#2570 = ORIENTED_EDGE('',*,*,#2439,.T.);
#2571 = ORIENTED_EDGE('',*,*,#2471,.F.);
#2572 = PLANE('',#2573);
#2573 = AXIS2_PLACEMENT_3D('',#2574,#2575,#2576);
#2574 = CARTESIAN_POINT('',(4.63,5.3,59.2));
#2575 = DIRECTION('',(-1.,0.,0.));
#2576 = DIRECTION('',(0.,1.,0.));
#2577 = ADVANCED_FACE('',(#2578),#2581,.F.);
#2578 = FACE_BOUND('',#2579,.T.);
#2579 = EDGE_LOOP('',(#2580));
#2580 = ORIENTED_EDGE('',*,*,#1345,.T.);
#2581 = PLANE('',#2582);
#2582 = AXIS2_PLACEMENT_3D('',#2583,#2584,#2585);
#2583 = CARTESIAN_POINT('',(-6.652673940266E-16,-4.,29.75));
#2584 = DIRECTION('',(0.,1.,0.));
#2585 = DIRECTION('',(0.,0.,1.));
#2586 = ADVANCED_FACE('',(#2587),#2590,.F.);
#2587 = FACE_BOUND('',#2588,.T.);
#2588 = EDGE_LOOP('',(#2589));
#2589 = ORIENTED_EDGE('',*,*,#1370,.T.);
#2590 = PLANE('',#2591);
#2591 = AXIS2_PLACEMENT_3D('',#2592,#2593,#2594);
#2592 = CARTESIAN_POINT('',(-6.652673940266E-16,-4.,29.75));
#2593 = DIRECTION('',(0.,1.,0.));
#2594 = DIRECTION('',(0.,0.,1.));
#2595 = ADVANCED_FACE('',(#2596),#2599,.F.);
#2596 = FACE_BOUND('',#2597,.T.);
#2597 = EDGE_LOOP('',(#2598));
#2598 = ORIENTED_EDGE('',*,*,#1395,.T.);
#2599 = PLANE('',#2600);
#2600 = AXIS2_PLACEMENT_3D('',#2601,#2602,#2603);
#2601 = CARTESIAN_POINT('',(-6.652673940266E-16,-4.,29.75));
#2602 = DIRECTION('',(0.,1.,0.));
#2603 = DIRECTION('',(0.,0.,1.));
#2604 = ADVANCED_FACE('',(#2605),#2608,.F.);
#2605 = FACE_BOUND('',#2606,.T.);
#2606 = EDGE_LOOP('',(#2607));
#2607 = ORIENTED_EDGE('',*,*,#1420,.T.);
#2608 = PLANE('',#2609);
#2609 = AXIS2_PLACEMENT_3D('',#2610,#2611,#2612);
#2610 = CARTESIAN_POINT('',(-6.652673940266E-16,-4.,29.75));
#2611 = DIRECTION('',(0.,1.,0.));
#2612 = DIRECTION('',(0.,0.,1.));
#2613 = ADVANCED_FACE('',(#2614),#2617,.F.);
#2614 = FACE_BOUND('',#2615,.T.);
#2615 = EDGE_LOOP('',(#2616));
#2616 = ORIENTED_EDGE('',*,*,#1445,.T.);
#2617 = PLANE('',#2618);
#2618 = AXIS2_PLACEMENT_3D('',#2619,#2620,#2621);
#2619 = CARTESIAN_POINT('',(-6.652673940266E-16,-4.,29.75));
#2620 = DIRECTION('',(0.,1.,0.));
#2621 = DIRECTION('',(0.,0.,1.));
#2622 = ADVANCED_FACE('',(#2623),#2626,.F.);
#2623 = FACE_BOUND('',#2624,.T.);
#2624 = EDGE_LOOP('',(#2625));
#2625 = ORIENTED_EDGE('',*,*,#1470,.T.);
#2626 = PLANE('',#2627);
#2627 = AXIS2_PLACEMENT_3D('',#2628,#2629,#2630);
#2628 = CARTESIAN_POINT('',(-6.652673940266E-16,-4.,29.75));
#2629 = DIRECTION('',(0.,1.,0.));
#2630 = DIRECTION('',(0.,0.,1.));
#2631 = ADVANCED_FACE('',(#2632),#2635,.F.);
#2632 = FACE_BOUND('',#2633,.T.);
#2633 = EDGE_LOOP('',(#2634));
#2634 = ORIENTED_EDGE('',*,*,#1495,.T.);
#2635 = PLANE('',#2636);
#2636 = AXIS2_PLACEMENT_3D('',#2637,#2638,#2639);
#2637 = CARTESIAN_POINT('',(-6.652673940266E-16,-4.,29.75));
#2638 = DIRECTION('',(0.,1.,0.));
#2639 = DIRECTION('',(0.,0.,1.));
#2640 = ADVANCED_FACE('',(#2641),#2644,.F.);
#2641 = FACE_BOUND('',#2642,.T.);
#2642 = EDGE_LOOP('',(#2643));
#2643 = ORIENTED_EDGE('',*,*,#1520,.T.);
#2644 = PLANE('',#2645);
#2645 = AXIS2_PLACEMENT_3D('',#2646,#2647,#2648);
#2646 = CARTESIAN_POINT('',(-6.652673940266E-16,-4.,29.75));
#2647 = DIRECTION('',(0.,1.,0.));
#2648 = DIRECTION('',(0.,0.,1.));
#2649 = ADVANCED_FACE('',(#2650),#2653,.F.);
#2650 = FACE_BOUND('',#2651,.T.);
#2651 = EDGE_LOOP('',(#2652));
#2652 = ORIENTED_EDGE('',*,*,#1545,.T.);
#2653 = PLANE('',#2654);
#2654 = AXIS2_PLACEMENT_3D('',#2655,#2656,#2657);
#2655 = CARTESIAN_POINT('',(-6.652673940266E-16,-4.,29.75));
#2656 = DIRECTION('',(0.,1.,0.));
#2657 = DIRECTION('',(0.,0.,1.));
#2658 = ADVANCED_FACE('',(#2659),#2662,.F.);
#2659 = FACE_BOUND('',#2660,.T.);
#2660 = EDGE_LOOP('',(#2661));
#2661 = ORIENTED_EDGE('',*,*,#1570,.T.);
#2662 = PLANE('',#2663);
#2663 = AXIS2_PLACEMENT_3D('',#2664,#2665,#2666);
#2664 = CARTESIAN_POINT('',(-6.652673940266E-16,-4.,29.75));
#2665 = DIRECTION('',(0.,1.,0.));
#2666 = DIRECTION('',(0.,0.,1.));
#2667 = ADVANCED_FACE('',(#2668),#2671,.F.);
#2668 = FACE_BOUND('',#2669,.T.);
#2669 = EDGE_LOOP('',(#2670));
#2670 = ORIENTED_EDGE('',*,*,#1595,.T.);
#2671 = PLANE('',#2672);
#2672 = AXIS2_PLACEMENT_3D('',#2673,#2674,#2675);
#2673 = CARTESIAN_POINT('',(-6.652673940266E-16,-4.,29.75));
#2674 = DIRECTION('',(0.,1.,0.));
#2675 = DIRECTION('',(0.,0.,1.));
#2676 = ADVANCED_FACE('',(#2677),#2680,.F.);
#2677 = FACE_BOUND('',#2678,.T.);
#2678 = EDGE_LOOP('',(#2679));
#2679 = ORIENTED_EDGE('',*,*,#1620,.T.);
#2680 = PLANE('',#2681);
#2681 = AXIS2_PLACEMENT_3D('',#2682,#2683,#2684);
#2682 = CARTESIAN_POINT('',(-6.652673940266E-16,-4.,29.75));
#2683 = DIRECTION('',(0.,1.,0.));
#2684 = DIRECTION('',(0.,0.,1.));
#2685 = ADVANCED_FACE('',(#2686),#2689,.F.);
#2686 = FACE_BOUND('',#2687,.T.);
#2687 = EDGE_LOOP('',(#2688));
#2688 = ORIENTED_EDGE('',*,*,#1645,.T.);
#2689 = PLANE('',#2690);
#2690 = AXIS2_PLACEMENT_3D('',#2691,#2692,#2693);
#2691 = CARTESIAN_POINT('',(-6.652673940266E-16,-4.,29.75));
#2692 = DIRECTION('',(0.,1.,0.));
#2693 = DIRECTION('',(0.,0.,1.));
#2694 = ADVANCED_FACE('',(#2695),#2698,.F.);
#2695 = FACE_BOUND('',#2696,.T.);
#2696 = EDGE_LOOP('',(#2697));
#2697 = ORIENTED_EDGE('',*,*,#1670,.T.);
#2698 = PLANE('',#2699);
#2699 = AXIS2_PLACEMENT_3D('',#2700,#2701,#2702);
#2700 = CARTESIAN_POINT('',(-6.652673940266E-16,-4.,29.75));
#2701 = DIRECTION('',(0.,1.,0.));
#2702 = DIRECTION('',(0.,0.,1.));
#2703 = ADVANCED_FACE('',(#2704),#2707,.F.);
#2704 = FACE_BOUND('',#2705,.T.);
#2705 = EDGE_LOOP('',(#2706));
#2706 = ORIENTED_EDGE('',*,*,#1695,.T.);
#2707 = PLANE('',#2708);
#2708 = AXIS2_PLACEMENT_3D('',#2709,#2710,#2711);
#2709 = CARTESIAN_POINT('',(-6.652673940266E-16,-4.,29.75));
#2710 = DIRECTION('',(0.,1.,0.));
#2711 = DIRECTION('',(0.,0.,1.));
#2712 = ADVANCED_FACE('',(#2713),#2716,.F.);
#2713 = FACE_BOUND('',#2714,.T.);
#2714 = EDGE_LOOP('',(#2715));
#2715 = ORIENTED_EDGE('',*,*,#1720,.T.);
#2716 = PLANE('',#2717);
#2717 = AXIS2_PLACEMENT_3D('',#2718,#2719,#2720);
#2718 = CARTESIAN_POINT('',(-6.652673940266E-16,-4.,29.75));
#2719 = DIRECTION('',(0.,1.,0.));
#2720 = DIRECTION('',(0.,0.,1.));
#2721 = ADVANCED_FACE('',(#2722),#2725,.F.);
#2722 = FACE_BOUND('',#2723,.T.);
#2723 = EDGE_LOOP('',(#2724));
#2724 = ORIENTED_EDGE('',*,*,#1745,.T.);
#2725 = PLANE('',#2726);
#2726 = AXIS2_PLACEMENT_3D('',#2727,#2728,#2729);
#2727 = CARTESIAN_POINT('',(-6.652673940266E-16,-4.,29.75));
#2728 = DIRECTION('',(0.,1.,0.));
#2729 = DIRECTION('',(0.,0.,1.));
#2730 = ADVANCED_FACE('',(#2731),#2734,.F.);
#2731 = FACE_BOUND('',#2732,.T.);
#2732 = EDGE_LOOP('',(#2733));
#2733 = ORIENTED_EDGE('',*,*,#1770,.T.);
#2734 = PLANE('',#2735);
#2735 = AXIS2_PLACEMENT_3D('',#2736,#2737,#2738);
#2736 = CARTESIAN_POINT('',(-6.652673940266E-16,-4.,29.75));
#2737 = DIRECTION('',(0.,1.,0.));
#2738 = DIRECTION('',(0.,0.,1.));
#2739 = ADVANCED_FACE('',(#2740),#2743,.F.);
#2740 = FACE_BOUND('',#2741,.T.);
#2741 = EDGE_LOOP('',(#2742));
#2742 = ORIENTED_EDGE('',*,*,#1795,.T.);
#2743 = PLANE('',#2744);
#2744 = AXIS2_PLACEMENT_3D('',#2745,#2746,#2747);
#2745 = CARTESIAN_POINT('',(-6.652673940266E-16,-4.,29.75));
#2746 = DIRECTION('',(0.,1.,0.));
#2747 = DIRECTION('',(0.,0.,1.));
#2748 = ADVANCED_FACE('',(#2749),#2752,.F.);
#2749 = FACE_BOUND('',#2750,.T.);
#2750 = EDGE_LOOP('',(#2751));
#2751 = ORIENTED_EDGE('',*,*,#1820,.T.);
#2752 = PLANE('',#2753);
#2753 = AXIS2_PLACEMENT_3D('',#2754,#2755,#2756);
#2754 = CARTESIAN_POINT('',(-6.652673940266E-16,-4.,29.75));
#2755 = DIRECTION('',(0.,1.,0.));
#2756 = DIRECTION('',(0.,0.,1.));
#2757 = ADVANCED_FACE('',(#2758),#2761,.F.);
#2758 = FACE_BOUND('',#2759,.T.);
#2759 = EDGE_LOOP('',(#2760));
#2760 = ORIENTED_EDGE('',*,*,#1845,.T.);
#2761 = PLANE('',#2762);
#2762 = AXIS2_PLACEMENT_3D('',#2763,#2764,#2765);
#2763 = CARTESIAN_POINT('',(-6.652673940266E-16,-4.,29.75));
#2764 = DIRECTION('',(0.,1.,0.));
#2765 = DIRECTION('',(0.,0.,1.));
#2766 = ADVANCED_FACE('',(#2767),#2770,.F.);
#2767 = FACE_BOUND('',#2768,.T.);
#2768 = EDGE_LOOP('',(#2769));
#2769 = ORIENTED_EDGE('',*,*,#1870,.T.);
#2770 = PLANE('',#2771);
#2771 = AXIS2_PLACEMENT_3D('',#2772,#2773,#2774);
#2772 = CARTESIAN_POINT('',(-6.652673940266E-16,-4.,29.75));
#2773 = DIRECTION('',(0.,1.,0.));
#2774 = DIRECTION('',(0.,0.,1.));
#2775 = ADVANCED_FACE('',(#2776),#2779,.F.);
#2776 = FACE_BOUND('',#2777,.T.);
#2777 = EDGE_LOOP('',(#2778));
#2778 = ORIENTED_EDGE('',*,*,#1895,.T.);
#2779 = PLANE('',#2780);
#2780 = AXIS2_PLACEMENT_3D('',#2781,#2782,#2783);
#2781 = CARTESIAN_POINT('',(-6.652673940266E-16,-4.,29.75));
#2782 = DIRECTION('',(0.,1.,0.));
#2783 = DIRECTION('',(0.,0.,1.));
#2784 = ADVANCED_FACE('',(#2785),#2788,.F.);
#2785 = FACE_BOUND('',#2786,.T.);
#2786 = EDGE_LOOP('',(#2787));
#2787 = ORIENTED_EDGE('',*,*,#1920,.T.);
#2788 = PLANE('',#2789);
#2789 = AXIS2_PLACEMENT_3D('',#2790,#2791,#2792);
#2790 = CARTESIAN_POINT('',(-6.652673940266E-16,-4.,29.75));
#2791 = DIRECTION('',(0.,1.,0.));
#2792 = DIRECTION('',(0.,0.,1.));
#2793 = ADVANCED_FACE('',(#2794),#2797,.F.);
#2794 = FACE_BOUND('',#2795,.T.);
#2795 = EDGE_LOOP('',(#2796));
#2796 = ORIENTED_EDGE('',*,*,#1945,.T.);
#2797 = PLANE('',#2798);
#2798 = AXIS2_PLACEMENT_3D('',#2799,#2800,#2801);
#2799 = CARTESIAN_POINT('',(-6.652673940266E-16,-4.,29.75));
#2800 = DIRECTION('',(0.,1.,0.));
#2801 = DIRECTION('',(0.,0.,1.));
#2802 = ADVANCED_FACE('',(#2803),#2806,.F.);
#2803 = FACE_BOUND('',#2804,.T.);
#2804 = EDGE_LOOP('',(#2805));
#2805 = ORIENTED_EDGE('',*,*,#1970,.T.);
#2806 = PLANE('',#2807);
#2807 = AXIS2_PLACEMENT_3D('',#2808,#2809,#2810);
#2808 = CARTESIAN_POINT('',(-6.652673940266E-16,-4.,29.75));
#2809 = DIRECTION('',(0.,1.,0.));
#2810 = DIRECTION('',(0.,0.,1.));
#2811 = ADVANCED_FACE('',(#2812),#2815,.F.);
#2812 = FACE_BOUND('',#2813,.T.);
#2813 = EDGE_LOOP('',(#2814));
#2814 = ORIENTED_EDGE('',*,*,#1995,.T.);
#2815 = PLANE('',#2816);
#2816 = AXIS2_PLACEMENT_3D('',#2817,#2818,#2819);
#2817 = CARTESIAN_POINT('',(-6.652673940266E-16,-4.,29.75));
#2818 = DIRECTION('',(0.,1.,0.));
#2819 = DIRECTION('',(0.,0.,1.));
#2820 = ADVANCED_FACE('',(#2821),#2824,.F.);
#2821 = FACE_BOUND('',#2822,.T.);
#2822 = EDGE_LOOP('',(#2823));
#2823 = ORIENTED_EDGE('',*,*,#2020,.T.);
#2824 = PLANE('',#2825);
#2825 = AXIS2_PLACEMENT_3D('',#2826,#2827,#2828);
#2826 = CARTESIAN_POINT('',(-6.652673940266E-16,-4.,29.75));
#2827 = DIRECTION('',(0.,1.,0.));
#2828 = DIRECTION('',(0.,0.,1.));
#2829 = ADVANCED_FACE('',(#2830),#2833,.F.);
#2830 = FACE_BOUND('',#2831,.T.);
#2831 = EDGE_LOOP('',(#2832));
#2832 = ORIENTED_EDGE('',*,*,#2045,.T.);
#2833 = PLANE('',#2834);
#2834 = AXIS2_PLACEMENT_3D('',#2835,#2836,#2837);
#2835 = CARTESIAN_POINT('',(-6.652673940266E-16,-4.,29.75));
#2836 = DIRECTION('',(0.,1.,0.));
#2837 = DIRECTION('',(0.,0.,1.));
#2838 = ADVANCED_FACE('',(#2839),#2842,.F.);
#2839 = FACE_BOUND('',#2840,.T.);
#2840 = EDGE_LOOP('',(#2841));
#2841 = ORIENTED_EDGE('',*,*,#2070,.T.);
#2842 = PLANE('',#2843);
#2843 = AXIS2_PLACEMENT_3D('',#2844,#2845,#2846);
#2844 = CARTESIAN_POINT('',(-6.652673940266E-16,-4.,29.75));
#2845 = DIRECTION('',(0.,1.,0.));
#2846 = DIRECTION('',(0.,0.,1.));
#2847 = ADVANCED_FACE('',(#2848),#2851,.F.);
#2848 = FACE_BOUND('',#2849,.T.);
#2849 = EDGE_LOOP('',(#2850));
#2850 = ORIENTED_EDGE('',*,*,#2095,.T.);
#2851 = PLANE('',#2852);
#2852 = AXIS2_PLACEMENT_3D('',#2853,#2854,#2855);
#2853 = CARTESIAN_POINT('',(-6.652673940266E-16,-4.,29.75));
#2854 = DIRECTION('',(0.,1.,0.));
#2855 = DIRECTION('',(0.,0.,1.));
#2856 = ADVANCED_FACE('',(#2857),#2860,.F.);
#2857 = FACE_BOUND('',#2858,.T.);
#2858 = EDGE_LOOP('',(#2859));
#2859 = ORIENTED_EDGE('',*,*,#2120,.T.);
#2860 = PLANE('',#2861);
#2861 = AXIS2_PLACEMENT_3D('',#2862,#2863,#2864);
#2862 = CARTESIAN_POINT('',(-6.652673940266E-16,-4.,29.75));
#2863 = DIRECTION('',(0.,1.,0.));
#2864 = DIRECTION('',(0.,0.,1.));
#2865 = ADVANCED_FACE('',(#2866),#2869,.F.);
#2866 = FACE_BOUND('',#2867,.T.);
#2867 = EDGE_LOOP('',(#2868));
#2868 = ORIENTED_EDGE('',*,*,#2145,.T.);
#2869 = PLANE('',#2870);
#2870 = AXIS2_PLACEMENT_3D('',#2871,#2872,#2873);
#2871 = CARTESIAN_POINT('',(-6.652673940266E-16,-4.,29.75));
#2872 = DIRECTION('',(0.,1.,0.));
#2873 = DIRECTION('',(0.,0.,1.));
#2874 = ADVANCED_FACE('',(#2875),#2878,.F.);
#2875 = FACE_BOUND('',#2876,.T.);
#2876 = EDGE_LOOP('',(#2877));
#2877 = ORIENTED_EDGE('',*,*,#2170,.T.);
#2878 = PLANE('',#2879);
#2879 = AXIS2_PLACEMENT_3D('',#2880,#2881,#2882);
#2880 = CARTESIAN_POINT('',(-6.652673940266E-16,-4.,29.75));
#2881 = DIRECTION('',(0.,1.,0.));
#2882 = DIRECTION('',(0.,0.,1.));
#2883 = ADVANCED_FACE('',(#2884),#2887,.F.);
#2884 = FACE_BOUND('',#2885,.T.);
#2885 = EDGE_LOOP('',(#2886));
#2886 = ORIENTED_EDGE('',*,*,#2195,.T.);
#2887 = PLANE('',#2888);
#2888 = AXIS2_PLACEMENT_3D('',#2889,#2890,#2891);
#2889 = CARTESIAN_POINT('',(-6.652673940266E-16,-4.,29.75));
#2890 = DIRECTION('',(0.,1.,0.));
#2891 = DIRECTION('',(0.,0.,1.));
#2892 = ADVANCED_FACE('',(#2893),#2896,.F.);
#2893 = FACE_BOUND('',#2894,.T.);
#2894 = EDGE_LOOP('',(#2895));
#2895 = ORIENTED_EDGE('',*,*,#2220,.T.);
#2896 = PLANE('',#2897);
#2897 = AXIS2_PLACEMENT_3D('',#2898,#2899,#2900);
#2898 = CARTESIAN_POINT('',(-6.652673940266E-16,-4.,29.75));
#2899 = DIRECTION('',(0.,1.,0.));
#2900 = DIRECTION('',(0.,0.,1.));
#2901 = ADVANCED_FACE('',(#2902),#2905,.F.);
#2902 = FACE_BOUND('',#2903,.T.);
#2903 = EDGE_LOOP('',(#2904));
#2904 = ORIENTED_EDGE('',*,*,#2245,.T.);
#2905 = PLANE('',#2906);
#2906 = AXIS2_PLACEMENT_3D('',#2907,#2908,#2909);
#2907 = CARTESIAN_POINT('',(-6.652673940266E-16,-4.,29.75));
#2908 = DIRECTION('',(0.,1.,0.));
#2909 = DIRECTION('',(0.,0.,1.));
#2910 = ADVANCED_FACE('',(#2911),#2914,.F.);
#2911 = FACE_BOUND('',#2912,.T.);
#2912 = EDGE_LOOP('',(#2913));
#2913 = ORIENTED_EDGE('',*,*,#2270,.T.);
#2914 = PLANE('',#2915);
#2915 = AXIS2_PLACEMENT_3D('',#2916,#2917,#2918);
#2916 = CARTESIAN_POINT('',(-6.652673940266E-16,-4.,29.75));
#2917 = DIRECTION('',(0.,1.,0.));
#2918 = DIRECTION('',(0.,0.,1.));
#2919 = ADVANCED_FACE('',(#2920),#2923,.F.);
#2920 = FACE_BOUND('',#2921,.T.);
#2921 = EDGE_LOOP('',(#2922));
#2922 = ORIENTED_EDGE('',*,*,#2295,.T.);
#2923 = PLANE('',#2924);
#2924 = AXIS2_PLACEMENT_3D('',#2925,#2926,#2927);
#2925 = CARTESIAN_POINT('',(-6.652673940266E-16,-4.,29.75));
#2926 = DIRECTION('',(0.,1.,0.));
#2927 = DIRECTION('',(0.,0.,1.));
#2928 = ADVANCED_FACE('',(#2929),#2932,.F.);
#2929 = FACE_BOUND('',#2930,.T.);
#2930 = EDGE_LOOP('',(#2931));
#2931 = ORIENTED_EDGE('',*,*,#2320,.T.);
#2932 = PLANE('',#2933);
#2933 = AXIS2_PLACEMENT_3D('',#2934,#2935,#2936);
#2934 = CARTESIAN_POINT('',(-6.652673940266E-16,-4.,29.75));
#2935 = DIRECTION('',(0.,1.,0.));
#2936 = DIRECTION('',(0.,0.,1.));
#2937 = ADVANCED_FACE('',(#2938),#2941,.F.);
#2938 = FACE_BOUND('',#2939,.T.);
#2939 = EDGE_LOOP('',(#2940));
#2940 = ORIENTED_EDGE('',*,*,#2345,.T.);
#2941 = PLANE('',#2942);
#2942 = AXIS2_PLACEMENT_3D('',#2943,#2944,#2945);
#2943 = CARTESIAN_POINT('',(-6.652673940266E-16,-4.,29.75));
#2944 = DIRECTION('',(0.,1.,0.));
#2945 = DIRECTION('',(0.,0.,1.));
#2946 = ADVANCED_FACE('',(#2947),#2950,.F.);
#2947 = FACE_BOUND('',#2948,.T.);
#2948 = EDGE_LOOP('',(#2949));
#2949 = ORIENTED_EDGE('',*,*,#2370,.T.);
#2950 = PLANE('',#2951);
#2951 = AXIS2_PLACEMENT_3D('',#2952,#2953,#2954);
#2952 = CARTESIAN_POINT('',(-6.652673940266E-16,-4.,29.75));
#2953 = DIRECTION('',(0.,1.,0.));
#2954 = DIRECTION('',(0.,0.,1.));
#2955 = ADVANCED_FACE('',(#2956),#2959,.F.);
#2956 = FACE_BOUND('',#2957,.T.);
#2957 = EDGE_LOOP('',(#2958));
#2958 = ORIENTED_EDGE('',*,*,#2395,.T.);
#2959 = PLANE('',#2960);
#2960 = AXIS2_PLACEMENT_3D('',#2961,#2962,#2963);
#2961 = CARTESIAN_POINT('',(-6.652673940266E-16,-4.,29.75));
#2962 = DIRECTION('',(0.,1.,0.));
#2963 = DIRECTION('',(0.,0.,1.));
#2964 = ADVANCED_FACE('',(#2965),#2968,.F.);
#2965 = FACE_BOUND('',#2966,.T.);
#2966 = EDGE_LOOP('',(#2967));
#2967 = ORIENTED_EDGE('',*,*,#2420,.T.);
#2968 = PLANE('',#2969);
#2969 = AXIS2_PLACEMENT_3D('',#2970,#2971,#2972);
#2970 = CARTESIAN_POINT('',(-6.652673940266E-16,-4.,29.75));
#2971 = DIRECTION('',(0.,1.,0.));
#2972 = DIRECTION('',(0.,0.,1.));
#2973 = ADVANCED_FACE('',(#2974),#2980,.F.);
#2974 = FACE_BOUND('',#2975,.F.);
#2975 = EDGE_LOOP('',(#2976,#2977,#2978,#2979));
#2976 = ORIENTED_EDGE('',*,*,#2532,.F.);
#2977 = ORIENTED_EDGE('',*,*,#2548,.T.);
#2978 = ORIENTED_EDGE('',*,*,#2564,.T.);
#2979 = ORIENTED_EDGE('',*,*,#2514,.F.);
#2980 = PLANE('',#2981);
#2981 = AXIS2_PLACEMENT_3D('',#2982,#2983,#2984);
#2982 = CARTESIAN_POINT('',(4.63,5.3,0.));
#2983 = DIRECTION('',(-1.,0.,0.));
#2984 = DIRECTION('',(0.,1.,0.));
#2985 = ( GEOMETRIC_REPRESENTATION_CONTEXT(3) 
GLOBAL_UNCERTAINTY_ASSIGNED_CONTEXT((#2989)) 
GLOBAL_UNIT_ASSIGNED_CONTEXT((#2986,#2987,#2988)) REPRESENTATION_CONTEXT
('Context #1','3D Context with UNIT and UNCERTAINTY') );
#2986 = ( LENGTH_UNIT() NAMED_UNIT(*) SI_UNIT(.MILLI.,.METRE.) );
#2987 = ( NAMED_UNIT(*) PLANE_ANGLE_UNIT() SI_UNIT($,.RADIAN.) );
#2988 = ( NAMED_UNIT(*) SI_UNIT($,.STERADIAN.) SOLID_ANGLE_UNIT() );
#2989 = UNCERTAINTY_MEASURE_WITH_UNIT(LENGTH_MEASURE(2.E-06),#2986,
  'distance_accuracy_value','confusion accuracy');
#2990 = PRODUCT_RELATED_PRODUCT_CATEGORY('part',$,(#7));
#2991 = MECHANICAL_DESIGN_GEOMETRIC_PRESENTATION_REPRESENTATION('',(
    #2992,#3003,#3011,#3018,#3025,#3032,#3039,#3046,#3053,#3060,#3067,
    #3074,#3081,#3088,#3095,#3102,#3109,#3116,#3123,#3130,#3137,#3144,
    #3151,#3158,#3165,#3172,#3179,#3186,#3193,#3200,#3207,#3214,#3221,
    #3228,#3235,#3242,#3249,#3256,#3263,#3270,#3277,#3284,#3291,#3298,
    #3305,#3312,#3319,#3326,#3333,#3340,#3347,#3354,#3361,#3368,#3375,
    #3382,#3389,#3396,#3403,#3410,#3417,#3424,#3431,#3438,#3445,#3452,
    #3459,#3466,#3473,#3480,#3487,#3494,#3501,#3508,#3515,#3522,#3529,
    #3536,#3543,#3550,#3557,#3564,#3571,#3578,#3585,#3592,#3599,#3606,
    #3613),#2985);
#2992 = STYLED_ITEM('color',(#2993),#15);
#2993 = PRESENTATION_STYLE_ASSIGNMENT((#2994,#3000));
#2994 = SURFACE_STYLE_USAGE(.BOTH.,#2995);
#2995 = SURFACE_SIDE_STYLE('',(#2996));
#2996 = SURFACE_STYLE_FILL_AREA(#2997);
#2997 = FILL_AREA_STYLE('',(#2998));
#2998 = FILL_AREA_STYLE_COLOUR('',#2999);
#2999 = COLOUR_RGB('',0.150000005922,0.1599999992,0.1599999992);
#3000 = CURVE_STYLE('',#3001,POSITIVE_LENGTH_MEASURE(0.1),#3002);
#3001 = DRAUGHTING_PRE_DEFINED_CURVE_FONT('continuous');
#3002 = COLOUR_RGB('',9.803921802644E-02,9.803921802644E-02,
  9.803921802644E-02);
#3003 = OVER_RIDING_STYLED_ITEM('overriding color',(#3004),#1333,#2992);
#3004 = PRESENTATION_STYLE_ASSIGNMENT((#3005));
#3005 = SURFACE_STYLE_USAGE(.BOTH.,#3006);
#3006 = SURFACE_SIDE_STYLE('',(#3007));
#3007 = SURFACE_STYLE_FILL_AREA(#3008);
#3008 = FILL_AREA_STYLE('',(#3009));
#3009 = FILL_AREA_STYLE_COLOUR('',#3010);
#3010 = COLOUR_RGB('',0.879999997771,0.879999997771,0.730000014984);
#3011 = OVER_RIDING_STYLED_ITEM('overriding color',(#3012),#1358,#2992);
#3012 = PRESENTATION_STYLE_ASSIGNMENT((#3013));
#3013 = SURFACE_STYLE_USAGE(.BOTH.,#3014);
#3014 = SURFACE_SIDE_STYLE('',(#3015));
#3015 = SURFACE_STYLE_FILL_AREA(#3016);
#3016 = FILL_AREA_STYLE('',(#3017));
#3017 = FILL_AREA_STYLE_COLOUR('',#3010);
#3018 = OVER_RIDING_STYLED_ITEM('overriding color',(#3019),#1383,#2992);
#3019 = PRESENTATION_STYLE_ASSIGNMENT((#3020));
#3020 = SURFACE_STYLE_USAGE(.BOTH.,#3021);
#3021 = SURFACE_SIDE_STYLE('',(#3022));
#3022 = SURFACE_STYLE_FILL_AREA(#3023);
#3023 = FILL_AREA_STYLE('',(#3024));
#3024 = FILL_AREA_STYLE_COLOUR('',#3010);
#3025 = OVER_RIDING_STYLED_ITEM('overriding color',(#3026),#1408,#2992);
#3026 = PRESENTATION_STYLE_ASSIGNMENT((#3027));
#3027 = SURFACE_STYLE_USAGE(.BOTH.,#3028);
#3028 = SURFACE_SIDE_STYLE('',(#3029));
#3029 = SURFACE_STYLE_FILL_AREA(#3030);
#3030 = FILL_AREA_STYLE('',(#3031));
#3031 = FILL_AREA_STYLE_COLOUR('',#3010);
#3032 = OVER_RIDING_STYLED_ITEM('overriding color',(#3033),#1433,#2992);
#3033 = PRESENTATION_STYLE_ASSIGNMENT((#3034));
#3034 = SURFACE_STYLE_USAGE(.BOTH.,#3035);
#3035 = SURFACE_SIDE_STYLE('',(#3036));
#3036 = SURFACE_STYLE_FILL_AREA(#3037);
#3037 = FILL_AREA_STYLE('',(#3038));
#3038 = FILL_AREA_STYLE_COLOUR('',#3010);
#3039 = OVER_RIDING_STYLED_ITEM('overriding color',(#3040),#1458,#2992);
#3040 = PRESENTATION_STYLE_ASSIGNMENT((#3041));
#3041 = SURFACE_STYLE_USAGE(.BOTH.,#3042);
#3042 = SURFACE_SIDE_STYLE('',(#3043));
#3043 = SURFACE_STYLE_FILL_AREA(#3044);
#3044 = FILL_AREA_STYLE('',(#3045));
#3045 = FILL_AREA_STYLE_COLOUR('',#3010);
#3046 = OVER_RIDING_STYLED_ITEM('overriding color',(#3047),#1483,#2992);
#3047 = PRESENTATION_STYLE_ASSIGNMENT((#3048));
#3048 = SURFACE_STYLE_USAGE(.BOTH.,#3049);
#3049 = SURFACE_SIDE_STYLE('',(#3050));
#3050 = SURFACE_STYLE_FILL_AREA(#3051);
#3051 = FILL_AREA_STYLE('',(#3052));
#3052 = FILL_AREA_STYLE_COLOUR('',#3010);
#3053 = OVER_RIDING_STYLED_ITEM('overriding color',(#3054),#1508,#2992);
#3054 = PRESENTATION_STYLE_ASSIGNMENT((#3055));
#3055 = SURFACE_STYLE_USAGE(.BOTH.,#3056);
#3056 = SURFACE_SIDE_STYLE('',(#3057));
#3057 = SURFACE_STYLE_FILL_AREA(#3058);
#3058 = FILL_AREA_STYLE('',(#3059));
#3059 = FILL_AREA_STYLE_COLOUR('',#3010);
#3060 = OVER_RIDING_STYLED_ITEM('overriding color',(#3061),#1533,#2992);
#3061 = PRESENTATION_STYLE_ASSIGNMENT((#3062));
#3062 = SURFACE_STYLE_USAGE(.BOTH.,#3063);
#3063 = SURFACE_SIDE_STYLE('',(#3064));
#3064 = SURFACE_STYLE_FILL_AREA(#3065);
#3065 = FILL_AREA_STYLE('',(#3066));
#3066 = FILL_AREA_STYLE_COLOUR('',#3010);
#3067 = OVER_RIDING_STYLED_ITEM('overriding color',(#3068),#1558,#2992);
#3068 = PRESENTATION_STYLE_ASSIGNMENT((#3069));
#3069 = SURFACE_STYLE_USAGE(.BOTH.,#3070);
#3070 = SURFACE_SIDE_STYLE('',(#3071));
#3071 = SURFACE_STYLE_FILL_AREA(#3072);
#3072 = FILL_AREA_STYLE('',(#3073));
#3073 = FILL_AREA_STYLE_COLOUR('',#3010);
#3074 = OVER_RIDING_STYLED_ITEM('overriding color',(#3075),#1583,#2992);
#3075 = PRESENTATION_STYLE_ASSIGNMENT((#3076));
#3076 = SURFACE_STYLE_USAGE(.BOTH.,#3077);
#3077 = SURFACE_SIDE_STYLE('',(#3078));
#3078 = SURFACE_STYLE_FILL_AREA(#3079);
#3079 = FILL_AREA_STYLE('',(#3080));
#3080 = FILL_AREA_STYLE_COLOUR('',#3010);
#3081 = OVER_RIDING_STYLED_ITEM('overriding color',(#3082),#1608,#2992);
#3082 = PRESENTATION_STYLE_ASSIGNMENT((#3083));
#3083 = SURFACE_STYLE_USAGE(.BOTH.,#3084);
#3084 = SURFACE_SIDE_STYLE('',(#3085));
#3085 = SURFACE_STYLE_FILL_AREA(#3086);
#3086 = FILL_AREA_STYLE('',(#3087));
#3087 = FILL_AREA_STYLE_COLOUR('',#3010);
#3088 = OVER_RIDING_STYLED_ITEM('overriding color',(#3089),#1633,#2992);
#3089 = PRESENTATION_STYLE_ASSIGNMENT((#3090));
#3090 = SURFACE_STYLE_USAGE(.BOTH.,#3091);
#3091 = SURFACE_SIDE_STYLE('',(#3092));
#3092 = SURFACE_STYLE_FILL_AREA(#3093);
#3093 = FILL_AREA_STYLE('',(#3094));
#3094 = FILL_AREA_STYLE_COLOUR('',#3010);
#3095 = OVER_RIDING_STYLED_ITEM('overriding color',(#3096),#1658,#2992);
#3096 = PRESENTATION_STYLE_ASSIGNMENT((#3097));
#3097 = SURFACE_STYLE_USAGE(.BOTH.,#3098);
#3098 = SURFACE_SIDE_STYLE('',(#3099));
#3099 = SURFACE_STYLE_FILL_AREA(#3100);
#3100 = FILL_AREA_STYLE('',(#3101));
#3101 = FILL_AREA_STYLE_COLOUR('',#3010);
#3102 = OVER_RIDING_STYLED_ITEM('overriding color',(#3103),#1683,#2992);
#3103 = PRESENTATION_STYLE_ASSIGNMENT((#3104));
#3104 = SURFACE_STYLE_USAGE(.BOTH.,#3105);
#3105 = SURFACE_SIDE_STYLE('',(#3106));
#3106 = SURFACE_STYLE_FILL_AREA(#3107);
#3107 = FILL_AREA_STYLE('',(#3108));
#3108 = FILL_AREA_STYLE_COLOUR('',#3010);
#3109 = OVER_RIDING_STYLED_ITEM('overriding color',(#3110),#1708,#2992);
#3110 = PRESENTATION_STYLE_ASSIGNMENT((#3111));
#3111 = SURFACE_STYLE_USAGE(.BOTH.,#3112);
#3112 = SURFACE_SIDE_STYLE('',(#3113));
#3113 = SURFACE_STYLE_FILL_AREA(#3114);
#3114 = FILL_AREA_STYLE('',(#3115));
#3115 = FILL_AREA_STYLE_COLOUR('',#3010);
#3116 = OVER_RIDING_STYLED_ITEM('overriding color',(#3117),#1733,#2992);
#3117 = PRESENTATION_STYLE_ASSIGNMENT((#3118));
#3118 = SURFACE_STYLE_USAGE(.BOTH.,#3119);
#3119 = SURFACE_SIDE_STYLE('',(#3120));
#3120 = SURFACE_STYLE_FILL_AREA(#3121);
#3121 = FILL_AREA_STYLE('',(#3122));
#3122 = FILL_AREA_STYLE_COLOUR('',#3010);
#3123 = OVER_RIDING_STYLED_ITEM('overriding color',(#3124),#1758,#2992);
#3124 = PRESENTATION_STYLE_ASSIGNMENT((#3125));
#3125 = SURFACE_STYLE_USAGE(.BOTH.,#3126);
#3126 = SURFACE_SIDE_STYLE('',(#3127));
#3127 = SURFACE_STYLE_FILL_AREA(#3128);
#3128 = FILL_AREA_STYLE('',(#3129));
#3129 = FILL_AREA_STYLE_COLOUR('',#3010);
#3130 = OVER_RIDING_STYLED_ITEM('overriding color',(#3131),#1783,#2992);
#3131 = PRESENTATION_STYLE_ASSIGNMENT((#3132));
#3132 = SURFACE_STYLE_USAGE(.BOTH.,#3133);
#3133 = SURFACE_SIDE_STYLE('',(#3134));
#3134 = SURFACE_STYLE_FILL_AREA(#3135);
#3135 = FILL_AREA_STYLE('',(#3136));
#3136 = FILL_AREA_STYLE_COLOUR('',#3010);
#3137 = OVER_RIDING_STYLED_ITEM('overriding color',(#3138),#1808,#2992);
#3138 = PRESENTATION_STYLE_ASSIGNMENT((#3139));
#3139 = SURFACE_STYLE_USAGE(.BOTH.,#3140);
#3140 = SURFACE_SIDE_STYLE('',(#3141));
#3141 = SURFACE_STYLE_FILL_AREA(#3142);
#3142 = FILL_AREA_STYLE('',(#3143));
#3143 = FILL_AREA_STYLE_COLOUR('',#3010);
#3144 = OVER_RIDING_STYLED_ITEM('overriding color',(#3145),#1833,#2992);
#3145 = PRESENTATION_STYLE_ASSIGNMENT((#3146));
#3146 = SURFACE_STYLE_USAGE(.BOTH.,#3147);
#3147 = SURFACE_SIDE_STYLE('',(#3148));
#3148 = SURFACE_STYLE_FILL_AREA(#3149);
#3149 = FILL_AREA_STYLE('',(#3150));
#3150 = FILL_AREA_STYLE_COLOUR('',#3010);
#3151 = OVER_RIDING_STYLED_ITEM('overriding color',(#3152),#1858,#2992);
#3152 = PRESENTATION_STYLE_ASSIGNMENT((#3153));
#3153 = SURFACE_STYLE_USAGE(.BOTH.,#3154);
#3154 = SURFACE_SIDE_STYLE('',(#3155));
#3155 = SURFACE_STYLE_FILL_AREA(#3156);
#3156 = FILL_AREA_STYLE('',(#3157));
#3157 = FILL_AREA_STYLE_COLOUR('',#3010);
#3158 = OVER_RIDING_STYLED_ITEM('overriding color',(#3159),#1883,#2992);
#3159 = PRESENTATION_STYLE_ASSIGNMENT((#3160));
#3160 = SURFACE_STYLE_USAGE(.BOTH.,#3161);
#3161 = SURFACE_SIDE_STYLE('',(#3162));
#3162 = SURFACE_STYLE_FILL_AREA(#3163);
#3163 = FILL_AREA_STYLE('',(#3164));
#3164 = FILL_AREA_STYLE_COLOUR('',#3010);
#3165 = OVER_RIDING_STYLED_ITEM('overriding color',(#3166),#1908,#2992);
#3166 = PRESENTATION_STYLE_ASSIGNMENT((#3167));
#3167 = SURFACE_STYLE_USAGE(.BOTH.,#3168);
#3168 = SURFACE_SIDE_STYLE('',(#3169));
#3169 = SURFACE_STYLE_FILL_AREA(#3170);
#3170 = FILL_AREA_STYLE('',(#3171));
#3171 = FILL_AREA_STYLE_COLOUR('',#3010);
#3172 = OVER_RIDING_STYLED_ITEM('overriding color',(#3173),#1933,#2992);
#3173 = PRESENTATION_STYLE_ASSIGNMENT((#3174));
#3174 = SURFACE_STYLE_USAGE(.BOTH.,#3175);
#3175 = SURFACE_SIDE_STYLE('',(#3176));
#3176 = SURFACE_STYLE_FILL_AREA(#3177);
#3177 = FILL_AREA_STYLE('',(#3178));
#3178 = FILL_AREA_STYLE_COLOUR('',#3010);
#3179 = OVER_RIDING_STYLED_ITEM('overriding color',(#3180),#1958,#2992);
#3180 = PRESENTATION_STYLE_ASSIGNMENT((#3181));
#3181 = SURFACE_STYLE_USAGE(.BOTH.,#3182);
#3182 = SURFACE_SIDE_STYLE('',(#3183));
#3183 = SURFACE_STYLE_FILL_AREA(#3184);
#3184 = FILL_AREA_STYLE('',(#3185));
#3185 = FILL_AREA_STYLE_COLOUR('',#3010);
#3186 = OVER_RIDING_STYLED_ITEM('overriding color',(#3187),#1983,#2992);
#3187 = PRESENTATION_STYLE_ASSIGNMENT((#3188));
#3188 = SURFACE_STYLE_USAGE(.BOTH.,#3189);
#3189 = SURFACE_SIDE_STYLE('',(#3190));
#3190 = SURFACE_STYLE_FILL_AREA(#3191);
#3191 = FILL_AREA_STYLE('',(#3192));
#3192 = FILL_AREA_STYLE_COLOUR('',#3010);
#3193 = OVER_RIDING_STYLED_ITEM('overriding color',(#3194),#2008,#2992);
#3194 = PRESENTATION_STYLE_ASSIGNMENT((#3195));
#3195 = SURFACE_STYLE_USAGE(.BOTH.,#3196);
#3196 = SURFACE_SIDE_STYLE('',(#3197));
#3197 = SURFACE_STYLE_FILL_AREA(#3198);
#3198 = FILL_AREA_STYLE('',(#3199));
#3199 = FILL_AREA_STYLE_COLOUR('',#3010);
#3200 = OVER_RIDING_STYLED_ITEM('overriding color',(#3201),#2033,#2992);
#3201 = PRESENTATION_STYLE_ASSIGNMENT((#3202));
#3202 = SURFACE_STYLE_USAGE(.BOTH.,#3203);
#3203 = SURFACE_SIDE_STYLE('',(#3204));
#3204 = SURFACE_STYLE_FILL_AREA(#3205);
#3205 = FILL_AREA_STYLE('',(#3206));
#3206 = FILL_AREA_STYLE_COLOUR('',#3010);
#3207 = OVER_RIDING_STYLED_ITEM('overriding color',(#3208),#2058,#2992);
#3208 = PRESENTATION_STYLE_ASSIGNMENT((#3209));
#3209 = SURFACE_STYLE_USAGE(.BOTH.,#3210);
#3210 = SURFACE_SIDE_STYLE('',(#3211));
#3211 = SURFACE_STYLE_FILL_AREA(#3212);
#3212 = FILL_AREA_STYLE('',(#3213));
#3213 = FILL_AREA_STYLE_COLOUR('',#3010);
#3214 = OVER_RIDING_STYLED_ITEM('overriding color',(#3215),#2083,#2992);
#3215 = PRESENTATION_STYLE_ASSIGNMENT((#3216));
#3216 = SURFACE_STYLE_USAGE(.BOTH.,#3217);
#3217 = SURFACE_SIDE_STYLE('',(#3218));
#3218 = SURFACE_STYLE_FILL_AREA(#3219);
#3219 = FILL_AREA_STYLE('',(#3220));
#3220 = FILL_AREA_STYLE_COLOUR('',#3010);
#3221 = OVER_RIDING_STYLED_ITEM('overriding color',(#3222),#2108,#2992);
#3222 = PRESENTATION_STYLE_ASSIGNMENT((#3223));
#3223 = SURFACE_STYLE_USAGE(.BOTH.,#3224);
#3224 = SURFACE_SIDE_STYLE('',(#3225));
#3225 = SURFACE_STYLE_FILL_AREA(#3226);
#3226 = FILL_AREA_STYLE('',(#3227));
#3227 = FILL_AREA_STYLE_COLOUR('',#3010);
#3228 = OVER_RIDING_STYLED_ITEM('overriding color',(#3229),#2133,#2992);
#3229 = PRESENTATION_STYLE_ASSIGNMENT((#3230));
#3230 = SURFACE_STYLE_USAGE(.BOTH.,#3231);
#3231 = SURFACE_SIDE_STYLE('',(#3232));
#3232 = SURFACE_STYLE_FILL_AREA(#3233);
#3233 = FILL_AREA_STYLE('',(#3234));
#3234 = FILL_AREA_STYLE_COLOUR('',#3010);
#3235 = OVER_RIDING_STYLED_ITEM('overriding color',(#3236),#2158,#2992);
#3236 = PRESENTATION_STYLE_ASSIGNMENT((#3237));
#3237 = SURFACE_STYLE_USAGE(.BOTH.,#3238);
#3238 = SURFACE_SIDE_STYLE('',(#3239));
#3239 = SURFACE_STYLE_FILL_AREA(#3240);
#3240 = FILL_AREA_STYLE('',(#3241));
#3241 = FILL_AREA_STYLE_COLOUR('',#3010);
#3242 = OVER_RIDING_STYLED_ITEM('overriding color',(#3243),#2183,#2992);
#3243 = PRESENTATION_STYLE_ASSIGNMENT((#3244));
#3244 = SURFACE_STYLE_USAGE(.BOTH.,#3245);
#3245 = SURFACE_SIDE_STYLE('',(#3246));
#3246 = SURFACE_STYLE_FILL_AREA(#3247);
#3247 = FILL_AREA_STYLE('',(#3248));
#3248 = FILL_AREA_STYLE_COLOUR('',#3010);
#3249 = OVER_RIDING_STYLED_ITEM('overriding color',(#3250),#2208,#2992);
#3250 = PRESENTATION_STYLE_ASSIGNMENT((#3251));
#3251 = SURFACE_STYLE_USAGE(.BOTH.,#3252);
#3252 = SURFACE_SIDE_STYLE('',(#3253));
#3253 = SURFACE_STYLE_FILL_AREA(#3254);
#3254 = FILL_AREA_STYLE('',(#3255));
#3255 = FILL_AREA_STYLE_COLOUR('',#3010);
#3256 = OVER_RIDING_STYLED_ITEM('overriding color',(#3257),#2233,#2992);
#3257 = PRESENTATION_STYLE_ASSIGNMENT((#3258));
#3258 = SURFACE_STYLE_USAGE(.BOTH.,#3259);
#3259 = SURFACE_SIDE_STYLE('',(#3260));
#3260 = SURFACE_STYLE_FILL_AREA(#3261);
#3261 = FILL_AREA_STYLE('',(#3262));
#3262 = FILL_AREA_STYLE_COLOUR('',#3010);
#3263 = OVER_RIDING_STYLED_ITEM('overriding color',(#3264),#2258,#2992);
#3264 = PRESENTATION_STYLE_ASSIGNMENT((#3265));
#3265 = SURFACE_STYLE_USAGE(.BOTH.,#3266);
#3266 = SURFACE_SIDE_STYLE('',(#3267));
#3267 = SURFACE_STYLE_FILL_AREA(#3268);
#3268 = FILL_AREA_STYLE('',(#3269));
#3269 = FILL_AREA_STYLE_COLOUR('',#3010);
#3270 = OVER_RIDING_STYLED_ITEM('overriding color',(#3271),#2283,#2992);
#3271 = PRESENTATION_STYLE_ASSIGNMENT((#3272));
#3272 = SURFACE_STYLE_USAGE(.BOTH.,#3273);
#3273 = SURFACE_SIDE_STYLE('',(#3274));
#3274 = SURFACE_STYLE_FILL_AREA(#3275);
#3275 = FILL_AREA_STYLE('',(#3276));
#3276 = FILL_AREA_STYLE_COLOUR('',#3010);
#3277 = OVER_RIDING_STYLED_ITEM('overriding color',(#3278),#2308,#2992);
#3278 = PRESENTATION_STYLE_ASSIGNMENT((#3279));
#3279 = SURFACE_STYLE_USAGE(.BOTH.,#3280);
#3280 = SURFACE_SIDE_STYLE('',(#3281));
#3281 = SURFACE_STYLE_FILL_AREA(#3282);
#3282 = FILL_AREA_STYLE('',(#3283));
#3283 = FILL_AREA_STYLE_COLOUR('',#3010);
#3284 = OVER_RIDING_STYLED_ITEM('overriding color',(#3285),#2333,#2992);
#3285 = PRESENTATION_STYLE_ASSIGNMENT((#3286));
#3286 = SURFACE_STYLE_USAGE(.BOTH.,#3287);
#3287 = SURFACE_SIDE_STYLE('',(#3288));
#3288 = SURFACE_STYLE_FILL_AREA(#3289);
#3289 = FILL_AREA_STYLE('',(#3290));
#3290 = FILL_AREA_STYLE_COLOUR('',#3010);
#3291 = OVER_RIDING_STYLED_ITEM('overriding color',(#3292),#2358,#2992);
#3292 = PRESENTATION_STYLE_ASSIGNMENT((#3293));
#3293 = SURFACE_STYLE_USAGE(.BOTH.,#3294);
#3294 = SURFACE_SIDE_STYLE('',(#3295));
#3295 = SURFACE_STYLE_FILL_AREA(#3296);
#3296 = FILL_AREA_STYLE('',(#3297));
#3297 = FILL_AREA_STYLE_COLOUR('',#3010);
#3298 = OVER_RIDING_STYLED_ITEM('overriding color',(#3299),#2383,#2992);
#3299 = PRESENTATION_STYLE_ASSIGNMENT((#3300));
#3300 = SURFACE_STYLE_USAGE(.BOTH.,#3301);
#3301 = SURFACE_SIDE_STYLE('',(#3302));
#3302 = SURFACE_STYLE_FILL_AREA(#3303);
#3303 = FILL_AREA_STYLE('',(#3304));
#3304 = FILL_AREA_STYLE_COLOUR('',#3010);
#3305 = OVER_RIDING_STYLED_ITEM('overriding color',(#3306),#2408,#2992);
#3306 = PRESENTATION_STYLE_ASSIGNMENT((#3307));
#3307 = SURFACE_STYLE_USAGE(.BOTH.,#3308);
#3308 = SURFACE_SIDE_STYLE('',(#3309));
#3309 = SURFACE_STYLE_FILL_AREA(#3310);
#3310 = FILL_AREA_STYLE('',(#3311));
#3311 = FILL_AREA_STYLE_COLOUR('',#3010);
#3312 = OVER_RIDING_STYLED_ITEM('overriding color',(#3313),#2577,#2992);
#3313 = PRESENTATION_STYLE_ASSIGNMENT((#3314));
#3314 = SURFACE_STYLE_USAGE(.BOTH.,#3315);
#3315 = SURFACE_SIDE_STYLE('',(#3316));
#3316 = SURFACE_STYLE_FILL_AREA(#3317);
#3317 = FILL_AREA_STYLE('',(#3318));
#3318 = FILL_AREA_STYLE_COLOUR('',#3010);
#3319 = OVER_RIDING_STYLED_ITEM('overriding color',(#3320),#2586,#2992);
#3320 = PRESENTATION_STYLE_ASSIGNMENT((#3321));
#3321 = SURFACE_STYLE_USAGE(.BOTH.,#3322);
#3322 = SURFACE_SIDE_STYLE('',(#3323));
#3323 = SURFACE_STYLE_FILL_AREA(#3324);
#3324 = FILL_AREA_STYLE('',(#3325));
#3325 = FILL_AREA_STYLE_COLOUR('',#3010);
#3326 = OVER_RIDING_STYLED_ITEM('overriding color',(#3327),#2595,#2992);
#3327 = PRESENTATION_STYLE_ASSIGNMENT((#3328));
#3328 = SURFACE_STYLE_USAGE(.BOTH.,#3329);
#3329 = SURFACE_SIDE_STYLE('',(#3330));
#3330 = SURFACE_STYLE_FILL_AREA(#3331);
#3331 = FILL_AREA_STYLE('',(#3332));
#3332 = FILL_AREA_STYLE_COLOUR('',#3010);
#3333 = OVER_RIDING_STYLED_ITEM('overriding color',(#3334),#2604,#2992);
#3334 = PRESENTATION_STYLE_ASSIGNMENT((#3335));
#3335 = SURFACE_STYLE_USAGE(.BOTH.,#3336);
#3336 = SURFACE_SIDE_STYLE('',(#3337));
#3337 = SURFACE_STYLE_FILL_AREA(#3338);
#3338 = FILL_AREA_STYLE('',(#3339));
#3339 = FILL_AREA_STYLE_COLOUR('',#3010);
#3340 = OVER_RIDING_STYLED_ITEM('overriding color',(#3341),#2613,#2992);
#3341 = PRESENTATION_STYLE_ASSIGNMENT((#3342));
#3342 = SURFACE_STYLE_USAGE(.BOTH.,#3343);
#3343 = SURFACE_SIDE_STYLE('',(#3344));
#3344 = SURFACE_STYLE_FILL_AREA(#3345);
#3345 = FILL_AREA_STYLE('',(#3346));
#3346 = FILL_AREA_STYLE_COLOUR('',#3010);
#3347 = OVER_RIDING_STYLED_ITEM('overriding color',(#3348),#2622,#2992);
#3348 = PRESENTATION_STYLE_ASSIGNMENT((#3349));
#3349 = SURFACE_STYLE_USAGE(.BOTH.,#3350);
#3350 = SURFACE_SIDE_STYLE('',(#3351));
#3351 = SURFACE_STYLE_FILL_AREA(#3352);
#3352 = FILL_AREA_STYLE('',(#3353));
#3353 = FILL_AREA_STYLE_COLOUR('',#3010);
#3354 = OVER_RIDING_STYLED_ITEM('overriding color',(#3355),#2631,#2992);
#3355 = PRESENTATION_STYLE_ASSIGNMENT((#3356));
#3356 = SURFACE_STYLE_USAGE(.BOTH.,#3357);
#3357 = SURFACE_SIDE_STYLE('',(#3358));
#3358 = SURFACE_STYLE_FILL_AREA(#3359);
#3359 = FILL_AREA_STYLE('',(#3360));
#3360 = FILL_AREA_STYLE_COLOUR('',#3010);
#3361 = OVER_RIDING_STYLED_ITEM('overriding color',(#3362),#2640,#2992);
#3362 = PRESENTATION_STYLE_ASSIGNMENT((#3363));
#3363 = SURFACE_STYLE_USAGE(.BOTH.,#3364);
#3364 = SURFACE_SIDE_STYLE('',(#3365));
#3365 = SURFACE_STYLE_FILL_AREA(#3366);
#3366 = FILL_AREA_STYLE('',(#3367));
#3367 = FILL_AREA_STYLE_COLOUR('',#3010);
#3368 = OVER_RIDING_STYLED_ITEM('overriding color',(#3369),#2649,#2992);
#3369 = PRESENTATION_STYLE_ASSIGNMENT((#3370));
#3370 = SURFACE_STYLE_USAGE(.BOTH.,#3371);
#3371 = SURFACE_SIDE_STYLE('',(#3372));
#3372 = SURFACE_STYLE_FILL_AREA(#3373);
#3373 = FILL_AREA_STYLE('',(#3374));
#3374 = FILL_AREA_STYLE_COLOUR('',#3010);
#3375 = OVER_RIDING_STYLED_ITEM('overriding color',(#3376),#2658,#2992);
#3376 = PRESENTATION_STYLE_ASSIGNMENT((#3377));
#3377 = SURFACE_STYLE_USAGE(.BOTH.,#3378);
#3378 = SURFACE_SIDE_STYLE('',(#3379));
#3379 = SURFACE_STYLE_FILL_AREA(#3380);
#3380 = FILL_AREA_STYLE('',(#3381));
#3381 = FILL_AREA_STYLE_COLOUR('',#3010);
#3382 = OVER_RIDING_STYLED_ITEM('overriding color',(#3383),#2667,#2992);
#3383 = PRESENTATION_STYLE_ASSIGNMENT((#3384));
#3384 = SURFACE_STYLE_USAGE(.BOTH.,#3385);
#3385 = SURFACE_SIDE_STYLE('',(#3386));
#3386 = SURFACE_STYLE_FILL_AREA(#3387);
#3387 = FILL_AREA_STYLE('',(#3388));
#3388 = FILL_AREA_STYLE_COLOUR('',#3010);
#3389 = OVER_RIDING_STYLED_ITEM('overriding color',(#3390),#2676,#2992);
#3390 = PRESENTATION_STYLE_ASSIGNMENT((#3391));
#3391 = SURFACE_STYLE_USAGE(.BOTH.,#3392);
#3392 = SURFACE_SIDE_STYLE('',(#3393));
#3393 = SURFACE_STYLE_FILL_AREA(#3394);
#3394 = FILL_AREA_STYLE('',(#3395));
#3395 = FILL_AREA_STYLE_COLOUR('',#3010);
#3396 = OVER_RIDING_STYLED_ITEM('overriding color',(#3397),#2685,#2992);
#3397 = PRESENTATION_STYLE_ASSIGNMENT((#3398));
#3398 = SURFACE_STYLE_USAGE(.BOTH.,#3399);
#3399 = SURFACE_SIDE_STYLE('',(#3400));
#3400 = SURFACE_STYLE_FILL_AREA(#3401);
#3401 = FILL_AREA_STYLE('',(#3402));
#3402 = FILL_AREA_STYLE_COLOUR('',#3010);
#3403 = OVER_RIDING_STYLED_ITEM('overriding color',(#3404),#2694,#2992);
#3404 = PRESENTATION_STYLE_ASSIGNMENT((#3405));
#3405 = SURFACE_STYLE_USAGE(.BOTH.,#3406);
#3406 = SURFACE_SIDE_STYLE('',(#3407));
#3407 = SURFACE_STYLE_FILL_AREA(#3408);
#3408 = FILL_AREA_STYLE('',(#3409));
#3409 = FILL_AREA_STYLE_COLOUR('',#3010);
#3410 = OVER_RIDING_STYLED_ITEM('overriding color',(#3411),#2703,#2992);
#3411 = PRESENTATION_STYLE_ASSIGNMENT((#3412));
#3412 = SURFACE_STYLE_USAGE(.BOTH.,#3413);
#3413 = SURFACE_SIDE_STYLE('',(#3414));
#3414 = SURFACE_STYLE_FILL_AREA(#3415);
#3415 = FILL_AREA_STYLE('',(#3416));
#3416 = FILL_AREA_STYLE_COLOUR('',#3010);
#3417 = OVER_RIDING_STYLED_ITEM('overriding color',(#3418),#2712,#2992);
#3418 = PRESENTATION_STYLE_ASSIGNMENT((#3419));
#3419 = SURFACE_STYLE_USAGE(.BOTH.,#3420);
#3420 = SURFACE_SIDE_STYLE('',(#3421));
#3421 = SURFACE_STYLE_FILL_AREA(#3422);
#3422 = FILL_AREA_STYLE('',(#3423));
#3423 = FILL_AREA_STYLE_COLOUR('',#3010);
#3424 = OVER_RIDING_STYLED_ITEM('overriding color',(#3425),#2721,#2992);
#3425 = PRESENTATION_STYLE_ASSIGNMENT((#3426));
#3426 = SURFACE_STYLE_USAGE(.BOTH.,#3427);
#3427 = SURFACE_SIDE_STYLE('',(#3428));
#3428 = SURFACE_STYLE_FILL_AREA(#3429);
#3429 = FILL_AREA_STYLE('',(#3430));
#3430 = FILL_AREA_STYLE_COLOUR('',#3010);
#3431 = OVER_RIDING_STYLED_ITEM('overriding color',(#3432),#2730,#2992);
#3432 = PRESENTATION_STYLE_ASSIGNMENT((#3433));
#3433 = SURFACE_STYLE_USAGE(.BOTH.,#3434);
#3434 = SURFACE_SIDE_STYLE('',(#3435));
#3435 = SURFACE_STYLE_FILL_AREA(#3436);
#3436 = FILL_AREA_STYLE('',(#3437));
#3437 = FILL_AREA_STYLE_COLOUR('',#3010);
#3438 = OVER_RIDING_STYLED_ITEM('overriding color',(#3439),#2739,#2992);
#3439 = PRESENTATION_STYLE_ASSIGNMENT((#3440));
#3440 = SURFACE_STYLE_USAGE(.BOTH.,#3441);
#3441 = SURFACE_SIDE_STYLE('',(#3442));
#3442 = SURFACE_STYLE_FILL_AREA(#3443);
#3443 = FILL_AREA_STYLE('',(#3444));
#3444 = FILL_AREA_STYLE_COLOUR('',#3010);
#3445 = OVER_RIDING_STYLED_ITEM('overriding color',(#3446),#2748,#2992);
#3446 = PRESENTATION_STYLE_ASSIGNMENT((#3447));
#3447 = SURFACE_STYLE_USAGE(.BOTH.,#3448);
#3448 = SURFACE_SIDE_STYLE('',(#3449));
#3449 = SURFACE_STYLE_FILL_AREA(#3450);
#3450 = FILL_AREA_STYLE('',(#3451));
#3451 = FILL_AREA_STYLE_COLOUR('',#3010);
#3452 = OVER_RIDING_STYLED_ITEM('overriding color',(#3453),#2757,#2992);
#3453 = PRESENTATION_STYLE_ASSIGNMENT((#3454));
#3454 = SURFACE_STYLE_USAGE(.BOTH.,#3455);
#3455 = SURFACE_SIDE_STYLE('',(#3456));
#3456 = SURFACE_STYLE_FILL_AREA(#3457);
#3457 = FILL_AREA_STYLE('',(#3458));
#3458 = FILL_AREA_STYLE_COLOUR('',#3010);
#3459 = OVER_RIDING_STYLED_ITEM('overriding color',(#3460),#2766,#2992);
#3460 = PRESENTATION_STYLE_ASSIGNMENT((#3461));
#3461 = SURFACE_STYLE_USAGE(.BOTH.,#3462);
#3462 = SURFACE_SIDE_STYLE('',(#3463));
#3463 = SURFACE_STYLE_FILL_AREA(#3464);
#3464 = FILL_AREA_STYLE('',(#3465));
#3465 = FILL_AREA_STYLE_COLOUR('',#3010);
#3466 = OVER_RIDING_STYLED_ITEM('overriding color',(#3467),#2775,#2992);
#3467 = PRESENTATION_STYLE_ASSIGNMENT((#3468));
#3468 = SURFACE_STYLE_USAGE(.BOTH.,#3469);
#3469 = SURFACE_SIDE_STYLE('',(#3470));
#3470 = SURFACE_STYLE_FILL_AREA(#3471);
#3471 = FILL_AREA_STYLE('',(#3472));
#3472 = FILL_AREA_STYLE_COLOUR('',#3010);
#3473 = OVER_RIDING_STYLED_ITEM('overriding color',(#3474),#2784,#2992);
#3474 = PRESENTATION_STYLE_ASSIGNMENT((#3475));
#3475 = SURFACE_STYLE_USAGE(.BOTH.,#3476);
#3476 = SURFACE_SIDE_STYLE('',(#3477));
#3477 = SURFACE_STYLE_FILL_AREA(#3478);
#3478 = FILL_AREA_STYLE('',(#3479));
#3479 = FILL_AREA_STYLE_COLOUR('',#3010);
#3480 = OVER_RIDING_STYLED_ITEM('overriding color',(#3481),#2793,#2992);
#3481 = PRESENTATION_STYLE_ASSIGNMENT((#3482));
#3482 = SURFACE_STYLE_USAGE(.BOTH.,#3483);
#3483 = SURFACE_SIDE_STYLE('',(#3484));
#3484 = SURFACE_STYLE_FILL_AREA(#3485);
#3485 = FILL_AREA_STYLE('',(#3486));
#3486 = FILL_AREA_STYLE_COLOUR('',#3010);
#3487 = OVER_RIDING_STYLED_ITEM('overriding color',(#3488),#2802,#2992);
#3488 = PRESENTATION_STYLE_ASSIGNMENT((#3489));
#3489 = SURFACE_STYLE_USAGE(.BOTH.,#3490);
#3490 = SURFACE_SIDE_STYLE('',(#3491));
#3491 = SURFACE_STYLE_FILL_AREA(#3492);
#3492 = FILL_AREA_STYLE('',(#3493));
#3493 = FILL_AREA_STYLE_COLOUR('',#3010);
#3494 = OVER_RIDING_STYLED_ITEM('overriding color',(#3495),#2811,#2992);
#3495 = PRESENTATION_STYLE_ASSIGNMENT((#3496));
#3496 = SURFACE_STYLE_USAGE(.BOTH.,#3497);
#3497 = SURFACE_SIDE_STYLE('',(#3498));
#3498 = SURFACE_STYLE_FILL_AREA(#3499);
#3499 = FILL_AREA_STYLE('',(#3500));
#3500 = FILL_AREA_STYLE_COLOUR('',#3010);
#3501 = OVER_RIDING_STYLED_ITEM('overriding color',(#3502),#2820,#2992);
#3502 = PRESENTATION_STYLE_ASSIGNMENT((#3503));
#3503 = SURFACE_STYLE_USAGE(.BOTH.,#3504);
#3504 = SURFACE_SIDE_STYLE('',(#3505));
#3505 = SURFACE_STYLE_FILL_AREA(#3506);
#3506 = FILL_AREA_STYLE('',(#3507));
#3507 = FILL_AREA_STYLE_COLOUR('',#3010);
#3508 = OVER_RIDING_STYLED_ITEM('overriding color',(#3509),#2829,#2992);
#3509 = PRESENTATION_STYLE_ASSIGNMENT((#3510));
#3510 = SURFACE_STYLE_USAGE(.BOTH.,#3511);
#3511 = SURFACE_SIDE_STYLE('',(#3512));
#3512 = SURFACE_STYLE_FILL_AREA(#3513);
#3513 = FILL_AREA_STYLE('',(#3514));
#3514 = FILL_AREA_STYLE_COLOUR('',#3010);
#3515 = OVER_RIDING_STYLED_ITEM('overriding color',(#3516),#2838,#2992);
#3516 = PRESENTATION_STYLE_ASSIGNMENT((#3517));
#3517 = SURFACE_STYLE_USAGE(.BOTH.,#3518);
#3518 = SURFACE_SIDE_STYLE('',(#3519));
#3519 = SURFACE_STYLE_FILL_AREA(#3520);
#3520 = FILL_AREA_STYLE('',(#3521));
#3521 = FILL_AREA_STYLE_COLOUR('',#3010);
#3522 = OVER_RIDING_STYLED_ITEM('overriding color',(#3523),#2847,#2992);
#3523 = PRESENTATION_STYLE_ASSIGNMENT((#3524));
#3524 = SURFACE_STYLE_USAGE(.BOTH.,#3525);
#3525 = SURFACE_SIDE_STYLE('',(#3526));
#3526 = SURFACE_STYLE_FILL_AREA(#3527);
#3527 = FILL_AREA_STYLE('',(#3528));
#3528 = FILL_AREA_STYLE_COLOUR('',#3010);
#3529 = OVER_RIDING_STYLED_ITEM('overriding color',(#3530),#2856,#2992);
#3530 = PRESENTATION_STYLE_ASSIGNMENT((#3531));
#3531 = SURFACE_STYLE_USAGE(.BOTH.,#3532);
#3532 = SURFACE_SIDE_STYLE('',(#3533));
#3533 = SURFACE_STYLE_FILL_AREA(#3534);
#3534 = FILL_AREA_STYLE('',(#3535));
#3535 = FILL_AREA_STYLE_COLOUR('',#3010);
#3536 = OVER_RIDING_STYLED_ITEM('overriding color',(#3537),#2865,#2992);
#3537 = PRESENTATION_STYLE_ASSIGNMENT((#3538));
#3538 = SURFACE_STYLE_USAGE(.BOTH.,#3539);
#3539 = SURFACE_SIDE_STYLE('',(#3540));
#3540 = SURFACE_STYLE_FILL_AREA(#3541);
#3541 = FILL_AREA_STYLE('',(#3542));
#3542 = FILL_AREA_STYLE_COLOUR('',#3010);
#3543 = OVER_RIDING_STYLED_ITEM('overriding color',(#3544),#2874,#2992);
#3544 = PRESENTATION_STYLE_ASSIGNMENT((#3545));
#3545 = SURFACE_STYLE_USAGE(.BOTH.,#3546);
#3546 = SURFACE_SIDE_STYLE('',(#3547));
#3547 = SURFACE_STYLE_FILL_AREA(#3548);
#3548 = FILL_AREA_STYLE('',(#3549));
#3549 = FILL_AREA_STYLE_COLOUR('',#3010);
#3550 = OVER_RIDING_STYLED_ITEM('overriding color',(#3551),#2883,#2992);
#3551 = PRESENTATION_STYLE_ASSIGNMENT((#3552));
#3552 = SURFACE_STYLE_USAGE(.BOTH.,#3553);
#3553 = SURFACE_SIDE_STYLE('',(#3554));
#3554 = SURFACE_STYLE_FILL_AREA(#3555);
#3555 = FILL_AREA_STYLE('',(#3556));
#3556 = FILL_AREA_STYLE_COLOUR('',#3010);
#3557 = OVER_RIDING_STYLED_ITEM('overriding color',(#3558),#2892,#2992);
#3558 = PRESENTATION_STYLE_ASSIGNMENT((#3559));
#3559 = SURFACE_STYLE_USAGE(.BOTH.,#3560);
#3560 = SURFACE_SIDE_STYLE('',(#3561));
#3561 = SURFACE_STYLE_FILL_AREA(#3562);
#3562 = FILL_AREA_STYLE('',(#3563));
#3563 = FILL_AREA_STYLE_COLOUR('',#3010);
#3564 = OVER_RIDING_STYLED_ITEM('overriding color',(#3565),#2901,#2992);
#3565 = PRESENTATION_STYLE_ASSIGNMENT((#3566));
#3566 = SURFACE_STYLE_USAGE(.BOTH.,#3567);
#3567 = SURFACE_SIDE_STYLE('',(#3568));
#3568 = SURFACE_STYLE_FILL_AREA(#3569);
#3569 = FILL_AREA_STYLE('',(#3570));
#3570 = FILL_AREA_STYLE_COLOUR('',#3010);
#3571 = OVER_RIDING_STYLED_ITEM('overriding color',(#3572),#2910,#2992);
#3572 = PRESENTATION_STYLE_ASSIGNMENT((#3573));
#3573 = SURFACE_STYLE_USAGE(.BOTH.,#3574);
#3574 = SURFACE_SIDE_STYLE('',(#3575));
#3575 = SURFACE_STYLE_FILL_AREA(#3576);
#3576 = FILL_AREA_STYLE('',(#3577));
#3577 = FILL_AREA_STYLE_COLOUR('',#3010);
#3578 = OVER_RIDING_STYLED_ITEM('overriding color',(#3579),#2919,#2992);
#3579 = PRESENTATION_STYLE_ASSIGNMENT((#3580));
#3580 = SURFACE_STYLE_USAGE(.BOTH.,#3581);
#3581 = SURFACE_SIDE_STYLE('',(#3582));
#3582 = SURFACE_STYLE_FILL_AREA(#3583);
#3583 = FILL_AREA_STYLE('',(#3584));
#3584 = FILL_AREA_STYLE_COLOUR('',#3010);
#3585 = OVER_RIDING_STYLED_ITEM('overriding color',(#3586),#2928,#2992);
#3586 = PRESENTATION_STYLE_ASSIGNMENT((#3587));
#3587 = SURFACE_STYLE_USAGE(.BOTH.,#3588);
#3588 = SURFACE_SIDE_STYLE('',(#3589));
#3589 = SURFACE_STYLE_FILL_AREA(#3590);
#3590 = FILL_AREA_STYLE('',(#3591));
#3591 = FILL_AREA_STYLE_COLOUR('',#3010);
#3592 = OVER_RIDING_STYLED_ITEM('overriding color',(#3593),#2937,#2992);
#3593 = PRESENTATION_STYLE_ASSIGNMENT((#3594));
#3594 = SURFACE_STYLE_USAGE(.BOTH.,#3595);
#3595 = SURFACE_SIDE_STYLE('',(#3596));
#3596 = SURFACE_STYLE_FILL_AREA(#3597);
#3597 = FILL_AREA_STYLE('',(#3598));
#3598 = FILL_AREA_STYLE_COLOUR('',#3010);
#3599 = OVER_RIDING_STYLED_ITEM('overriding color',(#3600),#2946,#2992);
#3600 = PRESENTATION_STYLE_ASSIGNMENT((#3601));
#3601 = SURFACE_STYLE_USAGE(.BOTH.,#3602);
#3602 = SURFACE_SIDE_STYLE('',(#3603));
#3603 = SURFACE_STYLE_FILL_AREA(#3604);
#3604 = FILL_AREA_STYLE('',(#3605));
#3605 = FILL_AREA_STYLE_COLOUR('',#3010);
#3606 = OVER_RIDING_STYLED_ITEM('overriding color',(#3607),#2955,#2992);
#3607 = PRESENTATION_STYLE_ASSIGNMENT((#3608));
#3608 = SURFACE_STYLE_USAGE(.BOTH.,#3609);
#3609 = SURFACE_SIDE_STYLE('',(#3610));
#3610 = SURFACE_STYLE_FILL_AREA(#3611);
#3611 = FILL_AREA_STYLE('',(#3612));
#3612 = FILL_AREA_STYLE_COLOUR('',#3010);
#3613 = OVER_RIDING_STYLED_ITEM('overriding color',(#3614),#2964,#2992);
#3614 = PRESENTATION_STYLE_ASSIGNMENT((#3615));
#3615 = SURFACE_STYLE_USAGE(.BOTH.,#3616);
#3616 = SURFACE_SIDE_STYLE('',(#3617));
#3617 = SURFACE_STYLE_FILL_AREA(#3618);
#3618 = FILL_AREA_STYLE('',(#3619));
#3619 = FILL_AREA_STYLE_COLOUR('',#3010);
ENDSEC;
END-ISO-10303-21;
